{
"type": "FeatureCollection",
"name": "london_borough_boundaries",
"crs": { "type": "name", "properties": { "name": "urn:ogc:def:crs:OGC:1.3:CRS84" } },
"features": [
{ "type": "Feature", "properties": { "NAME": "Kingston upon Thames", "GSS_CODE": "E09000021" }, "geometry": { "type": "Polygon", "coordinates": [ [ [ -0.330679021365537, 51.329011004920247 ], [ -0.329633553040749, 51.329657052869713 ], [ -0.32911628197583, 51.330263866593718 ], [ -0.329718669884814, 51.332766094889678 ], [ -0.328900402701465, 51.33817603353328 ], [ -0.328979228188962, 51.340232854509409 ], [ -0.327906764692503, 51.343743526876985 ], [ -0.327480770623163, 51.344007221490216 ], [ -0.328177349998191, 51.344041445180423 ], [ -0.330533821299541, 51.348421146363549 ], [ -0.328046475737936, 51.352135557523226 ], [ -0.32647994453218, 51.353034923276915 ], [ -0.324453895261429, 51.353891726580677 ], [ -0.323752687532719, 51.35441315378764 ], [ -0.321952973655766, 51.35661933447922 ], [ -0.320259404143989, 51.359099483216852 ], [ -0.32016513674939, 51.359595418364052 ], [ -0.319956965071167, 51.359632000345819 ], [ -0.319060204143317, 51.362313297823391 ], [ -0.318285367412544, 51.363506276969012 ], [ -0.318523330717181, 51.366186766388381 ], [ -0.317905671526831, 51.369909795032164 ], [ -0.318029423425022, 51.370296451323654 ], [ -0.317505450705003, 51.371970528189152 ], [ -0.316949158909719, 51.372918442520032 ], [ -0.315991741011995, 51.373755377127772 ], [ -0.314341466408386, 51.374638990771224 ], [ -0.312155171872528, 51.374819739628293 ], [ -0.308695082826849, 51.375449678210934 ], [ -0.307993630973955, 51.376665230662063 ], [ -0.307892154852175, 51.378365149039794 ], [ -0.3073885019403, 51.378384851952603 ], [ -0.307520635654779, 51.379009941863451 ], [ -0.30851749141675, 51.380501806466455 ], [ -0.309276738491521, 51.380448917676354 ], [ -0.309330927778124, 51.381864221152377 ], [ -0.309498363854419, 51.381844155681726 ], [ -0.309558078828315, 51.38244661590177 ], [ -0.310347175674494, 51.383652202066656 ], [ -0.310630981655616, 51.384765069790987 ], [ -0.311787662407448, 51.385786202719217 ], [ -0.310868910216218, 51.386187516480561 ], [ -0.311499998049944, 51.386846769718765 ], [ -0.311363961385047, 51.386911353866573 ], [ -0.311822993223339, 51.387208425717454 ], [ -0.311740028779702, 51.387432042849966 ], [ -0.313188957123625, 51.388833257483221 ], [ -0.31598104632909, 51.387633352108161 ], [ -0.316617276695169, 51.388585806236577 ], [ -0.316816040469306, 51.388574273501298 ], [ -0.316545483576531, 51.388936381212147 ], [ -0.314134077059951, 51.390218213772428 ], [ -0.315732496167972, 51.391975850056852 ], [ -0.317720101463253, 51.39366801055143 ], [ -0.312522559572626, 51.397453753610044 ], [ -0.311890000393821, 51.398509353024615 ], [ -0.309653720977647, 51.400014832322093 ], [ -0.309075748586343, 51.401029838573471 ], [ -0.30869459271188, 51.403490076115119 ], [ -0.308990806120497, 51.405632761352265 ], [ -0.309095564707903, 51.409302301980034 ], [ -0.308464871377581, 51.412521496558846 ], [ -0.308451726235734, 51.414630938775566 ], [ -0.30756139491973, 51.417166549086154 ], [ -0.306714759852122, 51.418750482187924 ], [ -0.306590208591946, 51.420174886433827 ], [ -0.306030400725708, 51.421234201597485 ], [ -0.306214254559855, 51.422057869689418 ], [ -0.306890793396361, 51.423288819305419 ], [ -0.30858092467316, 51.425156672823562 ], [ -0.310389008122507, 51.426365256422883 ], [ -0.314469205949572, 51.428259356713369 ], [ -0.312823007274582, 51.430344399844685 ], [ -0.310678319500631, 51.432210914804948 ], [ -0.310417807772758, 51.432019218241258 ], [ -0.310118251906801, 51.432183957913928 ], [ -0.309783087342698, 51.432144055092728 ], [ -0.308088855317907, 51.43108008749617 ], [ -0.308567265637846, 51.430785745085359 ], [ -0.306954967641982, 51.430153680690793 ], [ -0.306430008469384, 51.430150593451451 ], [ -0.306247942170659, 51.431183892086302 ], [ -0.305942127143203, 51.431362019372308 ], [ -0.302177281386372, 51.430664589177503 ], [ -0.301780280623394, 51.430391762567126 ], [ -0.301531694487611, 51.430539233963486 ], [ -0.302070012647899, 51.431152224458216 ], [ -0.301618071402755, 51.431429838426041 ], [ -0.298216609968804, 51.429200735315057 ], [ -0.297493800484482, 51.42856076740545 ], [ -0.295963117558695, 51.427751685065815 ], [ -0.29582787274154, 51.427829751702653 ], [ -0.295465070619239, 51.427644627280408 ], [ -0.295435787955538, 51.42703990830455 ], [ -0.294732159888206, 51.427007192688009 ], [ -0.294789881029729, 51.426461290908215 ], [ -0.293409954138058, 51.426512248232456 ], [ -0.293333977002164, 51.42855153105188 ], [ -0.29289479726672, 51.428601788239078 ], [ -0.293021764183377, 51.428939055973281 ], [ -0.290639085541706, 51.428990661197936 ], [ -0.286618828397026, 51.42017239916094 ], [ -0.280458898246645, 51.421856405725336 ], [ -0.270962238099373, 51.429542857463261 ], [ -0.264599735193974, 51.432917232977573 ], [ -0.256279324976689, 51.436373664580849 ], [ -0.256457119187995, 51.436503103265601 ], [ -0.256208253089862, 51.436653172886999 ], [ -0.255682954437682, 51.436619279132472 ], [ -0.254090535711754, 51.437290691540689 ], [ -0.253473541522196, 51.436567496820132 ], [ -0.253256809536474, 51.435459989720286 ], [ -0.252843773144658, 51.435086041291932 ], [ -0.251411652817179, 51.434347985118272 ], [ -0.251026253192583, 51.433439388880373 ], [ -0.251247173381646, 51.432288048445685 ], [ -0.252394381031221, 51.431253935099249 ], [ -0.253327830274473, 51.430844301829964 ], [ -0.254220583442298, 51.429577070113339 ], [ -0.253991529228419, 51.428793109526474 ], [ -0.253084385952847, 51.427118678332612 ], [ -0.252528017268251, 51.426506987998486 ], [ -0.252261045433114, 51.425737745360095 ], [ -0.252909256844323, 51.424054120292368 ], [ -0.252954411747324, 51.42320949766718 ], [ -0.251708136899474, 51.422812330106012 ], [ -0.251122974577185, 51.422316206204052 ], [ -0.250925221891631, 51.421882514027537 ], [ -0.250386897963062, 51.419783719932859 ], [ -0.249642361481414, 51.418528938179364 ], [ -0.249858451871368, 51.417013328716287 ], [ -0.249599676602871, 51.414902516428306 ], [ -0.247136938789021, 51.409582598277964 ], [ -0.247557069237148, 51.40904932933087 ], [ -0.247507612865712, 51.408500045221409 ], [ -0.247103900502756, 51.407889709162042 ], [ -0.245810757432849, 51.407564613898913 ], [ -0.245353676222653, 51.407072174202327 ], [ -0.245532845626332, 51.406636020754995 ], [ -0.244684722522627, 51.404227707518537 ], [ -0.244682987285087, 51.403409360040314 ], [ -0.245234259916768, 51.401702737626977 ], [ -0.246846450025226, 51.400484996883222 ], [ -0.246621983681344, 51.399211890894648 ], [ -0.246769407943872, 51.398514476347017 ], [ -0.24742478471959, 51.397578263602448 ], [ -0.244595174419945, 51.394662789239263 ], [ -0.243543841341926, 51.394339489786169 ], [ -0.242510012940764, 51.394234962538469 ], [ -0.241691686358786, 51.393871077193367 ], [ -0.240935209236448, 51.392719466761832 ], [ -0.240967935182964, 51.39216601610751 ], [ -0.240619807699207, 51.3920609721932 ], [ -0.240108256735038, 51.39119539960614 ], [ -0.239459461301887, 51.387951925619795 ], [ -0.238744585624412, 51.386095007105766 ], [ -0.241620212774083, 51.384524928504675 ], [ -0.242931485467437, 51.382933130062554 ], [ -0.244174724235204, 51.383492220573437 ], [ -0.245054253508215, 51.380035162763846 ], [ -0.245587699057269, 51.379989196092041 ], [ -0.246111696366587, 51.380190381392822 ], [ -0.247223092589182, 51.379986694589995 ], [ -0.247917321328482, 51.380170634573687 ], [ -0.249100762394507, 51.379923943700881 ], [ -0.251661749096235, 51.379049440014171 ], [ -0.253971417787405, 51.378772738714133 ], [ -0.258444328274057, 51.378970600386772 ], [ -0.26117221473222, 51.379601027502623 ], [ -0.26149172787493, 51.378525762246596 ], [ -0.261937077300732, 51.378187055087416 ], [ -0.262492551120334, 51.377254671789188 ], [ -0.263857315397409, 51.376426904042368 ], [ -0.264702393635934, 51.375623797954191 ], [ -0.268910213256334, 51.37362404967908 ], [ -0.272191058732577, 51.3724998489486 ], [ -0.273612474398628, 51.371532520103813 ], [ -0.274046252217849, 51.370656741069972 ], [ -0.27585616138544, 51.370015242832096 ], [ -0.27658386175368, 51.368809256372671 ], [ -0.277548960236338, 51.368434970572068 ], [ -0.279130928688651, 51.368121896202453 ], [ -0.280164375205836, 51.367647876258786 ], [ -0.281197587243401, 51.366987697899901 ], [ -0.282185512967894, 51.366001315931818 ], [ -0.283934582856607, 51.365249991911597 ], [ -0.285461574925915, 51.364250794589019 ], [ -0.287223295296431, 51.362541000477009 ], [ -0.288154308058088, 51.362265947091082 ], [ -0.288301937396053, 51.36208195824247 ], [ -0.287595641078236, 51.361800960561794 ], [ -0.285101024000701, 51.36121232722401 ], [ -0.286996666972859, 51.35937500370391 ], [ -0.288996346690325, 51.3587117993467 ], [ -0.289881779779388, 51.357614146745462 ], [ -0.291108776143903, 51.356561037799963 ], [ -0.291223969778537, 51.355202143418751 ], [ -0.291724976638576, 51.354436089898357 ], [ -0.292684656935351, 51.353616469816458 ], [ -0.292930407367477, 51.352375480240561 ], [ -0.29451922497336, 51.351434619407996 ], [ -0.296476584781394, 51.349964039634074 ], [ -0.299199480411932, 51.348369656523971 ], [ -0.300100616581022, 51.347495170802482 ], [ -0.301337935560315, 51.345294653964373 ], [ -0.303903163157705, 51.343252744000637 ], [ -0.305437930175541, 51.339480093044699 ], [ -0.30529635639978, 51.338219084702722 ], [ -0.304883241970217, 51.337547656398307 ], [ -0.304949953810761, 51.33675098043858 ], [ -0.305888056249568, 51.335253799755314 ], [ -0.307635930319706, 51.334609120536385 ], [ -0.309644345601698, 51.333085104869816 ], [ -0.31095320701931, 51.332390875624384 ], [ -0.312603784136918, 51.331928168253668 ], [ -0.313716395801223, 51.331416327929979 ], [ -0.316765148490704, 51.329147292149017 ], [ -0.319307257583345, 51.327811531740828 ], [ -0.321774339620098, 51.327426055723045 ], [ -0.324259968915643, 51.32664871721682 ], [ -0.326003891566099, 51.326569341937855 ], [ -0.327322994055755, 51.326686207156321 ], [ -0.327597555667822, 51.326319634225435 ], [ -0.32831426775689, 51.326463855357346 ], [ -0.330138981854749, 51.327518634715858 ], [ -0.330679021365537, 51.329011004920247 ] ] ] } },
{ "type": "Feature", "properties": { "NAME": "Croydon", "GSS_CODE": "E09000008" }, "geometry": { "type": "Polygon", "coordinates": [ [ [ -0.064021198002716, 51.318637653932036 ], [ -0.070055113947012, 51.318893730505579 ], [ -0.0710433266874, 51.32123376615337 ], [ -0.075146795956611, 51.320198764636906 ], [ -0.078950632577887, 51.319770218482134 ], [ -0.078857202664868, 51.318090620865561 ], [ -0.080220209865172, 51.317823404681043 ], [ -0.081569947362638, 51.316704332951097 ], [ -0.082118184898794, 51.317012775090198 ], [ -0.083582789054493, 51.316682435459938 ], [ -0.083618205183315, 51.316383553398488 ], [ -0.084222458099584, 51.316243260226145 ], [ -0.084829305454532, 51.315868293203941 ], [ -0.083494157140669, 51.314711552046205 ], [ -0.081920090229889, 51.312610229683813 ], [ -0.081748902837277, 51.311863716669698 ], [ -0.081958847725968, 51.310648624356674 ], [ -0.086604676612985, 51.308860414886837 ], [ -0.088852289354437, 51.307219955009799 ], [ -0.088667141338791, 51.305218721360518 ], [ -0.089174241795458, 51.30451206625235 ], [ -0.089604158419206, 51.304350915131458 ], [ -0.089733054388106, 51.303976217570451 ], [ -0.090743926592737, 51.303954935366946 ], [ -0.091199063948533, 51.30339310848872 ], [ -0.090903817790154, 51.303178761453893 ], [ -0.091195477341081, 51.301473975073613 ], [ -0.094414371425897, 51.300614531912984 ], [ -0.094807283638291, 51.300687473074888 ], [ -0.095307252885316, 51.301327804825661 ], [ -0.09574670357963, 51.301489629761868 ], [ -0.09605818715358, 51.301519875194494 ], [ -0.097404750677338, 51.301115502936035 ], [ -0.097272198498479, 51.300296798256703 ], [ -0.096950098381828, 51.300107210004029 ], [ -0.095803265860913, 51.299602950255988 ], [ -0.094440469380337, 51.299464770742262 ], [ -0.094351755749167, 51.2993554126354 ], [ -0.100572634954038, 51.296449288745123 ], [ -0.102664964631262, 51.296008391619985 ], [ -0.111079718152509, 51.292254148426814 ], [ -0.114850170490916, 51.292435423400697 ], [ -0.114621743148815, 51.29153425956958 ], [ -0.115143764833574, 51.291465326397201 ], [ -0.115561130314963, 51.29111502907984 ], [ -0.115447169425022, 51.291025964187156 ], [ -0.116895811855726, 51.289551965384874 ], [ -0.117124298313172, 51.288489089084365 ], [ -0.117802239545302, 51.287096207278516 ], [ -0.12431962725381, 51.28676015652843 ], [ -0.126083340046811, 51.288386426932746 ], [ -0.126304967993988, 51.289530265272411 ], [ -0.130557868094394, 51.293118942067331 ], [ -0.131485690905996, 51.294712892271505 ], [ -0.131136306201638, 51.295475302622826 ], [ -0.132150978633378, 51.296132682172079 ], [ -0.134458183121967, 51.298379899831232 ], [ -0.136354695260192, 51.298269814087178 ], [ -0.136670250478578, 51.299793721462315 ], [ -0.137340292247633, 51.300782799782368 ], [ -0.140881598465971, 51.299554010839508 ], [ -0.142859709892717, 51.299981985229955 ], [ -0.143585556937349, 51.301262379433929 ], [ -0.144449468579447, 51.300543160511765 ], [ -0.144878655589654, 51.30071452942385 ], [ -0.145651643867859, 51.299830192237259 ], [ -0.148478244319232, 51.300705857816837 ], [ -0.149522714441965, 51.300702585253646 ], [ -0.149841071373885, 51.300205818453996 ], [ -0.153386847420574, 51.301679955436278 ], [ -0.155343984330938, 51.301276453555118 ], [ -0.156710190224701, 51.30359112811766 ], [ -0.156989326440725, 51.303642284480055 ], [ -0.157761188672527, 51.304429608345259 ], [ -0.157728759671917, 51.304594565211019 ], [ -0.155049534921521, 51.305793384407195 ], [ -0.154535370895218, 51.306450747528764 ], [ -0.156441940741797, 51.306454701514213 ], [ -0.157189197602497, 51.306711067573183 ], [ -0.156191723599801, 51.30765039787353 ], [ -0.154341397375293, 51.310319978983557 ], [ -0.156254202405858, 51.310422953866386 ], [ -0.157664355444381, 51.310931657459456 ], [ -0.15835658581054, 51.310987510268838 ], [ -0.157195595854961, 51.313391896466314 ], [ -0.157905364819275, 51.314515468678621 ], [ -0.159339989805907, 51.315957984317706 ], [ -0.159606840137055, 51.317106956473843 ], [ -0.160507290824012, 51.316874702858968 ], [ -0.161203109581552, 51.317525015715972 ], [ -0.16111721992377, 51.317734996756954 ], [ -0.161905469188723, 51.319627756323975 ], [ -0.15646605834806, 51.321389365364844 ], [ -0.156568836391734, 51.321510586897958 ], [ -0.155805469040793, 51.321721588343976 ], [ -0.155927496990205, 51.321863796915672 ], [ -0.155648257064062, 51.321955621942749 ], [ -0.155545047877774, 51.321845184116491 ], [ -0.152731260630783, 51.323008560421385 ], [ -0.152089330555624, 51.322268221031315 ], [ -0.151508542346712, 51.322399342092012 ], [ -0.15059482077904, 51.322172686839998 ], [ -0.149037240409346, 51.322788363348053 ], [ -0.147956379778279, 51.322684944314126 ], [ -0.14558550247213, 51.323500838785833 ], [ -0.14427261253023, 51.325909886542533 ], [ -0.144472920865855, 51.325925650285171 ], [ -0.144454806521558, 51.326481115898538 ], [ -0.149330519438168, 51.328765986949975 ], [ -0.144067512046044, 51.33067010049745 ], [ -0.145172055368633, 51.331542809777382 ], [ -0.145617105134847, 51.332431147020515 ], [ -0.145944914512603, 51.334091002823719 ], [ -0.147547430660934, 51.338781795650114 ], [ -0.144526599206206, 51.339494764607082 ], [ -0.14426349326071, 51.339859298643965 ], [ -0.144324131213942, 51.34020647994496 ], [ -0.14346408218064, 51.340562452246218 ], [ -0.144595444683769, 51.342092059410859 ], [ -0.143000685984466, 51.342791600791834 ], [ -0.142098676481269, 51.34301200688121 ], [ -0.142252956913461, 51.343173625507987 ], [ -0.141556877719026, 51.343414379731122 ], [ -0.136731049911509, 51.344756764832937 ], [ -0.136350500927586, 51.344792976385186 ], [ -0.136272831248085, 51.34440685108251 ], [ -0.134126489751137, 51.344504872542238 ], [ -0.132513712554525, 51.344299314639841 ], [ -0.1328925146476, 51.345436641324731 ], [ -0.131126303706538, 51.345472322066627 ], [ -0.131431295444967, 51.346023047843474 ], [ -0.129856370258942, 51.346262299296683 ], [ -0.12899303667233, 51.346587538437873 ], [ -0.129152195799948, 51.346840079137998 ], [ -0.12873560884147, 51.34709061715548 ], [ -0.128868922396213, 51.347272601868362 ], [ -0.128371952400959, 51.347451711038204 ], [ -0.128287336231917, 51.347343345208877 ], [ -0.127556545261948, 51.347445873037735 ], [ -0.127347349327566, 51.347188033812493 ], [ -0.126781434272786, 51.345465865331938 ], [ -0.127148372185142, 51.345165080220454 ], [ -0.126856503526398, 51.344857357134856 ], [ -0.125924820168319, 51.345239034237792 ], [ -0.119244708465992, 51.345594188717186 ], [ -0.118930812914946, 51.345510011703944 ], [ -0.118663496617536, 51.345796184570098 ], [ -0.118410350362543, 51.345631147769389 ], [ -0.116919089563099, 51.345754663524843 ], [ -0.116991238448562, 51.346656898393427 ], [ -0.117365155646645, 51.346643124926175 ], [ -0.119115096265805, 51.353143325667958 ], [ -0.120177570241017, 51.353045274128945 ], [ -0.121429259469606, 51.357730791641373 ], [ -0.12419637473138, 51.357430713120436 ], [ -0.124573721309551, 51.35835491378085 ], [ -0.124715147603219, 51.358866166911753 ], [ -0.12345672134336, 51.359151767440451 ], [ -0.123338445240882, 51.358917859992012 ], [ -0.121860198739761, 51.359064131200206 ], [ -0.122928396650939, 51.359918476859946 ], [ -0.121839708045512, 51.359986457804425 ], [ -0.12205331269994, 51.360979982884189 ], [ -0.121380445611539, 51.361065416370955 ], [ -0.121581238478889, 51.362126182241177 ], [ -0.121112464915518, 51.362524236909643 ], [ -0.121276394091088, 51.363116789559832 ], [ -0.120928004356887, 51.363310840451518 ], [ -0.121302182498761, 51.364733197557179 ], [ -0.122370730868229, 51.364528208665767 ], [ -0.123064453792825, 51.365058206243283 ], [ -0.124064170631251, 51.365272059551785 ], [ -0.124107987107599, 51.36539506231999 ], [ -0.122094245736116, 51.365808838228794 ], [ -0.122098797227707, 51.366259447005191 ], [ -0.123359923775684, 51.370551201174031 ], [ -0.123305958190042, 51.37109799351812 ], [ -0.12477346485477, 51.372947014697083 ], [ -0.124530662140802, 51.372981796725767 ], [ -0.124744271442981, 51.373661468476463 ], [ -0.127849373863367, 51.374749787787856 ], [ -0.12667327720949, 51.374909043652238 ], [ -0.126865408275688, 51.375482253655306 ], [ -0.125833062589889, 51.37560423148679 ], [ -0.126959248054681, 51.377337151692309 ], [ -0.128078955532068, 51.380498897451773 ], [ -0.130302259062262, 51.382221429184654 ], [ -0.128657151971096, 51.382494621894928 ], [ -0.129534881106006, 51.385287381344661 ], [ -0.128761184263531, 51.385651821324693 ], [ -0.130663546516671, 51.386263116032715 ], [ -0.129493430145617, 51.38718507743264 ], [ -0.133260520246091, 51.389549082273845 ], [ -0.132634711335946, 51.390128131261747 ], [ -0.134402769316404, 51.390866717580678 ], [ -0.133798524550891, 51.391268960181939 ], [ -0.128756515283093, 51.393481682650226 ], [ -0.129689682979971, 51.393651255591479 ], [ -0.127910403103576, 51.394736136014622 ], [ -0.124151407313842, 51.397617526618113 ], [ -0.124545245275191, 51.397829763218247 ], [ -0.124420046597215, 51.397938369337346 ], [ -0.124636439989783, 51.398095607678933 ], [ -0.125724553118162, 51.398309956949738 ], [ -0.125378979011848, 51.398956398412608 ], [ -0.126142214577304, 51.399839097560637 ], [ -0.127989846587675, 51.401698638627828 ], [ -0.130481107281506, 51.403256373578344 ], [ -0.13127942698298, 51.404093734791552 ], [ -0.131442785222818, 51.405200639232362 ], [ -0.13231849353823, 51.406927701915137 ], [ -0.132481095970397, 51.408406888335392 ], [ -0.131955657896744, 51.408456966039239 ], [ -0.132089066247227, 51.409170412006951 ], [ -0.131316492391586, 51.409215648190042 ], [ -0.131285939910166, 51.40950652320285 ], [ -0.129478539572639, 51.409574808964777 ], [ -0.129478739268415, 51.409851786147158 ], [ -0.128480874325269, 51.411012094685461 ], [ -0.12819360004406, 51.410933766766128 ], [ -0.12753475042526, 51.412312607771682 ], [ -0.127751714248566, 51.412316973442358 ], [ -0.126259832680365, 51.412930709431571 ], [ -0.125785998341622, 51.412631770265229 ], [ -0.124936474895869, 51.413290832191755 ], [ -0.124467501814604, 51.413365160976646 ], [ -0.124458670280461, 51.414002599401336 ], [ -0.124074295731097, 51.414609746841386 ], [ -0.123405617956183, 51.414714147441678 ], [ -0.122993315520957, 51.415054661384922 ], [ -0.122480944922794, 51.415029367955647 ], [ -0.122481359226681, 51.415300053737361 ], [ -0.12077166173107, 51.417047802623124 ], [ -0.119846627907219, 51.418807218269315 ], [ -0.117782794958262, 51.41982173593383 ], [ -0.115715068330214, 51.420578964852652 ], [ -0.114854233380013, 51.421226082221054 ], [ -0.11382271166543, 51.422454969573046 ], [ -0.112685545409488, 51.423244204113594 ], [ -0.10937366946201, 51.423157552589132 ], [ -0.106054894928031, 51.422576998234298 ], [ -0.0981081011012, 51.422574206529909 ], [ -0.093918910714744, 51.42279841258285 ], [ -0.092307750020935, 51.42235403839269 ], [ -0.091394790723932, 51.421723175092517 ], [ -0.089584120163811, 51.420959870252794 ], [ -0.088190342570304, 51.419927262658966 ], [ -0.086425645928115, 51.419305843372079 ], [ -0.085538960472311, 51.419288664423249 ], [ -0.082345960079432, 51.419771527270029 ], [ -0.080092059750751, 51.419671676608552 ], [ -0.078456078730254, 51.419790546357078 ], [ -0.079542405649011, 51.418956743420871 ], [ -0.081089950611869, 51.417308549893306 ], [ -0.080762955548061, 51.416016338678794 ], [ -0.080475473613615, 51.41556649114704 ], [ -0.078102993938402, 51.41493858483031 ], [ -0.076878650491548, 51.414402317751211 ], [ -0.076527734677904, 51.414437025864878 ], [ -0.075032435708169, 51.41364179773138 ], [ -0.075176211778548, 51.413539843768824 ], [ -0.073657146440641, 51.412866508311843 ], [ -0.072757012210481, 51.412693436623449 ], [ -0.073490103220963, 51.411058922740864 ], [ -0.073292025070947, 51.409237337007781 ], [ -0.072319601047588, 51.407912902728171 ], [ -0.070635643866941, 51.406653185123908 ], [ -0.06977041684988, 51.405756749006329 ], [ -0.06897552540365, 51.404624956219358 ], [ -0.068942690884679, 51.404175677448649 ], [ -0.068242567052137, 51.403491480791381 ], [ -0.066407536101237, 51.402581724873308 ], [ -0.064499516992561, 51.402040336013243 ], [ -0.064639567343857, 51.401719809572676 ], [ -0.062186084729342, 51.401533578642066 ], [ -0.060178241266251, 51.399548029917987 ], [ -0.060714775933118, 51.399269142716875 ], [ -0.060585777240608, 51.399124022864939 ], [ -0.060324736367066, 51.399245600585331 ], [ -0.059412966339949, 51.399252985883301 ], [ -0.056854166832599, 51.400503739567831 ], [ -0.055260631293887, 51.400958415730045 ], [ -0.053233187502362, 51.401304244073415 ], [ -0.052990702014768, 51.401462084918784 ], [ -0.051494673334299, 51.399992979448584 ], [ -0.050654613803736, 51.399564440614277 ], [ -0.052130491121976, 51.398292227264356 ], [ -0.050859621228911, 51.397718038512515 ], [ -0.050347773732699, 51.397990097430259 ], [ -0.050824439992633, 51.397598748720121 ], [ -0.050978209406487, 51.39712648830924 ], [ -0.053427426895046, 51.395171706818822 ], [ -0.053279838202808, 51.395092816283459 ], [ -0.053509932264686, 51.394921279889324 ], [ -0.052619499441182, 51.394631305506415 ], [ -0.052451282252603, 51.39415818762523 ], [ -0.051725026821168, 51.393996833876265 ], [ -0.051718245990474, 51.393581254968325 ], [ -0.049694944839816, 51.39322835077423 ], [ -0.048445199642578, 51.393242613717923 ], [ -0.047763978785416, 51.39303702138951 ], [ -0.046823142004762, 51.39183969017293 ], [ -0.046235761957216, 51.391996263625536 ], [ -0.045712087304995, 51.391298682985131 ], [ -0.044709649368854, 51.390503183291337 ], [ -0.042772392997466, 51.389451955006422 ], [ -0.03652504714978, 51.388461636854707 ], [ -0.037898595553606, 51.383231951996216 ], [ -0.037687155399699, 51.381589921483517 ], [ -0.036929071215092, 51.37895401898264 ], [ -0.036352145595682, 51.379003703075298 ], [ -0.036951884139708, 51.37701015506093 ], [ -0.035724338446558, 51.376885262948051 ], [ -0.029828284586664, 51.37732762490009 ], [ -0.028978764866777, 51.377635278491098 ], [ -0.028272027022864, 51.378198027445059 ], [ -0.028011794347561, 51.378669367724704 ], [ -0.028041083662631, 51.379358710909969 ], [ -0.026821794259886, 51.379375052027328 ], [ -0.026052225124241, 51.377221795596 ], [ -0.025937542287005, 51.376480652780863 ], [ -0.026152918960617, 51.376451008298538 ], [ -0.023593510814292, 51.372219895253338 ], [ -0.023816330356509, 51.371316276962411 ], [ -0.02363767047107, 51.371227831015169 ], [ -0.023564136485934, 51.368865070699783 ], [ -0.023119703834559, 51.367008642972259 ], [ -0.024045612356044, 51.366991890461165 ], [ -0.024044692746318, 51.366779643843046 ], [ -0.024495734646037, 51.366780956096967 ], [ -0.024479892820919, 51.366414680214362 ], [ -0.023729780878274, 51.365685298028673 ], [ -0.023796015033951, 51.365414831489467 ], [ -0.023587150352803, 51.365294400720153 ], [ -0.022270398575588, 51.365880992876846 ], [ -0.021344572321587, 51.36509646979728 ], [ -0.020760656277133, 51.364279047353257 ], [ -0.019476753733345, 51.363371551122569 ], [ -0.018166052044005, 51.361422214106604 ], [ -0.018400293876724, 51.361353334819938 ], [ -0.017325848636657, 51.360587847052308 ], [ -0.015650267535365, 51.35887600997907 ], [ -0.013122604876162, 51.357208151043473 ], [ -0.012329341963145, 51.357084979619863 ], [ -0.012107585987551, 51.35729704527251 ], [ -0.011882715543199, 51.357282437301535 ], [ -0.008685415161826, 51.355826136246236 ], [ -0.005332111184389, 51.3526755282575 ], [ -0.004745490410932, 51.3509056288202 ], [ -0.00463277237799, 51.349566465976977 ], [ -0.002922216711334, 51.345574143476014 ], [ -0.002579517105784, 51.343878533744835 ], [ -0.000391754829967, 51.337828544569795 ], [ 0.000840806943568, 51.333591614560817 ], [ 0.002270020862466, 51.332489835737555 ], [ 0.003281848218739, 51.33215508156524 ], [ 0.00321291385926, 51.331627476829681 ], [ 0.002885541607979, 51.331263467087737 ], [ 0.002886961184748, 51.330340768727986 ], [ 0.002181759795231, 51.329771884680255 ], [ 0.002266122515477, 51.329138239612611 ], [ -0.000531453627911, 51.328777759878989 ], [ -0.000777573242938, 51.329356609616262 ], [ -0.001705192418683, 51.330306806484153 ], [ -0.004692064425304, 51.332133836194863 ], [ -0.007237498790001, 51.333386723827694 ], [ -0.007146629682974, 51.333694533633661 ], [ -0.008762807704815, 51.333900084106986 ], [ -0.010436388042949, 51.333808022933546 ], [ -0.011021481133473, 51.33355716716656 ], [ -0.010691450540169, 51.33308932625706 ], [ -0.010946198808517, 51.332908399420312 ], [ -0.011914495530798, 51.33289156758083 ], [ -0.013348344387787, 51.331536388570008 ], [ -0.013631594601458, 51.33152590535488 ], [ -0.013773590601766, 51.330698268670375 ], [ -0.014231125051672, 51.330308541403504 ], [ -0.014356261207614, 51.329804362665151 ], [ -0.015967633400618, 51.332014250759336 ], [ -0.017057567407519, 51.332904122764305 ], [ -0.017809989067175, 51.332933047669229 ], [ -0.018312173865496, 51.334104327844784 ], [ -0.018800633191561, 51.334528963166903 ], [ -0.01947327217754, 51.335810136651375 ], [ -0.020529079667749, 51.336595979516176 ], [ -0.020584409919482, 51.337144581602935 ], [ -0.021229969296797, 51.337689668183145 ], [ -0.022083791397563, 51.338099778059743 ], [ -0.025130045675692, 51.338608922658906 ], [ -0.025984958849486, 51.33856038524879 ], [ -0.030707354552265, 51.337515776934318 ], [ -0.032796738608385, 51.337438480064506 ], [ -0.033701254084831, 51.337605649266244 ], [ -0.034520703954083, 51.338083436482066 ], [ -0.037918344923005, 51.338705158993712 ], [ -0.039308404779138, 51.337790482747494 ], [ -0.039842098792153, 51.337227470065429 ], [ -0.041086049007187, 51.334956001862821 ], [ -0.041993331091209, 51.333811094208407 ], [ -0.042908910254153, 51.333650137920742 ], [ -0.044520915634793, 51.333721130228845 ], [ -0.046579572812101, 51.333483901711567 ], [ -0.04849967968613, 51.332790188994935 ], [ -0.050287565156608, 51.332640110452267 ], [ -0.050098564434031, 51.332053327175295 ], [ -0.051068334201392, 51.331594646708012 ], [ -0.051107249139875, 51.330846189049147 ], [ -0.05047090577349, 51.330010052931677 ], [ -0.049467765461744, 51.329395323928857 ], [ -0.04877587333284, 51.328719225205589 ], [ -0.04909636368592, 51.328608556678532 ], [ -0.048145160684003, 51.327447914720132 ], [ -0.047854831968272, 51.326510514796389 ], [ -0.047895616670475, 51.32524589766502 ], [ -0.048214100614902, 51.325181961115597 ], [ -0.049264757799354, 51.325384720705699 ], [ -0.049792182466013, 51.325267605110973 ], [ -0.051293522411804, 51.323439167469779 ], [ -0.051334063969922, 51.322448827685861 ], [ -0.052508001023571, 51.322382924509178 ], [ -0.054909350771891, 51.321258259128747 ], [ -0.055741004708492, 51.321344013034356 ], [ -0.056278548887865, 51.321664989176668 ], [ -0.057040187311615, 51.321370072649003 ], [ -0.058419429583946, 51.320383949274309 ], [ -0.05976938255993, 51.320056501632216 ], [ -0.060684634930412, 51.320065367670495 ], [ -0.062105973187023, 51.319201302158916 ], [ -0.064021198002716, 51.318637653932036 ] ] ] } },
{ "type": "Feature", "properties": { "NAME": "Bromley", "GSS_CODE": "E09000006" }, "geometry": { "type": "Polygon", "coordinates": [ [ [ 0.012130980098079, 51.299599053633706 ], [ 0.01109883242775, 51.301978343057932 ], [ 0.011071955456576, 51.302971628944256 ], [ 0.01026028146202, 51.305638493987765 ], [ 0.009453384654858, 51.306905964544178 ], [ 0.009012037876425, 51.308298454620591 ], [ 0.009083041572894, 51.30874148864055 ], [ 0.008363208908473, 51.310361779211284 ], [ 0.008398657859596, 51.310844992351846 ], [ 0.009065478832204, 51.311919902049453 ], [ 0.010320406180356, 51.316140340495295 ], [ 0.006552395689621, 51.315656400702949 ], [ 0.005517338639289, 51.318443960701707 ], [ 0.004841909354587, 51.322076085082379 ], [ 0.003725089309875, 51.324508005308672 ], [ 0.003155932978517, 51.326993496871815 ], [ 0.002223670083516, 51.329317025385556 ], [ 0.002181759795231, 51.329771884680255 ], [ 0.002886961184748, 51.330340768727986 ], [ 0.002885541607979, 51.331263467087737 ], [ 0.00321291385926, 51.331627476829681 ], [ 0.003281848218739, 51.33215508156524 ], [ 0.002270020862466, 51.332489835737555 ], [ 0.000840806943568, 51.333591614560817 ], [ -0.000391754829967, 51.337828544569795 ], [ -0.002579517105784, 51.343878533744835 ], [ -0.002922216711334, 51.345574143476014 ], [ -0.00463277237799, 51.349566465976977 ], [ -0.004745490410932, 51.3509056288202 ], [ -0.005384997517259, 51.352747472674693 ], [ -0.008685415161826, 51.355826136246236 ], [ -0.011882715543199, 51.357282437301535 ], [ -0.012107585987551, 51.35729704527251 ], [ -0.012329341963145, 51.357084979619863 ], [ -0.013122604876162, 51.357208151043473 ], [ -0.015650267535365, 51.35887600997907 ], [ -0.017325848636657, 51.360587847052308 ], [ -0.018400293876724, 51.361353334819938 ], [ -0.018166052044005, 51.361422214106604 ], [ -0.019476753733345, 51.363371551122569 ], [ -0.020760656277133, 51.364279047353257 ], [ -0.021344572321587, 51.36509646979728 ], [ -0.022270398575588, 51.365880992876846 ], [ -0.023587150352803, 51.365294400720153 ], [ -0.023796015033951, 51.365414831489467 ], [ -0.023729780878274, 51.365685298028673 ], [ -0.024479892820919, 51.366414680214362 ], [ -0.024495734646037, 51.366780956096967 ], [ -0.024044692746318, 51.366779643843046 ], [ -0.024045612356044, 51.366991890461165 ], [ -0.023119703834559, 51.367008642972259 ], [ -0.023564136485934, 51.368865070699783 ], [ -0.02363767047107, 51.371227831015169 ], [ -0.023816330356509, 51.371316276962411 ], [ -0.023593510814292, 51.372219895253338 ], [ -0.026152918960617, 51.376451008298538 ], [ -0.025937542287005, 51.376480652780863 ], [ -0.026052225124241, 51.377221795596 ], [ -0.026821794259886, 51.379375052027328 ], [ -0.028041083662631, 51.379358710909969 ], [ -0.028011794347561, 51.378669367724704 ], [ -0.028272027022864, 51.378198027445059 ], [ -0.028978764866777, 51.377635278491098 ], [ -0.029828284586664, 51.37732762490009 ], [ -0.035724338446558, 51.376885262948051 ], [ -0.036951884139708, 51.37701015506093 ], [ -0.036352145595682, 51.379003703075298 ], [ -0.036929071215092, 51.37895401898264 ], [ -0.037687155399699, 51.381589921483517 ], [ -0.037898595553606, 51.383231951996216 ], [ -0.03652504714978, 51.388461636854707 ], [ -0.042772392997466, 51.389451955006422 ], [ -0.044709649368854, 51.390503183291337 ], [ -0.045712087304995, 51.391298682985131 ], [ -0.046235761957216, 51.391996263625536 ], [ -0.046823142004762, 51.39183969017293 ], [ -0.047763978785416, 51.39303702138951 ], [ -0.048445199642578, 51.393242613717923 ], [ -0.049694944839816, 51.39322835077423 ], [ -0.051718245990474, 51.393581254968325 ], [ -0.051725026821168, 51.393996833876265 ], [ -0.052451282252603, 51.39415818762523 ], [ -0.052619499441182, 51.394631305506415 ], [ -0.053509932264686, 51.394921279889324 ], [ -0.053279838202808, 51.395092816283459 ], [ -0.053427426895046, 51.395171706818822 ], [ -0.050978209406487, 51.39712648830924 ], [ -0.050824439992633, 51.397598748720121 ], [ -0.050347773732699, 51.397990097430259 ], [ -0.050859621228911, 51.397718038512515 ], [ -0.052130491121976, 51.398292227264356 ], [ -0.050654613803736, 51.399564440614277 ], [ -0.051494673334299, 51.399992979448584 ], [ -0.052990702014768, 51.401462084918784 ], [ -0.053233187502362, 51.401304244073415 ], [ -0.055260631293887, 51.400958415730045 ], [ -0.056854166832599, 51.400503739567831 ], [ -0.059412966339949, 51.399252985883301 ], [ -0.060324736367066, 51.399245600585331 ], [ -0.060585777240608, 51.399124022864939 ], [ -0.060714775933118, 51.399269142716875 ], [ -0.060178241266251, 51.399548029917987 ], [ -0.062186084729342, 51.401533578642066 ], [ -0.064639567343857, 51.401719809572676 ], [ -0.064499516992561, 51.402040336013243 ], [ -0.066407536101237, 51.402581724873308 ], [ -0.068242567052137, 51.403491480791381 ], [ -0.068942690884679, 51.404175677448649 ], [ -0.06897552540365, 51.404624956219358 ], [ -0.06977041684988, 51.405756749006329 ], [ -0.070635643866941, 51.406653185123908 ], [ -0.072319601047588, 51.407912902728171 ], [ -0.073292025070947, 51.409237337007781 ], [ -0.073490103220963, 51.411058922740864 ], [ -0.072757012210481, 51.412693436623449 ], [ -0.073657146440641, 51.412866508311843 ], [ -0.075176211778548, 51.413539843768824 ], [ -0.075032435708169, 51.41364179773138 ], [ -0.076527734677904, 51.414437025864878 ], [ -0.076878650491548, 51.414402317751211 ], [ -0.078102993938402, 51.41493858483031 ], [ -0.080475473613615, 51.41556649114704 ], [ -0.081111976733996, 51.417194703158877 ], [ -0.079542405649011, 51.418956743420871 ], [ -0.078456078730254, 51.419790546357078 ], [ -0.078589454870405, 51.419868271850305 ], [ -0.078335913179481, 51.420563747374366 ], [ -0.074932697455827, 51.425737154576794 ], [ -0.07409497703517, 51.426126264913194 ], [ -0.072218957730954, 51.426303153913736 ], [ -0.070659595284021, 51.426201955802206 ], [ -0.068881851145762, 51.425616928128086 ], [ -0.06869034023074, 51.425996861906228 ], [ -0.067915095399395, 51.425926531075632 ], [ -0.068006988167995, 51.425828226817842 ], [ -0.066062533478364, 51.42507044547343 ], [ -0.065841625526512, 51.425328488024832 ], [ -0.064876621582281, 51.425221732189506 ], [ -0.064604288576992, 51.425062560607145 ], [ -0.064429104944626, 51.425327650506254 ], [ -0.062603457996284, 51.425197666477558 ], [ -0.061445309973232, 51.424794526680323 ], [ -0.061423141578158, 51.424468623523325 ], [ -0.05808062755553, 51.423272111030911 ], [ -0.058125102465782, 51.423173028690222 ], [ -0.05678874628346, 51.422971923477419 ], [ -0.055807741840297, 51.423074357750728 ], [ -0.055154731052322, 51.422938524210586 ], [ -0.054780343612391, 51.423727268146934 ], [ -0.051809046930675, 51.423581691650504 ], [ -0.051773766135642, 51.422517264749281 ], [ -0.047231198020622, 51.422859825679055 ], [ -0.046015409013411, 51.422800892811836 ], [ -0.046288522678328, 51.422366600253305 ], [ -0.043690825778116, 51.422905996714569 ], [ -0.043825445483788, 51.423155544214978 ], [ -0.04301510253262, 51.423403704594747 ], [ -0.042871704111621, 51.423225052230627 ], [ -0.041607703240725, 51.423654473870144 ], [ -0.041712442427538, 51.423828884733972 ], [ -0.041068890650371, 51.424246184378525 ], [ -0.040315650971487, 51.424301936662758 ], [ -0.038476245207117, 51.423958217672585 ], [ -0.037485443455498, 51.424992882920222 ], [ -0.034227043542618, 51.425101043877831 ], [ -0.03423901611066, 51.424755023733276 ], [ -0.033373594083097, 51.424642483847023 ], [ -0.031820027116298, 51.424710828075426 ], [ -0.031997435320188, 51.425536644311919 ], [ -0.030241955260608, 51.425683411182014 ], [ -0.027843695484243, 51.424688947389939 ], [ -0.027792107711808, 51.424483943620984 ], [ -0.025999767323251, 51.423617441341079 ], [ -0.025796768893601, 51.423755208363318 ], [ -0.025488283497926, 51.423470336489984 ], [ -0.024427408936237, 51.423154797664921 ], [ -0.023461114345293, 51.422514406793901 ], [ -0.022606081546714, 51.421562936647 ], [ -0.022263241743837, 51.421774776560603 ], [ -0.020947781539132, 51.42092793266724 ], [ -0.02167470767828, 51.420448301310337 ], [ -0.020777576510566, 51.4199403494911 ], [ -0.02119284487857, 51.419483334854426 ], [ -0.021384342264621, 51.418412830721465 ], [ -0.022555284896124, 51.41754141051338 ], [ -0.021736245339902, 51.417291077366521 ], [ -0.02218549965992, 51.416745604437793 ], [ -0.021041596086284, 51.416158848824246 ], [ -0.021040426216235, 51.416019440977863 ], [ -0.017846701764802, 51.415743343676475 ], [ -0.017987172336457, 51.41505597295108 ], [ -0.014152602106653, 51.415100767841828 ], [ -0.01455884056019, 51.413923300733018 ], [ -0.014377772971647, 51.413920232855141 ], [ -0.014262605950354, 51.413657490453751 ], [ -0.013513062130421, 51.413598024462075 ], [ -0.010545436462027, 51.413551278317847 ], [ -0.009242946126334, 51.413872683776447 ], [ -0.008485976327263, 51.41434813091697 ], [ -0.00662730674102, 51.414660054290565 ], [ -0.006565059307199, 51.415991728182185 ], [ -0.005999447195775, 51.416034263703423 ], [ -0.00553413161708, 51.415788036110705 ], [ -0.004993771829329, 51.414589990056307 ], [ -0.003283929663797, 51.415050077524086 ], [ -0.003598279094163, 51.415559030113727 ], [ -0.003404002460099, 51.415660936059524 ], [ -0.000754008411925, 51.415912519244245 ], [ -0.000875074424326, 51.416104332760291 ], [ -0.000347129661332, 51.416338131049386 ], [ -0.000077211625545, 51.417645575103514 ], [ 0.001728788926943, 51.41855808576819 ], [ 0.003493423116184, 51.417404729163579 ], [ 0.005672016015086, 51.418514945736554 ], [ 0.005328785550657, 51.418986646981175 ], [ 0.005514963522302, 51.41913274163214 ], [ 0.005228126909012, 51.419315707575116 ], [ 0.006297828750433, 51.421015025523992 ], [ 0.006735914970901, 51.420935582356812 ], [ 0.006848150641288, 51.421494811592254 ], [ 0.00734938149357, 51.421379212884851 ], [ 0.008076756929952, 51.42304301092927 ], [ 0.009966710418142, 51.422483633524642 ], [ 0.010986125179391, 51.423490426309101 ], [ 0.011618232564598, 51.423701700432048 ], [ 0.011813408746997, 51.424051767527203 ], [ 0.013344851919743, 51.424695432592841 ], [ 0.013513036348563, 51.425085528971067 ], [ 0.014395507614253, 51.425232234737202 ], [ 0.014107561461954, 51.42617513371809 ], [ 0.016048106542791, 51.426208314895042 ], [ 0.017435740562162, 51.426849904409963 ], [ 0.018775217024426, 51.427050760074671 ], [ 0.021135320533365, 51.426843715445706 ], [ 0.023718114375216, 51.42825867967472 ], [ 0.025410522091767, 51.428989337132435 ], [ 0.027214153779485, 51.428071460988576 ], [ 0.030084566950245, 51.425973209185102 ], [ 0.03376415784739, 51.424092860321977 ], [ 0.036185925949752, 51.422365550052064 ], [ 0.038666176166135, 51.424638986351496 ], [ 0.039028666877797, 51.424671349256847 ], [ 0.038940866439035, 51.426091947098556 ], [ 0.038613255767109, 51.426520309768826 ], [ 0.038463844618225, 51.427591257801026 ], [ 0.037857250496903, 51.427601807014071 ], [ 0.03783110845287, 51.427790211853093 ], [ 0.038332230853786, 51.428027900958995 ], [ 0.038297880265819, 51.429001523207432 ], [ 0.037521813576554, 51.43137923352748 ], [ 0.037698548920659, 51.433346489857939 ], [ 0.033700561928594, 51.431699200941438 ], [ 0.033223710883618, 51.432235353206437 ], [ 0.032451751599695, 51.431892626854854 ], [ 0.032158978317093, 51.432362632583668 ], [ 0.031587725546984, 51.432555090408606 ], [ 0.031147622267255, 51.432104084453975 ], [ 0.031381629646237, 51.432579346195489 ], [ 0.028584361041088, 51.434030675331982 ], [ 0.029033459340154, 51.43436013200548 ], [ 0.029065727236035, 51.434666228409256 ], [ 0.028674009064531, 51.43641132026093 ], [ 0.027240309168811, 51.436559328382792 ], [ 0.0257447205981, 51.435991661647385 ], [ 0.025375974267933, 51.435689580984018 ], [ 0.024889344861577, 51.437211478849832 ], [ 0.024790834647194, 51.438237461351164 ], [ 0.028813753507196, 51.438785701508841 ], [ 0.028875901205892, 51.439376352626134 ], [ 0.02857685248079, 51.440453471499723 ], [ 0.029082604625334, 51.441475292965073 ], [ 0.029576442262675, 51.4417410235137 ], [ 0.03032489169026, 51.444308097367717 ], [ 0.030585760081095, 51.444317067619266 ], [ 0.033835196139647, 51.443443283392618 ], [ 0.034129775168256, 51.443142308101059 ], [ 0.035543594891107, 51.442446000606253 ], [ 0.039814260070766, 51.440985962863934 ], [ 0.041953568483621, 51.439653745951354 ], [ 0.043311620480988, 51.437745181867449 ], [ 0.045182907224874, 51.436602828376188 ], [ 0.045147078105825, 51.436219459583583 ], [ 0.047784916733736, 51.433753428389352 ], [ 0.051049086132973, 51.431529973974882 ], [ 0.054827026267894, 51.42752222916485 ], [ 0.056391304218734, 51.426157553480351 ], [ 0.05859659680688, 51.424590949063649 ], [ 0.060899947324639, 51.425079246742214 ], [ 0.061337516742165, 51.424062551080091 ], [ 0.061708272923508, 51.423734983634979 ], [ 0.063202311848087, 51.424203298130699 ], [ 0.064437224439163, 51.425049362954837 ], [ 0.064194197884295, 51.425370192891336 ], [ 0.064778973041709, 51.425514568868032 ], [ 0.064714558027116, 51.425617323209103 ], [ 0.06657952199026, 51.426015210157097 ], [ 0.066404183270406, 51.426337548945313 ], [ 0.066935082645159, 51.426722074647415 ], [ 0.071942833178141, 51.429653455411241 ], [ 0.073471425194874, 51.431259527714609 ], [ 0.073035153575647, 51.431378757057701 ], [ 0.073327822947482, 51.431773762844806 ], [ 0.074304792338242, 51.431490286384388 ], [ 0.074835988020481, 51.43083069845337 ], [ 0.075343175782512, 51.431990792421409 ], [ 0.08071173982082, 51.430774190829709 ], [ 0.082906193553599, 51.430058045654775 ], [ 0.083663683831988, 51.429505906378033 ], [ 0.087250190053447, 51.425624600588371 ], [ 0.090064125402713, 51.423328920613628 ], [ 0.092973081765825, 51.421387592774735 ], [ 0.09867240595601, 51.418134543950153 ], [ 0.102275357372912, 51.416381989620113 ], [ 0.103231493291073, 51.4157182405349 ], [ 0.107011355072379, 51.414380533822225 ], [ 0.107005694367126, 51.414257432310947 ], [ 0.109536937665694, 51.413635443231314 ], [ 0.112074788206848, 51.413283068316616 ], [ 0.113098950651283, 51.41291387894195 ], [ 0.113560484233152, 51.413098903603952 ], [ 0.117985548052852, 51.413224044385601 ], [ 0.120161745200129, 51.413449082818858 ], [ 0.122449179625921, 51.413932862058253 ], [ 0.125402474033401, 51.414787621713891 ], [ 0.126164035526995, 51.414804382161648 ], [ 0.126626242938558, 51.414630524178847 ], [ 0.127255811860604, 51.414932951344419 ], [ 0.128005570312718, 51.414974195115938 ], [ 0.129778121156282, 51.414804399463883 ], [ 0.132436322093658, 51.414351371810142 ], [ 0.13431984900332, 51.413817070545015 ], [ 0.139139707742647, 51.411614031063998 ], [ 0.145538175314066, 51.409414269313331 ], [ 0.148876682885191, 51.40848346776199 ], [ 0.148666042669956, 51.408131207666599 ], [ 0.150107901761144, 51.407448269042717 ], [ 0.151027540351286, 51.40666878291934 ], [ 0.151774712657749, 51.406381676414433 ], [ 0.152796307152992, 51.406273880093011 ], [ 0.152727655468574, 51.40606740286588 ], [ 0.153187952721484, 51.405611992361031 ], [ 0.154273427721126, 51.404936449157788 ], [ 0.155223072121947, 51.403972020433663 ], [ 0.154940956713698, 51.403659755899206 ], [ 0.155487697721617, 51.403575956247607 ], [ 0.156408767051585, 51.402494234466594 ], [ 0.157196019931199, 51.401136185088525 ], [ 0.157760340248479, 51.399227365959689 ], [ 0.157702325937587, 51.398147472449175 ], [ 0.158954228388677, 51.395821294895001 ], [ 0.160459982941512, 51.394034500187821 ], [ 0.162357994921047, 51.392490452194416 ], [ 0.158247993637945, 51.39223979090729 ], [ 0.147714761554276, 51.39280117331711 ], [ 0.147507764581731, 51.392156570828071 ], [ 0.148597676763385, 51.391365885284692 ], [ 0.149809290521208, 51.390872423920726 ], [ 0.148627964869695, 51.388668320903477 ], [ 0.149390438633368, 51.387854854063328 ], [ 0.148875564369603, 51.387572025747772 ], [ 0.150432615785181, 51.386018236627535 ], [ 0.150389385206829, 51.385862551350527 ], [ 0.149965806502343, 51.385840648640766 ], [ 0.149773723207205, 51.384870227910532 ], [ 0.149760624813559, 51.38367079720684 ], [ 0.15043998042446, 51.383446992236678 ], [ 0.150346853610288, 51.381092525225831 ], [ 0.149582172207249, 51.381089472449176 ], [ 0.149587044470539, 51.38008935687067 ], [ 0.151107020597404, 51.379895983935626 ], [ 0.150948284874971, 51.379085028126227 ], [ 0.152326559397874, 51.378690098664329 ], [ 0.152163375120406, 51.37833607280546 ], [ 0.153209822151863, 51.378036259733662 ], [ 0.15261143257001, 51.376584088016749 ], [ 0.152510535922905, 51.375229789937706 ], [ 0.151709786379677, 51.375436053244101 ], [ 0.149573883566408, 51.373582230200753 ], [ 0.150807294871813, 51.372920183940764 ], [ 0.150815427485912, 51.37235796878501 ], [ 0.151179537764975, 51.372186709787528 ], [ 0.150100214535522, 51.370157008893209 ], [ 0.152031034732219, 51.36969348218274 ], [ 0.151494983955386, 51.368280627383513 ], [ 0.150972976228128, 51.368331582375845 ], [ 0.149411401124482, 51.369162428178512 ], [ 0.148849832573996, 51.36812324184227 ], [ 0.147220017636058, 51.366974140082242 ], [ 0.14832101024882, 51.366371202046693 ], [ 0.145021735153977, 51.362850631991826 ], [ 0.1453646028783, 51.362502616230529 ], [ 0.144493570673576, 51.361169608033059 ], [ 0.144524806163906, 51.360700497677676 ], [ 0.145362520132403, 51.360337125252329 ], [ 0.144821178299056, 51.358435114239086 ], [ 0.145868512736555, 51.358224378340616 ], [ 0.145087069683051, 51.35576380067242 ], [ 0.144259985281425, 51.354907517341594 ], [ 0.144019416817857, 51.354861560199538 ], [ 0.14360442151436, 51.353017483404393 ], [ 0.143113266343795, 51.353048954416067 ], [ 0.142849474755012, 51.352658985314115 ], [ 0.142593090448016, 51.350734662241898 ], [ 0.14095715336363, 51.350145855729508 ], [ 0.141253164125458, 51.349533411880095 ], [ 0.139730041275317, 51.348744678313224 ], [ 0.138686630511277, 51.347524491709848 ], [ 0.138619703050249, 51.347413300483325 ], [ 0.139465991699051, 51.347299819097792 ], [ 0.139413870104732, 51.346982416475605 ], [ 0.13824108926517, 51.34708477208688 ], [ 0.138191201978083, 51.346691786373874 ], [ 0.137534652543726, 51.346407899226406 ], [ 0.1374711639238, 51.346061925429026 ], [ 0.137169353794415, 51.345871384453403 ], [ 0.136771573251057, 51.345994653304082 ], [ 0.136172920632361, 51.345936327625346 ], [ 0.136226467339928, 51.345574728803705 ], [ 0.13708221695316, 51.344801000371532 ], [ 0.136931002613215, 51.34417424452792 ], [ 0.134399904533562, 51.344956933845765 ], [ 0.131750184680077, 51.345506108711817 ], [ 0.13164232979224, 51.345193314594866 ], [ 0.125185785792678, 51.345867324690644 ], [ 0.1236743304865, 51.345415412167483 ], [ 0.123521781189926, 51.345128601924984 ], [ 0.12221191934464, 51.344656827755102 ], [ 0.119942714911753, 51.344243776613474 ], [ 0.119898038941281, 51.344333616516423 ], [ 0.118429079787391, 51.344147061848886 ], [ 0.117570001293665, 51.343484522334741 ], [ 0.117559337556704, 51.343128590382861 ], [ 0.117204813020442, 51.343162878570354 ], [ 0.116653849646126, 51.341302283360001 ], [ 0.117255696887509, 51.339780571220004 ], [ 0.118443742061975, 51.339981214738636 ], [ 0.118986932131187, 51.338683581799543 ], [ 0.118271962797767, 51.338404242036461 ], [ 0.119983699634357, 51.334739171201832 ], [ 0.121656973799308, 51.33363599462615 ], [ 0.120218232426923, 51.332136828330135 ], [ 0.117864391592228, 51.330620924089224 ], [ 0.117876230815305, 51.329662948263831 ], [ 0.117335291623095, 51.329481178079234 ], [ 0.116614319489641, 51.330003219587944 ], [ 0.115715816908769, 51.32950685196014 ], [ 0.114183319709513, 51.327397778054198 ], [ 0.110125984370798, 51.328035725970025 ], [ 0.109730918426402, 51.326683992847556 ], [ 0.10721010208319, 51.327523469667987 ], [ 0.106533231591688, 51.327380967479357 ], [ 0.104873908842664, 51.327412604420296 ], [ 0.103212885230407, 51.325995467418387 ], [ 0.102118594010565, 51.32598364133225 ], [ 0.100764060804983, 51.325585276346246 ], [ 0.100148052434489, 51.324072003706412 ], [ 0.096151739397406, 51.321292813261486 ], [ 0.092748854720147, 51.319811372452904 ], [ 0.087756708581392, 51.318312316707825 ], [ 0.086793158265282, 51.317192772039355 ], [ 0.085000797436665, 51.316023231070361 ], [ 0.085613360651938, 51.314784770748197 ], [ 0.085009286340573, 51.313203759646278 ], [ 0.085042128458358, 51.312598841889276 ], [ 0.084090284450504, 51.311005132967509 ], [ 0.083543512420816, 51.310528340088624 ], [ 0.084720218877407, 51.308346363658863 ], [ 0.084058240988547, 51.308049686896268 ], [ 0.084640997502122, 51.307104933889853 ], [ 0.084849800348203, 51.306045430986174 ], [ 0.082788112291937, 51.305634271062431 ], [ 0.085404485841394, 51.302520164670931 ], [ 0.085985388373174, 51.30156824213725 ], [ 0.086310895347649, 51.300173013143883 ], [ 0.089323253860827, 51.297830555999163 ], [ 0.091156884032478, 51.296828364133916 ], [ 0.089234068777088, 51.296087490843455 ], [ 0.087066991676698, 51.294482209931793 ], [ 0.086890416593204, 51.293941276555877 ], [ 0.085959041273994, 51.293266308090722 ], [ 0.085250933307155, 51.292928193230232 ], [ 0.083886427501982, 51.292664711803653 ], [ 0.083255509315734, 51.292256863565001 ], [ 0.081889783474716, 51.292060828784436 ], [ 0.08149902519358, 51.291824964262041 ], [ 0.079858602952245, 51.29164368214137 ], [ 0.077011191399629, 51.29179495789419 ], [ 0.077006892789767, 51.291699707640483 ], [ 0.073340942836969, 51.291606413324075 ], [ 0.071746874455479, 51.291338762648856 ], [ 0.070808829763448, 51.290987543283769 ], [ 0.07027522449306, 51.291050040090667 ], [ 0.067541092010352, 51.29052999858402 ], [ 0.067535985798685, 51.290384401227321 ], [ 0.065721607542222, 51.290319306142017 ], [ 0.064164716997171, 51.289887223033531 ], [ 0.062544459968299, 51.289960746067528 ], [ 0.058482869099834, 51.289355058247779 ], [ 0.057927164083616, 51.289789300208433 ], [ 0.057509545475506, 51.290617705901454 ], [ 0.056022804929583, 51.292396570431059 ], [ 0.05436254508824, 51.292090276457515 ], [ 0.051465970013942, 51.293457650780368 ], [ 0.050762390850697, 51.293987976396409 ], [ 0.048468544329804, 51.293723271997749 ], [ 0.045704186189247, 51.294005427766798 ], [ 0.044739693017765, 51.293087901931166 ], [ 0.043406922229414, 51.292726270837868 ], [ 0.042369035795071, 51.292674236437144 ], [ 0.043285547185126, 51.29658279878538 ], [ 0.043948966132569, 51.298245718554647 ], [ 0.044270879881922, 51.298581832730051 ], [ 0.043065401817093, 51.299055224206327 ], [ 0.042775266461213, 51.300985691359394 ], [ 0.042276054851041, 51.301923378673948 ], [ 0.041515291999905, 51.302980735061425 ], [ 0.040889782693384, 51.302721850084694 ], [ 0.040226680181463, 51.303329643543442 ], [ 0.040090331433409, 51.303231297778289 ], [ 0.038798516975011, 51.303929174797723 ], [ 0.036586902355833, 51.305499173997717 ], [ 0.036308923353444, 51.30586372892143 ], [ 0.032881447041551, 51.307521344345716 ], [ 0.032333896145876, 51.306981378078994 ], [ 0.031116732245599, 51.306417954670891 ], [ 0.030253836076418, 51.305558801850367 ], [ 0.02935396529412, 51.305356772018641 ], [ 0.02794994133728, 51.304685940879232 ], [ 0.024811383633613, 51.302155675968102 ], [ 0.023571686761455, 51.299704935992217 ], [ 0.020925588600559, 51.296779357006137 ], [ 0.020846788828963, 51.295572958196274 ], [ 0.020305479924795, 51.294776528332775 ], [ 0.01985891044467, 51.293196970162327 ], [ 0.019073993058565, 51.291685297624014 ], [ 0.014982153613677, 51.291787271806697 ], [ 0.014486301835946, 51.292550317110873 ], [ 0.014060081697566, 51.294314880440538 ], [ 0.013385165994679, 51.296264477704298 ], [ 0.013035898593213, 51.296641893872177 ], [ 0.012130980098079, 51.299599053633706 ] ] ] } },
{ "type": "Feature", "properties": { "NAME": "Ealing", "GSS_CODE": "E09000009" }, "geometry": { "type": "Polygon", "coordinates": [ [ [ -0.41183264766502, 51.53408385704887 ], [ -0.412269276219365, 51.534505205865152 ], [ -0.413481143067908, 51.534691552109145 ], [ -0.41385096625124, 51.535749537406076 ], [ -0.414858201540723, 51.536016729827651 ], [ -0.415339414134958, 51.536567257407924 ], [ -0.417029637950627, 51.536516338480652 ], [ -0.417594164896139, 51.536744262212771 ], [ -0.417466647037912, 51.537801820934114 ], [ -0.419305151698008, 51.53821686524833 ], [ -0.419614103011731, 51.538580714213843 ], [ -0.419459268132259, 51.538762968087305 ], [ -0.418689146311216, 51.538891070598503 ], [ -0.418161057243636, 51.539150120356936 ], [ -0.419408163835478, 51.539905184954087 ], [ -0.419407898345604, 51.540412339924075 ], [ -0.419121827512586, 51.540428268566174 ], [ -0.418321693948568, 51.540090169801708 ], [ -0.416462303686897, 51.540191878759238 ], [ -0.414446407594675, 51.540688897625508 ], [ -0.407876470233707, 51.541806680041539 ], [ -0.407950445343084, 51.541959651702925 ], [ -0.40485251244989, 51.542506562993552 ], [ -0.401308419830299, 51.542532062153541 ], [ -0.397672982432068, 51.542325107495977 ], [ -0.395272744581899, 51.542547682103105 ], [ -0.395592012921643, 51.544089713108846 ], [ -0.396242185669653, 51.545531956795294 ], [ -0.39655731094148, 51.545962493326307 ], [ -0.3978860188673, 51.545662320160368 ], [ -0.398428805877601, 51.547577871840112 ], [ -0.398720677836561, 51.547891186477955 ], [ -0.394888884127809, 51.547637406209645 ], [ -0.394986519103217, 51.548756470438825 ], [ -0.393944391878816, 51.548697249830319 ], [ -0.38526948135947, 51.551170638521072 ], [ -0.38019399710882, 51.553683241083384 ], [ -0.37768878840865, 51.554688129074435 ], [ -0.377807995887435, 51.554986519507864 ], [ -0.377290096019519, 51.554217719775856 ], [ -0.375861416988592, 51.55306134004838 ], [ -0.373908402336733, 51.553910131475043 ], [ -0.373706849061688, 51.553818315414929 ], [ -0.373364832840529, 51.554024891346771 ], [ -0.372855108451212, 51.553716585451276 ], [ -0.372471405408498, 51.553959448739143 ], [ -0.371444177591221, 51.554045909006717 ], [ -0.369842477675741, 51.5545865799523 ], [ -0.366993371392691, 51.554995674902138 ], [ -0.366488821666724, 51.555147814101616 ], [ -0.366589363401044, 51.555320964805205 ], [ -0.364723590422653, 51.555539565956131 ], [ -0.362540952377695, 51.5560252808313 ], [ -0.362698389681593, 51.556300840790243 ], [ -0.362201008574499, 51.556734517745753 ], [ -0.362427008333607, 51.557270010489646 ], [ -0.359293498484607, 51.557678546970124 ], [ -0.347554752406028, 51.559683648329035 ], [ -0.347183352169836, 51.559303442186376 ], [ -0.345580220974591, 51.558439178884107 ], [ -0.343980785603663, 51.557792557200955 ], [ -0.342545666459445, 51.557468357723288 ], [ -0.338324953748143, 51.557224323324519 ], [ -0.33423391358856, 51.556196056340028 ], [ -0.334117809925073, 51.556294221882716 ], [ -0.32796445455771, 51.555297585181464 ], [ -0.31777916893307, 51.551616250734604 ], [ -0.312598338106301, 51.549154412265842 ], [ -0.312106234682578, 51.548109626214064 ], [ -0.311494917544872, 51.547558596426633 ], [ -0.308601116187762, 51.546447734422813 ], [ -0.307124162064117, 51.545323980264989 ], [ -0.308890472262291, 51.545217265804112 ], [ -0.308895710919147, 51.544959262944253 ], [ -0.308475037108616, 51.544869570619575 ], [ -0.307999487398257, 51.544431983436318 ], [ -0.308038725574941, 51.544035090528709 ], [ -0.308575882680496, 51.543238925766858 ], [ -0.306343305277814, 51.541068353468511 ], [ -0.304725459715365, 51.539861602351884 ], [ -0.305967235163961, 51.539429025380748 ], [ -0.305886190170075, 51.536718477964236 ], [ -0.3062568424592, 51.53423026655139 ], [ -0.30637705073708, 51.533827348658477 ], [ -0.306984398053179, 51.533623896758542 ], [ -0.307464151754043, 51.533050816102872 ], [ -0.302731525990399, 51.531982498422678 ], [ -0.299557025172486, 51.53325210218123 ], [ -0.296589095936371, 51.535240407693138 ], [ -0.295825448270442, 51.535303054227136 ], [ -0.29517323277004, 51.534891622159982 ], [ -0.293294391667818, 51.534971312724444 ], [ -0.288743318277991, 51.536100993952282 ], [ -0.286751997444901, 51.536755346527222 ], [ -0.282485565658978, 51.538664979505128 ], [ -0.278669720039078, 51.535502208394448 ], [ -0.277797785421007, 51.535071268654008 ], [ -0.278064249153514, 51.534925907440247 ], [ -0.278153224713748, 51.534554931124006 ], [ -0.278472969315512, 51.534564119733595 ], [ -0.279009990977783, 51.533208762440346 ], [ -0.280951423547067, 51.532576291015111 ], [ -0.28150887871243, 51.533240897893613 ], [ -0.283538983137573, 51.53281830455294 ], [ -0.284038927352779, 51.533518026973006 ], [ -0.285670806232698, 51.533064392808896 ], [ -0.285916685980208, 51.532813502973688 ], [ -0.289388242228372, 51.531667297042716 ], [ -0.285751874040502, 51.52917909602531 ], [ -0.284253656908983, 51.528918896658716 ], [ -0.284193632618344, 51.529058299041026 ], [ -0.280478498645475, 51.528405912221949 ], [ -0.27719635054284, 51.529232711026509 ], [ -0.271461739820723, 51.529945074735288 ], [ -0.270592974852134, 51.530043775606273 ], [ -0.270417588352479, 51.52976422586439 ], [ -0.269676174197494, 51.530002380277956 ], [ -0.269021564170184, 51.529738239801773 ], [ -0.268703664654816, 51.529833363610386 ], [ -0.268798382014966, 51.529958855736574 ], [ -0.267525082504771, 51.530155874534948 ], [ -0.266610452043792, 51.530512848082147 ], [ -0.264876519099787, 51.531638234804667 ], [ -0.264854301921289, 51.532184640637261 ], [ -0.263377919589475, 51.532677156651907 ], [ -0.260433616432426, 51.53453451619648 ], [ -0.257809070078552, 51.535337253279017 ], [ -0.256451738916227, 51.534935812948888 ], [ -0.256049555553792, 51.53395236668738 ], [ -0.252341069856416, 51.534142670376369 ], [ -0.251140836523424, 51.533895479052305 ], [ -0.250931131789779, 51.533912135875106 ], [ -0.250773675201008, 51.534183155795539 ], [ -0.247118971107641, 51.533422704840774 ], [ -0.246311358428125, 51.532752393995246 ], [ -0.246994511381582, 51.531783336172595 ], [ -0.245269031093061, 51.531212602130694 ], [ -0.245406443936126, 51.531050996419225 ], [ -0.246634913617924, 51.530860741061929 ], [ -0.247725915362472, 51.530307825839571 ], [ -0.249434815890061, 51.529243465012875 ], [ -0.250468476107605, 51.528341664378125 ], [ -0.250066060301091, 51.528196280458758 ], [ -0.250621087452715, 51.527782816829514 ], [ -0.250295320433557, 51.527179966073263 ], [ -0.252529218793732, 51.52508746967257 ], [ -0.252660552385307, 51.524593946684625 ], [ -0.251923440954844, 51.52223505717145 ], [ -0.250305035578748, 51.520157070044725 ], [ -0.250721465565406, 51.519483457356813 ], [ -0.250604821634632, 51.518540216024753 ], [ -0.2490918580286, 51.514055622263378 ], [ -0.246650239625244, 51.511245896949696 ], [ -0.246053931338446, 51.509961860171444 ], [ -0.245086769563039, 51.506741603876847 ], [ -0.246513728175344, 51.506731472609665 ], [ -0.24570266449184, 51.50462501418081 ], [ -0.248011150365803, 51.504358275162907 ], [ -0.248080807072913, 51.504608405118397 ], [ -0.249280363996163, 51.504439275094825 ], [ -0.249431051703776, 51.50468072208492 ], [ -0.249487406668715, 51.504563762798256 ], [ -0.249868954669416, 51.504609023396526 ], [ -0.249928952139347, 51.504434566913638 ], [ -0.25124639731933, 51.504648453416195 ], [ -0.252515339628896, 51.504510899016118 ], [ -0.252543674985265, 51.504711851582407 ], [ -0.253764408272112, 51.504553782128447 ], [ -0.253659165050804, 51.504291435742267 ], [ -0.254539714068804, 51.504174153776681 ], [ -0.25486800385076, 51.50444431453198 ], [ -0.255090331852942, 51.50431993043825 ], [ -0.253365815771347, 51.502881556211726 ], [ -0.252745568456034, 51.500073883281388 ], [ -0.255026658252164, 51.496971295433205 ], [ -0.255118286815408, 51.496344989021502 ], [ -0.255512803314771, 51.496275321842901 ], [ -0.255434447972416, 51.494931590418517 ], [ -0.261470084129847, 51.494641739479917 ], [ -0.267675550043277, 51.493935940599634 ], [ -0.270050073409516, 51.494228173617849 ], [ -0.271000974507475, 51.494567720947536 ], [ -0.271798946154553, 51.495065970735908 ], [ -0.272481227607615, 51.496147915170567 ], [ -0.273304385425517, 51.496781411086396 ], [ -0.275708077151331, 51.497947117847588 ], [ -0.277295567695256, 51.498982988349461 ], [ -0.278391034589027, 51.500001723755155 ], [ -0.279678448745325, 51.50193149347696 ], [ -0.280783553042338, 51.502850531478821 ], [ -0.28321064522531, 51.50164333867145 ], [ -0.285732793756102, 51.50077919534273 ], [ -0.286810544465293, 51.500662755441581 ], [ -0.288699616657316, 51.500849499024433 ], [ -0.292058233076845, 51.50146227738103 ], [ -0.294050012584531, 51.50156230495967 ], [ -0.300718299733796, 51.499348073776119 ], [ -0.29994556556777, 51.497812671594048 ], [ -0.297553438672119, 51.494889626805055 ], [ -0.301110523356414, 51.494417852996236 ], [ -0.3013556259297, 51.495226219160827 ], [ -0.305850950072908, 51.496180585368855 ], [ -0.305822505311558, 51.495354676714499 ], [ -0.305440773899083, 51.494538051619976 ], [ -0.308403339633628, 51.49358446771317 ], [ -0.311924632276725, 51.491969822237238 ], [ -0.313936186093306, 51.493593102062661 ], [ -0.31441403948823, 51.493448000351982 ], [ -0.31510375804527, 51.493964180244326 ], [ -0.314475385820697, 51.494362504183051 ], [ -0.315732762703217, 51.495346345746611 ], [ -0.31529144985931, 51.495554924160686 ], [ -0.315788569886744, 51.495903773038862 ], [ -0.319211380389986, 51.494222750532252 ], [ -0.320536935066719, 51.494882893795314 ], [ -0.323434137687101, 51.495899115012946 ], [ -0.324025405792073, 51.495764587773436 ], [ -0.324758237943303, 51.496012455336526 ], [ -0.326158506971706, 51.495029803563689 ], [ -0.327418180798619, 51.496036931095958 ], [ -0.329975866911666, 51.495075230790739 ], [ -0.331772708176113, 51.495695195791313 ], [ -0.334705937995666, 51.496205381564458 ], [ -0.338637358506383, 51.49624675026012 ], [ -0.34211388208802, 51.496040563636491 ], [ -0.34725786923681, 51.49792601418558 ], [ -0.349788213276216, 51.499029029958876 ], [ -0.350537031393762, 51.49911869568551 ], [ -0.354609450681671, 51.498252389044218 ], [ -0.358027721596601, 51.497785035572448 ], [ -0.3619181478511, 51.496080544226558 ], [ -0.362998143555423, 51.495932862917009 ], [ -0.363626676066275, 51.495478531070681 ], [ -0.363732364220666, 51.494699474668849 ], [ -0.365381977698087, 51.493325974757603 ], [ -0.365800816836559, 51.493658231836214 ], [ -0.366974590050418, 51.492778949086343 ], [ -0.368377585842623, 51.492296706283582 ], [ -0.367921644962611, 51.491793088510846 ], [ -0.371872484836593, 51.490470383508736 ], [ -0.371724343173199, 51.49078755313915 ], [ -0.371947946763554, 51.490980394704955 ], [ -0.372420280634328, 51.490984252936656 ], [ -0.373806807792125, 51.491933289202869 ], [ -0.375839953997478, 51.495401910014742 ], [ -0.377073033775984, 51.495282296765261 ], [ -0.377885435080764, 51.49544730361059 ], [ -0.377651541950848, 51.496516847106506 ], [ -0.377893330592615, 51.496604718806466 ], [ -0.381846313575016, 51.49522505631932 ], [ -0.383337409601801, 51.49485625396094 ], [ -0.385169837103443, 51.494652195335163 ], [ -0.387104712500689, 51.494687812205079 ], [ -0.39228989311004, 51.495859657703683 ], [ -0.406905197314528, 51.499693754629476 ], [ -0.404272956090026, 51.502540885546622 ], [ -0.403209870435464, 51.503440928679154 ], [ -0.399869903718245, 51.504430418930511 ], [ -0.394044103909548, 51.506734642604521 ], [ -0.393297262613981, 51.50719740693188 ], [ -0.390017847788555, 51.513936188829454 ], [ -0.389022619741879, 51.514735423453786 ], [ -0.384650875364846, 51.516543890471588 ], [ -0.382866017701492, 51.517943669394569 ], [ -0.382618519851371, 51.517932164196353 ], [ -0.379929829478458, 51.52063140141545 ], [ -0.37698362499698, 51.52423972711874 ], [ -0.376181198709427, 51.524914730445616 ], [ -0.375929148838836, 51.525556883948518 ], [ -0.376238169048451, 51.526919888363999 ], [ -0.376205317802053, 51.528815895608062 ], [ -0.382474577635002, 51.529643461615272 ], [ -0.385868387851149, 51.530374513192172 ], [ -0.386637565137385, 51.530394085721682 ], [ -0.387115541757634, 51.529556288540739 ], [ -0.389273705484105, 51.530619145026748 ], [ -0.38927888955635, 51.530799060520891 ], [ -0.39234582809095, 51.531401342765676 ], [ -0.405249684576102, 51.533206843828367 ], [ -0.411084455434979, 51.534287740670791 ], [ -0.41183264766502, 51.53408385704887 ] ] ] } },
{ "type": "Feature", "properties": { "NAME": "Havering", "GSS_CODE": "E09000016" }, "geometry": { "type": "Polygon", "coordinates": [ [ [ 0.15869287418102, 51.51218596308874 ], [ 0.159146950676271, 51.514504061085852 ], [ 0.162238066775437, 51.521310471512471 ], [ 0.162259084279813, 51.522271421870514 ], [ 0.162939422861744, 51.523882089681223 ], [ 0.164017724421316, 51.525584332809018 ], [ 0.163982817264648, 51.526064296716157 ], [ 0.164476698528572, 51.526780907548094 ], [ 0.164443730485486, 51.527058496257347 ], [ 0.165113996992228, 51.52775476273996 ], [ 0.165450296117403, 51.528431112657962 ], [ 0.166446900419171, 51.529076381692697 ], [ 0.166817781737601, 51.529690937483075 ], [ 0.16746141612575, 51.52997670879779 ], [ 0.167974902364118, 51.530739705740501 ], [ 0.168481756979015, 51.530938071069293 ], [ 0.170762249453095, 51.532625214650949 ], [ 0.171908954896929, 51.534269465309407 ], [ 0.171917531993194, 51.53478279916424 ], [ 0.172354562873001, 51.535602948729803 ], [ 0.173919445375288, 51.537607242463011 ], [ 0.175007182029498, 51.538493558324298 ], [ 0.177256714958272, 51.539488701222155 ], [ 0.178117195367731, 51.539569848732484 ], [ 0.179246641363557, 51.540330350476857 ], [ 0.179658982410058, 51.541354170923789 ], [ 0.179809012816765, 51.543195819923881 ], [ 0.180364616144234, 51.544108161701722 ], [ 0.182564656903341, 51.545838841725192 ], [ 0.184927361552508, 51.54698731079489 ], [ 0.185784305673444, 51.547232139067937 ], [ 0.186347894768503, 51.547946461198222 ], [ 0.187461202336857, 51.550197304200616 ], [ 0.189205885269853, 51.551385089425168 ], [ 0.189581292101172, 51.551452723697572 ], [ 0.19018987680417, 51.552650903378364 ], [ 0.189665747056899, 51.553121122690762 ], [ 0.188613528820082, 51.553619178933729 ], [ 0.18850651680961, 51.553854090556904 ], [ 0.18788402136773, 51.554078832947795 ], [ 0.188038590764503, 51.554353829487837 ], [ 0.187531857371847, 51.55452605068092 ], [ 0.187707534515412, 51.554850114763944 ], [ 0.187573801686187, 51.555129588767926 ], [ 0.186891044235143, 51.55578261022459 ], [ 0.186454609568679, 51.555886968922813 ], [ 0.185870318530022, 51.556337608220318 ], [ 0.18474209233369, 51.556426071450112 ], [ 0.185019172144299, 51.556819294440551 ], [ 0.184407696186263, 51.557636441659746 ], [ 0.184401575699212, 51.557960298319941 ], [ 0.184803122927314, 51.558963617330356 ], [ 0.184766393411983, 51.559852795036008 ], [ 0.184539840055388, 51.560213130786359 ], [ 0.183580107397629, 51.560568229899403 ], [ 0.182618766131036, 51.561311841901443 ], [ 0.183983466975773, 51.563867391108992 ], [ 0.185146700935773, 51.56474591464967 ], [ 0.185153090166513, 51.565511086669297 ], [ 0.183480560860665, 51.564633949374425 ], [ 0.178632635924864, 51.564939903517747 ], [ 0.176272798571962, 51.56471391679429 ], [ 0.173388027413581, 51.565098329367018 ], [ 0.172853875924256, 51.564880704851824 ], [ 0.17122796658272, 51.564613143904985 ], [ 0.168597012422039, 51.563600651792854 ], [ 0.166340538406891, 51.563270037078908 ], [ 0.161869583698205, 51.561606104398528 ], [ 0.160677407371019, 51.562084002776331 ], [ 0.159767941696349, 51.563078267796904 ], [ 0.156316811886452, 51.565032936851516 ], [ 0.155217767123303, 51.565469498386932 ], [ 0.151436582167649, 51.567990334236214 ], [ 0.151136190509056, 51.568015626403472 ], [ 0.15083651753764, 51.567781012875322 ], [ 0.150359344007846, 51.567821234379387 ], [ 0.149864950400038, 51.568077596501958 ], [ 0.149329975598759, 51.568116175085265 ], [ 0.148749142670535, 51.568620518372235 ], [ 0.147371326047915, 51.56856480903658 ], [ 0.147112514025418, 51.568768286309442 ], [ 0.146760467107242, 51.568769332706445 ], [ 0.146642272161823, 51.569415378847026 ], [ 0.149752298248306, 51.569696564561667 ], [ 0.149658913347983, 51.570102951138267 ], [ 0.149290313649142, 51.570273372772448 ], [ 0.14896089165934, 51.573232637977547 ], [ 0.147896172450409, 51.573117242249701 ], [ 0.148111022457433, 51.575623194329381 ], [ 0.148035946697094, 51.575775647486886 ], [ 0.146983595154747, 51.575678901545224 ], [ 0.147448327319206, 51.58079178267262 ], [ 0.148383225362378, 51.580752187025283 ], [ 0.1496597674555, 51.582354700930495 ], [ 0.15062562657028, 51.583061819937015 ], [ 0.150928294667895, 51.58375501069338 ], [ 0.151199243001715, 51.589124123043177 ], [ 0.151081457976888, 51.590114587177929 ], [ 0.150572250746502, 51.591284886124711 ], [ 0.151130829262529, 51.59543739692915 ], [ 0.149814872016599, 51.597075711408607 ], [ 0.148059637180926, 51.596353360793671 ], [ 0.148152801366085, 51.596767120614786 ], [ 0.147657586198146, 51.596798666375918 ], [ 0.149485042874057, 51.60290276000817 ], [ 0.148947658547746, 51.603480043409846 ], [ 0.148586836812622, 51.60449383702116 ], [ 0.148450066325646, 51.6061240270393 ], [ 0.148766142017305, 51.607373626956132 ], [ 0.148680562459641, 51.608680939320365 ], [ 0.147921559647648, 51.610378272452067 ], [ 0.147468607908053, 51.612348775138678 ], [ 0.146452417508735, 51.613740553400952 ], [ 0.145475307201404, 51.614553375604487 ], [ 0.144470564590932, 51.616680530837243 ], [ 0.138156948180378, 51.623542942924864 ], [ 0.149824785656054, 51.623206624037955 ], [ 0.155885021799415, 51.62331849217108 ], [ 0.162502722214575, 51.62257446108881 ], [ 0.162774457879855, 51.622789776524655 ], [ 0.165456696034713, 51.622442663784369 ], [ 0.168069948517337, 51.621800902330314 ], [ 0.168873694293193, 51.621417350876875 ], [ 0.175276232153166, 51.623584828176533 ], [ 0.180369550704049, 51.624469638270597 ], [ 0.180584711921192, 51.625732721015623 ], [ 0.180864113539211, 51.625593538080096 ], [ 0.181210350112529, 51.625823614176483 ], [ 0.182757270362826, 51.625722916175931 ], [ 0.184143190322052, 51.625248396890719 ], [ 0.185904113075218, 51.624370297011644 ], [ 0.186241031071894, 51.624556467389745 ], [ 0.185969458354264, 51.625519254875407 ], [ 0.188343844233289, 51.625410264284632 ], [ 0.189372910747036, 51.624487300953312 ], [ 0.189539205507262, 51.625000384119851 ], [ 0.189786778208403, 51.625100981134871 ], [ 0.194747403466476, 51.625711566953115 ], [ 0.196959588024553, 51.625564967094462 ], [ 0.200283886039388, 51.624932556792714 ], [ 0.203586677488122, 51.625170058184487 ], [ 0.205710975088073, 51.625714689991767 ], [ 0.206747117470277, 51.626254566475502 ], [ 0.208435126673504, 51.626679653283979 ], [ 0.21083049150546, 51.626734381033316 ], [ 0.212223550107674, 51.626976119901727 ], [ 0.212081942650628, 51.627183824498651 ], [ 0.213253584266878, 51.627625766834434 ], [ 0.213962948363418, 51.627653756124488 ], [ 0.217519554885243, 51.629090215936493 ], [ 0.222049383544914, 51.630123257790764 ], [ 0.224060144427426, 51.63173445803254 ], [ 0.227246943322118, 51.629768456561621 ], [ 0.232117050951016, 51.627219107306914 ], [ 0.233957443770206, 51.625917005199376 ], [ 0.237328303694536, 51.624214306204436 ], [ 0.23732411790121, 51.624070500576337 ], [ 0.237573465849599, 51.624117006568703 ], [ 0.239428398571894, 51.623115799078334 ], [ 0.2502654001265, 51.618703471528242 ], [ 0.252767787446474, 51.617426142334374 ], [ 0.255259849399173, 51.615622873756024 ], [ 0.257665602791297, 51.61418002657399 ], [ 0.258276373699186, 51.612982114783314 ], [ 0.262246712283865, 51.609661915104155 ], [ 0.262810394888047, 51.609292231580312 ], [ 0.264077963270049, 51.608874794974383 ], [ 0.264535555168139, 51.608318298760366 ], [ 0.264231153375328, 51.608093054657424 ], [ 0.264298945142122, 51.607830053378159 ], [ 0.263089135322747, 51.607317412703694 ], [ 0.261650436002808, 51.607458458026038 ], [ 0.259656100275884, 51.606793630869795 ], [ 0.258053115038526, 51.606505237231907 ], [ 0.258218792065723, 51.605740351415761 ], [ 0.257972492183048, 51.604909650923801 ], [ 0.257129756511022, 51.604923164765609 ], [ 0.257225878710997, 51.604619154805384 ], [ 0.25646205085016, 51.603952182831016 ], [ 0.256599320346252, 51.603604216291437 ], [ 0.256245658345388, 51.60331604949701 ], [ 0.255874111264521, 51.603307904401653 ], [ 0.255891074978555, 51.603067468092739 ], [ 0.255489454754417, 51.60306439633527 ], [ 0.255139073305794, 51.602667349222294 ], [ 0.25466992256636, 51.602729421908293 ], [ 0.254596830318563, 51.602390894912794 ], [ 0.254187557318013, 51.60237897287498 ], [ 0.254166985871178, 51.602051127510585 ], [ 0.253890344018187, 51.601917950567518 ], [ 0.254133678673628, 51.601757699749811 ], [ 0.253982706855924, 51.601596029663149 ], [ 0.255267779524244, 51.601243099499598 ], [ 0.257958953087651, 51.601260594633388 ], [ 0.258225003701427, 51.600918241559391 ], [ 0.262249838922981, 51.600022366642015 ], [ 0.26530367488805, 51.599697265261462 ], [ 0.269851907926734, 51.59957250703863 ], [ 0.270296685800083, 51.598357053371508 ], [ 0.270312234484007, 51.597308178160517 ], [ 0.269308285252927, 51.595272715162196 ], [ 0.269711261688089, 51.594174979157522 ], [ 0.270104238441093, 51.591516262914304 ], [ 0.271319342412864, 51.589740026827428 ], [ 0.271260723899891, 51.589028022004605 ], [ 0.272200654193033, 51.587612322456771 ], [ 0.273813160640112, 51.586859851924089 ], [ 0.275347077864167, 51.585084586627694 ], [ 0.279857119284283, 51.580881866089264 ], [ 0.281754040947799, 51.578841360064168 ], [ 0.282001698197983, 51.578829349073416 ], [ 0.285065306425131, 51.574126653019903 ], [ 0.286724842438268, 51.573462112911663 ], [ 0.287137908870452, 51.572548468483973 ], [ 0.287110403315261, 51.572144320757189 ], [ 0.286677085046556, 51.57150437366986 ], [ 0.28859879467977, 51.56810352691857 ], [ 0.290261786062452, 51.564297615664579 ], [ 0.304547821954419, 51.565292153138031 ], [ 0.304524262279872, 51.565396934870286 ], [ 0.306195633158558, 51.565519669362857 ], [ 0.306210994649491, 51.565424041446505 ], [ 0.313006988857972, 51.565816336596704 ], [ 0.313474654216626, 51.563914982742652 ], [ 0.314115346284059, 51.562722460930331 ], [ 0.314747223626155, 51.559254872167813 ], [ 0.315015931346697, 51.559034636108557 ], [ 0.315221640800456, 51.55788666231043 ], [ 0.315605456387466, 51.55766055565703 ], [ 0.31647226508762, 51.557683910309166 ], [ 0.318407057914287, 51.556778758074238 ], [ 0.318661894759258, 51.555378900284516 ], [ 0.318868657472554, 51.555189556430193 ], [ 0.322025066580065, 51.554197235890236 ], [ 0.322277469531278, 51.552780330185058 ], [ 0.325129055480229, 51.553056583560675 ], [ 0.326403725608254, 51.551801958968319 ], [ 0.327787630670354, 51.550993006557285 ], [ 0.327950447783132, 51.548559849409372 ], [ 0.329439396622006, 51.546562605462825 ], [ 0.328871476878325, 51.545835551863441 ], [ 0.331416838258129, 51.54594146511667 ], [ 0.333874011014065, 51.542492314926463 ], [ 0.333304780861686, 51.541260796388364 ], [ 0.33381321810229, 51.54116344764595 ], [ 0.333995716983042, 51.540502421653549 ], [ 0.331400911947981, 51.540044121246048 ], [ 0.331561902981802, 51.540795440530275 ], [ 0.321505086843598, 51.540501208345177 ], [ 0.316861573864172, 51.53999498753992 ], [ 0.310498676315076, 51.539650168193724 ], [ 0.310481807370748, 51.539345636028159 ], [ 0.310011794989117, 51.539291043306143 ], [ 0.300694612624491, 51.53875473370929 ], [ 0.300830551151123, 51.538133345947223 ], [ 0.297177039235419, 51.537660881463744 ], [ 0.297726663165812, 51.535317321223509 ], [ 0.290411563334058, 51.534659124039877 ], [ 0.290496493357328, 51.534483899955951 ], [ 0.288047149378729, 51.534552392587059 ], [ 0.285490792848475, 51.534211938174494 ], [ 0.28173391355201, 51.53394065463862 ], [ 0.276312109231809, 51.53292727814172 ], [ 0.276196275110293, 51.533177733391398 ], [ 0.274931511474091, 51.532942374550281 ], [ 0.27262445654666, 51.53320293348537 ], [ 0.270678124969133, 51.53309224694835 ], [ 0.267174986293806, 51.532381223206812 ], [ 0.26531928100162, 51.532149089223672 ], [ 0.265358595746929, 51.524954827088841 ], [ 0.265642752651724, 51.524609402169716 ], [ 0.266723477721444, 51.52451207825009 ], [ 0.266676822252315, 51.523311513801268 ], [ 0.266610095483215, 51.522954881614766 ], [ 0.264981255520026, 51.52290001856565 ], [ 0.264228278383001, 51.521641148637634 ], [ 0.263654851352148, 51.517868858514454 ], [ 0.261639782442356, 51.517957199475426 ], [ 0.260275015293164, 51.518370211419523 ], [ 0.259525422979982, 51.51813644964443 ], [ 0.259460673091488, 51.517818445415067 ], [ 0.258900081116518, 51.517762696817329 ], [ 0.257479553636545, 51.517864692853294 ], [ 0.255698441708298, 51.517670543810951 ], [ 0.253806350275834, 51.517884984384146 ], [ 0.253355167769729, 51.520687779176662 ], [ 0.252629718860061, 51.522374412988114 ], [ 0.252304875010236, 51.524788975118803 ], [ 0.251508234292575, 51.525969763015539 ], [ 0.251398142678726, 51.52750787841498 ], [ 0.250824053393112, 51.528817484387716 ], [ 0.248936853983215, 51.528672928803914 ], [ 0.248854342090432, 51.5274082993731 ], [ 0.248263007399736, 51.527550034980671 ], [ 0.246233922803571, 51.526454900453722 ], [ 0.247062057070735, 51.525090988578562 ], [ 0.246633064959995, 51.524225089535584 ], [ 0.246201936944521, 51.524018415434362 ], [ 0.245809556429767, 51.52351512867498 ], [ 0.242828132643238, 51.524391444306289 ], [ 0.24231982572801, 51.523581903965344 ], [ 0.241010454831724, 51.522605114177942 ], [ 0.240667166235066, 51.52195518625571 ], [ 0.240696717029621, 51.521206405936894 ], [ 0.243469395734647, 51.52074961227283 ], [ 0.244415016329597, 51.520368202038576 ], [ 0.24463776081358, 51.520149006548088 ], [ 0.244200549291398, 51.519758984851975 ], [ 0.244925587931181, 51.519025668980824 ], [ 0.244877857678612, 51.518758591661829 ], [ 0.243908629341095, 51.518336484792854 ], [ 0.240167400441779, 51.519350475079754 ], [ 0.237148121963237, 51.51933346927688 ], [ 0.239510561978366, 51.515687588941852 ], [ 0.241114427022427, 51.513742341784329 ], [ 0.240799572112531, 51.513435402618882 ], [ 0.239965745377708, 51.513243594832261 ], [ 0.239946276690785, 51.513052416079461 ], [ 0.240246185584218, 51.51211501344045 ], [ 0.240278881816819, 51.510754648710041 ], [ 0.240573666281346, 51.510506205863287 ], [ 0.241474248629007, 51.510620292634954 ], [ 0.242013941225507, 51.508609033970949 ], [ 0.241891254116894, 51.507959387399097 ], [ 0.239970814952261, 51.507706513503706 ], [ 0.239818643834426, 51.50727775648739 ], [ 0.234602755922864, 51.506942008876678 ], [ 0.233413516135154, 51.506669695762454 ], [ 0.228928233785217, 51.506803600906089 ], [ 0.226604657904496, 51.506585149885694 ], [ 0.226367976654394, 51.505927760683377 ], [ 0.225992375423402, 51.505879134960736 ], [ 0.226586005105434, 51.504488341381347 ], [ 0.227405953801299, 51.503425086449596 ], [ 0.228701522786375, 51.501006536085292 ], [ 0.229936925529156, 51.499365209069595 ], [ 0.227879227951034, 51.498859349056886 ], [ 0.22569836698814, 51.497717289010872 ], [ 0.224269579142039, 51.497312738239593 ], [ 0.223578065020984, 51.497905901690373 ], [ 0.22162544081658, 51.49780981862839 ], [ 0.219639879910385, 51.497450832275135 ], [ 0.21950796729229, 51.497286059923788 ], [ 0.218351912491015, 51.497096602455443 ], [ 0.216997142911069, 51.496582647406747 ], [ 0.215926475029997, 51.496459898280648 ], [ 0.215539784970315, 51.496626381283804 ], [ 0.214993988065223, 51.49648291322417 ], [ 0.214128187412871, 51.49603882543488 ], [ 0.213515138486741, 51.495012611112386 ], [ 0.213045899674783, 51.495021468659949 ], [ 0.212809727066361, 51.493298375531701 ], [ 0.212124327470497, 51.492412910554208 ], [ 0.211903903469639, 51.49104384148238 ], [ 0.211411567593757, 51.490902046479455 ], [ 0.211304384246228, 51.490473304399252 ], [ 0.210429282170742, 51.490220915759977 ], [ 0.20957826033566, 51.489751336108213 ], [ 0.208723184342936, 51.490002164070738 ], [ 0.20837696958681, 51.489664254716075 ], [ 0.207627049334425, 51.489676578746739 ], [ 0.20721655936726, 51.489528728688455 ], [ 0.205371447564223, 51.489532873172088 ], [ 0.202998074829686, 51.489216873597961 ], [ 0.201081997765018, 51.489153038154789 ], [ 0.196494089150561, 51.488316400114911 ], [ 0.196321168991248, 51.488135283802642 ], [ 0.195152928530278, 51.488015073479914 ], [ 0.19488677755844, 51.488172037248361 ], [ 0.192694165608562, 51.487957663375752 ], [ 0.191723253138119, 51.4881071142254 ], [ 0.189147794352224, 51.487688495840892 ], [ 0.187656407549778, 51.487858421350957 ], [ 0.187388178565618, 51.488604444810996 ], [ 0.187083347762286, 51.488646103226102 ], [ 0.184721767289706, 51.490682068527512 ], [ 0.183761365182489, 51.492349265055324 ], [ 0.183366667753207, 51.495032913264787 ], [ 0.183096142323484, 51.495672851501539 ], [ 0.18254564625896, 51.495880944178651 ], [ 0.182439784033863, 51.496499829726609 ], [ 0.183522328360474, 51.497023747853106 ], [ 0.182994680441841, 51.497167567212159 ], [ 0.182996578632771, 51.497538939904508 ], [ 0.183292828199887, 51.497738462930315 ], [ 0.182858913161594, 51.497823880805988 ], [ 0.182887844067746, 51.498610223528544 ], [ 0.182278694245426, 51.498918328721018 ], [ 0.182382440601813, 51.499069277606871 ], [ 0.182181136106067, 51.499168349138905 ], [ 0.182402081187797, 51.499450212169755 ], [ 0.181016968579481, 51.500345599634223 ], [ 0.180216192175266, 51.501288561023784 ], [ 0.180231445782302, 51.502211850400329 ], [ 0.178661822441875, 51.50461875129939 ], [ 0.17855079227555, 51.505281793338142 ], [ 0.177477743057373, 51.505806226270074 ], [ 0.175880268493307, 51.507029238055281 ], [ 0.173756454785316, 51.508186444774658 ], [ 0.172099311304463, 51.508370930074847 ], [ 0.170503060733762, 51.509109126630008 ], [ 0.166223156280704, 51.51066399887916 ], [ 0.165225753260238, 51.511117674759497 ], [ 0.165149174579885, 51.511539056537877 ], [ 0.16485097692229, 51.511693843706169 ], [ 0.16377086686851, 51.511649928510252 ], [ 0.163547018577438, 51.511913952954316 ], [ 0.163280488216846, 51.511703040694044 ], [ 0.162819432516437, 51.511827553092012 ], [ 0.162469771596877, 51.511626265761016 ], [ 0.162226034001619, 51.511805221996404 ], [ 0.159897853850389, 51.511761794152449 ], [ 0.159426207939928, 51.511936848309951 ], [ 0.159534397061399, 51.512335039201751 ], [ 0.159127184669405, 51.51237940808398 ], [ 0.15869287418102, 51.51218596308874 ] ] ] } },
{ "type": "Feature", "properties": { "NAME": "Hillingdon", "GSS_CODE": "E09000017" }, "geometry": { "type": "Polygon", "coordinates": [ [ [ -0.404071930594378, 51.613180417571776 ], [ -0.40323745444864, 51.609095654969295 ], [ -0.402514988204885, 51.608201004172841 ], [ -0.402128014761559, 51.606882891931974 ], [ -0.401782114037132, 51.606616513272115 ], [ -0.402372946849109, 51.606117401399921 ], [ -0.40252975971901, 51.605187954253267 ], [ -0.402359389034671, 51.601936790224819 ], [ -0.401281918199246, 51.599683086994958 ], [ -0.399967439456136, 51.598219246241399 ], [ -0.400333369552112, 51.597420338981586 ], [ -0.397638739985399, 51.597023002644768 ], [ -0.397697049452696, 51.596514844966073 ], [ -0.396507119129866, 51.595086833787683 ], [ -0.396364660929955, 51.59359759125185 ], [ -0.395488781697021, 51.591618145493612 ], [ -0.395489691310349, 51.590199200734432 ], [ -0.3944718206705, 51.590448751494179 ], [ -0.393071457090531, 51.589018723367836 ], [ -0.392033374167579, 51.588328298581686 ], [ -0.391034159854319, 51.583064996560744 ], [ -0.391048404624195, 51.581721766013452 ], [ -0.391504973484157, 51.581708241358278 ], [ -0.391572337625265, 51.581558096575137 ], [ -0.388613808838913, 51.577755200635018 ], [ -0.387878152880027, 51.57566431390606 ], [ -0.38751337095118, 51.575287926594569 ], [ -0.388075886015872, 51.574970137959951 ], [ -0.385708194718367, 51.572146428330143 ], [ -0.386460773215448, 51.571554303099454 ], [ -0.384630340014069, 51.569335034274076 ], [ -0.383297460242683, 51.567249380349786 ], [ -0.383480982229135, 51.567160188343394 ], [ -0.382399239342138, 51.564709302920065 ], [ -0.382503540730559, 51.563721601337399 ], [ -0.381969686204784, 51.563072200282541 ], [ -0.382381307704141, 51.562897132316202 ], [ -0.380309100509167, 51.560676255586195 ], [ -0.380420102808632, 51.559703934246436 ], [ -0.380157284477403, 51.559670632383522 ], [ -0.380033957490341, 51.559446822959757 ], [ -0.38029265847653, 51.559108691063798 ], [ -0.37768878840865, 51.554688129074435 ], [ -0.38019399710882, 51.553683241083384 ], [ -0.38526948135947, 51.551170638521072 ], [ -0.393944391878816, 51.548697249830319 ], [ -0.394986519103217, 51.548756470438825 ], [ -0.394888884127809, 51.547637406209645 ], [ -0.398720677836561, 51.547891186477955 ], [ -0.398428805877601, 51.547577871840112 ], [ -0.3978860188673, 51.545662320160368 ], [ -0.39655731094148, 51.545962493326307 ], [ -0.396242185669653, 51.545531956795294 ], [ -0.395592012921643, 51.544089713108846 ], [ -0.395272744581899, 51.542547682103105 ], [ -0.397672982432068, 51.542325107495977 ], [ -0.401308419830299, 51.542532062153541 ], [ -0.40485251244989, 51.542506562993552 ], [ -0.407950445343084, 51.541959651702925 ], [ -0.407876470233707, 51.541806680041539 ], [ -0.414446407594675, 51.540688897625508 ], [ -0.416462303686897, 51.540191878759238 ], [ -0.418321693948568, 51.540090169801708 ], [ -0.419307137886319, 51.540448749615912 ], [ -0.419507563630573, 51.540241032806108 ], [ -0.419408163835478, 51.539905184954087 ], [ -0.418161057243636, 51.539150120356936 ], [ -0.418689146311216, 51.538891070598503 ], [ -0.419459268132259, 51.538762968087305 ], [ -0.419614103011731, 51.538580714213843 ], [ -0.419305151698008, 51.53821686524833 ], [ -0.417466647037912, 51.537801820934114 ], [ -0.417700277120828, 51.536885971331102 ], [ -0.417396913543256, 51.53661121504738 ], [ -0.415339414134958, 51.536567257407924 ], [ -0.414858201540723, 51.536016729827651 ], [ -0.41385096625124, 51.535749537406076 ], [ -0.413481143067908, 51.534691552109145 ], [ -0.412269276219365, 51.534505205865152 ], [ -0.41183264766502, 51.53408385704887 ], [ -0.411084455434979, 51.534287740670791 ], [ -0.405249684576102, 51.533206843828367 ], [ -0.39234582809095, 51.531401342765676 ], [ -0.38927888955635, 51.530799060520891 ], [ -0.389273705484105, 51.530619145026748 ], [ -0.387115541757634, 51.529556288540739 ], [ -0.386637565137385, 51.530394085721682 ], [ -0.385868387851149, 51.530374513192172 ], [ -0.382474577635002, 51.529643461615272 ], [ -0.376377242326114, 51.52888661609019 ], [ -0.376202659739712, 51.528809564254956 ], [ -0.376270821426778, 51.527379843463983 ], [ -0.375969768753666, 51.525306562877347 ], [ -0.379337466844929, 51.521279652654265 ], [ -0.382618519851371, 51.517932164196353 ], [ -0.382866017701492, 51.517943669394569 ], [ -0.384650875364846, 51.516543890471588 ], [ -0.389022619741879, 51.514735423453786 ], [ -0.390017847788555, 51.513936188829454 ], [ -0.392861275840239, 51.507793914471847 ], [ -0.393586271409437, 51.506969365453642 ], [ -0.399869903718245, 51.504430418930511 ], [ -0.403209870435464, 51.503440928679154 ], [ -0.404272956090026, 51.502540885546622 ], [ -0.406980145401599, 51.499610245515136 ], [ -0.409285264432964, 51.500315049712768 ], [ -0.409680836774541, 51.499960724317724 ], [ -0.410891435490277, 51.497712886417325 ], [ -0.410565962473081, 51.496218461517437 ], [ -0.411408249185943, 51.494988943272666 ], [ -0.412637801106655, 51.48858062928398 ], [ -0.413007989223406, 51.488248429689719 ], [ -0.413365141561485, 51.487254222707037 ], [ -0.41398500167332, 51.487197862851652 ], [ -0.414535484911064, 51.486525491699737 ], [ -0.414633745353856, 51.486225579523811 ], [ -0.414081831972389, 51.486192039829184 ], [ -0.414025639679972, 51.486068086039246 ], [ -0.414686681011719, 51.485654387703377 ], [ -0.416191151968424, 51.483053472659378 ], [ -0.416867240528339, 51.482452926400967 ], [ -0.416478481111382, 51.482117661813454 ], [ -0.416828605301988, 51.48086527116525 ], [ -0.4167441595286, 51.480434301072911 ], [ -0.415603095956013, 51.478578174009442 ], [ -0.41496616972651, 51.476720756986118 ], [ -0.41495042428168, 51.476053317870132 ], [ -0.415695855244635, 51.474903388518449 ], [ -0.415844823546912, 51.474011569400048 ], [ -0.415540185088968, 51.473702615598128 ], [ -0.414747497380471, 51.473391560375909 ], [ -0.414238975011027, 51.472650915232592 ], [ -0.413280140485125, 51.471983307304264 ], [ -0.412978508532851, 51.471422603520651 ], [ -0.411333195238031, 51.470457034322138 ], [ -0.411154483533165, 51.469881804709743 ], [ -0.41967930920629, 51.467302917548757 ], [ -0.42016165279449, 51.467134967033878 ], [ -0.420290412679656, 51.46678330529452 ], [ -0.421725682178639, 51.466702818240584 ], [ -0.433598860526054, 51.461739132367214 ], [ -0.435661962749949, 51.459373831945157 ], [ -0.436633732499774, 51.457684555701178 ], [ -0.434747587107275, 51.457110862669317 ], [ -0.435061511264718, 51.456854277025656 ], [ -0.43615367929764, 51.456905717487167 ], [ -0.440316590219556, 51.456645538546674 ], [ -0.441479839076624, 51.45680758058122 ], [ -0.444003987676191, 51.453266677472008 ], [ -0.448146816506627, 51.453630019018675 ], [ -0.453783404871133, 51.45485369888879 ], [ -0.454092158354318, 51.455044809198924 ], [ -0.453930633061687, 51.455395176038351 ], [ -0.454128861272083, 51.455492208477501 ], [ -0.455432717660337, 51.45562539201795 ], [ -0.455370750956621, 51.455286466741335 ], [ -0.455614209180364, 51.455237518675879 ], [ -0.456814610966431, 51.455493417292899 ], [ -0.459593576064876, 51.456744813385278 ], [ -0.461043135846364, 51.457169398853544 ], [ -0.466658662636815, 51.457841853203348 ], [ -0.47063422070937, 51.458102395255736 ], [ -0.473580247947794, 51.458633558866367 ], [ -0.475896869945809, 51.460085366332208 ], [ -0.476318239444393, 51.460615989014968 ], [ -0.475915600161388, 51.460689887852233 ], [ -0.476138457099826, 51.460957155958894 ], [ -0.477052017233195, 51.461318822856924 ], [ -0.478934965075718, 51.461446674497473 ], [ -0.485882144078763, 51.461313581175311 ], [ -0.488828192203947, 51.461811987691817 ], [ -0.489629473582006, 51.461784544286623 ], [ -0.490329963186087, 51.462325005128761 ], [ -0.492228998352132, 51.462971700699839 ], [ -0.492873352258411, 51.462988976585464 ], [ -0.493464485309341, 51.462698930684397 ], [ -0.493881187009854, 51.462722268159261 ], [ -0.494558044638933, 51.463632878917437 ], [ -0.497052856035819, 51.465735787555758 ], [ -0.497005078110729, 51.465875453583045 ], [ -0.498137141149838, 51.46643038977323 ], [ -0.500368764621108, 51.467128869596948 ], [ -0.503418994527947, 51.467671401240224 ], [ -0.505684472573001, 51.467778524716266 ], [ -0.506624735119186, 51.467598069948082 ], [ -0.507336591497579, 51.466916532904108 ], [ -0.50880071156893, 51.467094322654567 ], [ -0.51029614719071, 51.467504490428986 ], [ -0.510172959605842, 51.468767227373448 ], [ -0.509689361430172, 51.46920439730291 ], [ -0.508622844424119, 51.469414743739378 ], [ -0.507690038993805, 51.470115957331416 ], [ -0.506834313015519, 51.471057337276349 ], [ -0.505961462955543, 51.47247777646713 ], [ -0.505154380836509, 51.474439477851824 ], [ -0.504535266224061, 51.477432276244208 ], [ -0.504244813693584, 51.477947420934413 ], [ -0.504207506718806, 51.478955867806491 ], [ -0.503221312220877, 51.48101598250949 ], [ -0.501726200223519, 51.483133432586989 ], [ -0.498896846356983, 51.485702286101699 ], [ -0.49898049211227, 51.485918269663053 ], [ -0.49871362326641, 51.486106387162515 ], [ -0.499091857253463, 51.486255103036079 ], [ -0.498979910262177, 51.486681697831209 ], [ -0.499695100119872, 51.486832925306878 ], [ -0.499613715851983, 51.487250020221566 ], [ -0.499043585811409, 51.487856890562071 ], [ -0.499237925545228, 51.48803562408802 ], [ -0.499188367582982, 51.48857991551661 ], [ -0.498847665924261, 51.488428083629692 ], [ -0.498524749055215, 51.488611886432942 ], [ -0.498326851072802, 51.488453788176017 ], [ -0.497997367765954, 51.488881193318306 ], [ -0.498136796765593, 51.48902145828778 ], [ -0.498401574685232, 51.488985283022629 ], [ -0.498648938582968, 51.489260013353586 ], [ -0.497401295711411, 51.489881580572003 ], [ -0.497057098621684, 51.489704520668425 ], [ -0.496669974492826, 51.489825449614585 ], [ -0.496447845897977, 51.490053701007653 ], [ -0.496965095063548, 51.490180825935376 ], [ -0.49678076839108, 51.490485995832231 ], [ -0.496005426486592, 51.490541698702913 ], [ -0.495472287697739, 51.491159816722927 ], [ -0.494961546898944, 51.49131602217075 ], [ -0.494936482748877, 51.491683480322237 ], [ -0.495368240905531, 51.492045109955995 ], [ -0.494814413948639, 51.492678246242932 ], [ -0.493284033036602, 51.492826749906101 ], [ -0.492744768412439, 51.492755077423965 ], [ -0.492239971218979, 51.492992277023639 ], [ -0.491503518364183, 51.493046651811611 ], [ -0.490952994840006, 51.493621363436731 ], [ -0.490455586270656, 51.49385235595183 ], [ -0.490485082698506, 51.494136888192088 ], [ -0.48955210641523, 51.495167968798256 ], [ -0.489700477574892, 51.495429753144322 ], [ -0.488683821683307, 51.495984063517099 ], [ -0.488621615728339, 51.496819533724931 ], [ -0.489490461634766, 51.497599556572276 ], [ -0.488855696659739, 51.498540953009439 ], [ -0.489592164054669, 51.498619678708494 ], [ -0.489763704860557, 51.498965388268822 ], [ -0.488880711399274, 51.499788488618336 ], [ -0.488764640117028, 51.500205128824526 ], [ -0.488270147504139, 51.500432552917843 ], [ -0.488001133651993, 51.500289706907878 ], [ -0.487477637324755, 51.500348600314808 ], [ -0.487312705395913, 51.500978622551202 ], [ -0.486454912809142, 51.50082098460792 ], [ -0.486186889821048, 51.500909245867085 ], [ -0.4862603246447, 51.501823797525361 ], [ -0.485168225285386, 51.502605505032747 ], [ -0.485113902917474, 51.502940211172145 ], [ -0.484824379301719, 51.503154981179172 ], [ -0.484933644192406, 51.503379398201254 ], [ -0.484679248740263, 51.503577536470495 ], [ -0.485179203277147, 51.503925696320302 ], [ -0.484857230300287, 51.504380138054522 ], [ -0.48525107294257, 51.504626214604706 ], [ -0.485064779192948, 51.505073416752445 ], [ -0.484802737353926, 51.505197720807665 ], [ -0.484667681723433, 51.505620406120045 ], [ -0.483941358948539, 51.505623609847241 ], [ -0.483680226433467, 51.506458303821134 ], [ -0.483194155391002, 51.506646250078362 ], [ -0.483232190198957, 51.507236627559244 ], [ -0.483996481491348, 51.507609791025516 ], [ -0.48394854467942, 51.507838471496093 ], [ -0.483510125052654, 51.507936214152153 ], [ -0.483532120727937, 51.508098357351145 ], [ -0.484161067010311, 51.508338484317555 ], [ -0.48497202543249, 51.50930392807286 ], [ -0.485837463565636, 51.509800678786611 ], [ -0.485505600520125, 51.509813479672047 ], [ -0.485570032056456, 51.510086773761685 ], [ -0.485744831145016, 51.510204129908239 ], [ -0.486298304619041, 51.510157320418784 ], [ -0.486402786556809, 51.510483285298598 ], [ -0.486816580845559, 51.510476934062595 ], [ -0.48735432785531, 51.510861539924107 ], [ -0.487547218058894, 51.510824461643203 ], [ -0.488760414801685, 51.511352650110133 ], [ -0.489806699235265, 51.511525285769572 ], [ -0.489995228323394, 51.512099613254513 ], [ -0.489733326889762, 51.512654653892561 ], [ -0.489941726235698, 51.513412676898994 ], [ -0.489581112938449, 51.51407615053882 ], [ -0.490594904711842, 51.514972227803824 ], [ -0.491219676243426, 51.515255424575379 ], [ -0.491812428768989, 51.515941054136476 ], [ -0.492350023179803, 51.517075578505121 ], [ -0.491610787876815, 51.518991291905408 ], [ -0.490533304516936, 51.519757050835892 ], [ -0.490387116229139, 51.520167908687846 ], [ -0.490449537807212, 51.520677666673933 ], [ -0.491013843447241, 51.520960985065173 ], [ -0.491193629906895, 51.52127802209403 ], [ -0.490542708641665, 51.522480888697089 ], [ -0.49060737441706, 51.523315291129371 ], [ -0.490277145266045, 51.524583428099461 ], [ -0.490834570228844, 51.525773963915803 ], [ -0.490839869511272, 51.526442146957805 ], [ -0.490618939313408, 51.526845748781888 ], [ -0.489942170059572, 51.527127485431521 ], [ -0.489476169020987, 51.527617851724912 ], [ -0.488997967505225, 51.5286071218855 ], [ -0.48899131978262, 51.529069231369888 ], [ -0.489907703670236, 51.530435243421444 ], [ -0.490149186725974, 51.532069521575728 ], [ -0.490457422102283, 51.532209268814725 ], [ -0.490494411585311, 51.532485802695454 ], [ -0.490858276988064, 51.532512963921121 ], [ -0.491209513628196, 51.533271020536134 ], [ -0.491110532556724, 51.533648315612375 ], [ -0.490502614743432, 51.534155743947579 ], [ -0.49122806954353, 51.534323336428251 ], [ -0.491616528827677, 51.534915516109272 ], [ -0.493349522679018, 51.535835195504688 ], [ -0.495508089535658, 51.538543440840336 ], [ -0.49467563029713, 51.539256627851699 ], [ -0.493810016230866, 51.54040550033092 ], [ -0.493605694331014, 51.541003549654924 ], [ -0.492190637092651, 51.541365739684686 ], [ -0.491806433445788, 51.541602689338816 ], [ -0.492118864494606, 51.542446567080674 ], [ -0.491506425715426, 51.544003320288084 ], [ -0.490801351510082, 51.545002267842563 ], [ -0.490976919500798, 51.545187964668266 ], [ -0.491585235492758, 51.54532707098889 ], [ -0.491375792692987, 51.546121977264676 ], [ -0.491195001070608, 51.546224860194457 ], [ -0.489998438293772, 51.546124043050298 ], [ -0.489394544175284, 51.546330282009833 ], [ -0.48925663312724, 51.546531727864341 ], [ -0.489535172119808, 51.547179147838484 ], [ -0.488169776225587, 51.547428628900064 ], [ -0.487407791118228, 51.549183058064351 ], [ -0.486618080989529, 51.550032519865255 ], [ -0.485530884018362, 51.550674915932909 ], [ -0.484792987468942, 51.55091806787248 ], [ -0.484248747677226, 51.551453262333318 ], [ -0.482685890727191, 51.551520287391014 ], [ -0.47890311695511, 51.554834357176638 ], [ -0.478513661225314, 51.554661156028374 ], [ -0.478058835748434, 51.554934012914543 ], [ -0.477739465569664, 51.554865127257834 ], [ -0.477339848830683, 51.555298756858129 ], [ -0.477209633183306, 51.556519992027802 ], [ -0.476816097378146, 51.557116455626222 ], [ -0.476884298337197, 51.557709020574144 ], [ -0.476616824619342, 51.558029263949727 ], [ -0.477003909303363, 51.558749159579335 ], [ -0.47665426996575, 51.559240085549739 ], [ -0.477519998154137, 51.560271922649122 ], [ -0.479318047200136, 51.560472380339952 ], [ -0.480442070533085, 51.560812453927895 ], [ -0.480914049531666, 51.560675590370224 ], [ -0.481149228799167, 51.560761361641077 ], [ -0.481208410682063, 51.561020200407725 ], [ -0.480773414231936, 51.561778896899554 ], [ -0.481502413693803, 51.562371918238291 ], [ -0.482814798514213, 51.562819613167768 ], [ -0.482266228860583, 51.563913150325135 ], [ -0.483242616454121, 51.565137905683848 ], [ -0.483038038121017, 51.565128967000078 ], [ -0.482599823653483, 51.565723972438711 ], [ -0.483469085785878, 51.56639702528777 ], [ -0.484771659304671, 51.56684007456991 ], [ -0.484303472335416, 51.56833660391279 ], [ -0.484584621855014, 51.568820411145538 ], [ -0.484033861499135, 51.571193498560774 ], [ -0.485082304976413, 51.572296874860356 ], [ -0.485554878021342, 51.573838818099475 ], [ -0.48456280100967, 51.574293599597866 ], [ -0.484055568608149, 51.574835564788202 ], [ -0.484047382878709, 51.575125003421228 ], [ -0.484269592373608, 51.57534278361716 ], [ -0.485189692589506, 51.575360957133107 ], [ -0.486191331778693, 51.5758351732986 ], [ -0.487620006781088, 51.57618360027373 ], [ -0.488127552899874, 51.576501264473173 ], [ -0.488202179772919, 51.576992292730878 ], [ -0.488956433966072, 51.577269069722625 ], [ -0.489501645742521, 51.578279600709756 ], [ -0.488574058923796, 51.579616466994779 ], [ -0.488934920332937, 51.580702856885011 ], [ -0.489624065714853, 51.581770090963893 ], [ -0.491058526465064, 51.582821726987639 ], [ -0.493218404706609, 51.583719004540434 ], [ -0.494723163040565, 51.584613237298512 ], [ -0.495133812897106, 51.585421491765445 ], [ -0.494962479482311, 51.586544198569761 ], [ -0.495762292547186, 51.588113669597689 ], [ -0.496527504800544, 51.588590159821401 ], [ -0.497230417956201, 51.58933650741686 ], [ -0.497933340382139, 51.59095867401863 ], [ -0.498551170147908, 51.591003445691783 ], [ -0.498842997012265, 51.591215793080757 ], [ -0.498641456304394, 51.591899306871383 ], [ -0.4993707005831, 51.591980568013341 ], [ -0.49956321303923, 51.592140389326431 ], [ -0.499408015899582, 51.592600595344329 ], [ -0.498803401179161, 51.593073937746794 ], [ -0.498589400739842, 51.594441584655506 ], [ -0.499422589443921, 51.595312774670056 ], [ -0.499525973880115, 51.596381448571364 ], [ -0.500565828241803, 51.598519548366504 ], [ -0.500579710543099, 51.599544814932919 ], [ -0.500902580649865, 51.600175681545899 ], [ -0.500252409310337, 51.601284184472775 ], [ -0.499124564560553, 51.601375875928277 ], [ -0.498346548767584, 51.600973874668433 ], [ -0.497733309577963, 51.600873410907511 ], [ -0.497053507026754, 51.601127276197694 ], [ -0.496687569835195, 51.601408536558068 ], [ -0.496750980790353, 51.601674612898123 ], [ -0.496334406736121, 51.602395832239324 ], [ -0.497185173914038, 51.603218704862059 ], [ -0.497474404548054, 51.604255588699132 ], [ -0.497284161486308, 51.604900578077377 ], [ -0.498591705689474, 51.608294703873248 ], [ -0.499173938638176, 51.608681610921614 ], [ -0.499252550001241, 51.608925399808555 ], [ -0.498337591527198, 51.609474800795844 ], [ -0.498997115117879, 51.610145945077086 ], [ -0.498827787210338, 51.610638339840278 ], [ -0.498966957604318, 51.611104106250806 ], [ -0.498500975285483, 51.611570227276651 ], [ -0.49857144371612, 51.612148414542098 ], [ -0.49791453225891, 51.613235236494027 ], [ -0.497907200810856, 51.614244943429213 ], [ -0.497670740997343, 51.614669936682596 ], [ -0.497064718041157, 51.614913956136178 ], [ -0.495409833497402, 51.618790787597732 ], [ -0.496031499874253, 51.61964849527201 ], [ -0.496722385353163, 51.620029611344826 ], [ -0.496829705317574, 51.620497669348119 ], [ -0.499281237331703, 51.6211063150648 ], [ -0.500175577854297, 51.622065497436125 ], [ -0.500045939008937, 51.623675203669421 ], [ -0.49976554245233, 51.6240735626169 ], [ -0.498362534855252, 51.624781280125767 ], [ -0.498392109198104, 51.625242047506227 ], [ -0.497840888772614, 51.625834761495753 ], [ -0.497654399021142, 51.626669528325714 ], [ -0.49927035973438, 51.627785415536131 ], [ -0.500251674159466, 51.628652190788401 ], [ -0.500328108844905, 51.62891932930124 ], [ -0.499732220560942, 51.629332541251429 ], [ -0.499617039094758, 51.630064814091853 ], [ -0.499282686500436, 51.630476869376217 ], [ -0.497017018198012, 51.631704967823751 ], [ -0.496154571581864, 51.631700219818079 ], [ -0.4955554349769, 51.631161119633411 ], [ -0.494169174916621, 51.631048934439654 ], [ -0.493568581849512, 51.630554765086309 ], [ -0.493137123794931, 51.630668822184319 ], [ -0.492361996122787, 51.630515000794666 ], [ -0.491557631218316, 51.630763639103677 ], [ -0.489047813254159, 51.627591370976091 ], [ -0.487879190078113, 51.626759855031523 ], [ -0.483737514757407, 51.624754283570198 ], [ -0.480734223127091, 51.623623833223256 ], [ -0.47834982557926, 51.622393423587695 ], [ -0.476712332782244, 51.621898311895663 ], [ -0.475633819910537, 51.620975222904555 ], [ -0.472969458382061, 51.619185360802554 ], [ -0.470751895054556, 51.618032496463144 ], [ -0.468926077834249, 51.616702160917526 ], [ -0.463261571200195, 51.614334288919892 ], [ -0.457151910107149, 51.612291197284016 ], [ -0.455368835112528, 51.612698469496642 ], [ -0.448899919276795, 51.615322481613717 ], [ -0.448131373888156, 51.615919287783832 ], [ -0.446498770415565, 51.61868163075151 ], [ -0.445569626634135, 51.619621589258514 ], [ -0.445132350003544, 51.619694029754065 ], [ -0.443277015628401, 51.619499494730576 ], [ -0.442143206806898, 51.619622034025831 ], [ -0.440596659427208, 51.620069988129394 ], [ -0.438303584722424, 51.619919015802928 ], [ -0.436201816125059, 51.619329936729457 ], [ -0.436122707031759, 51.619194002353765 ], [ -0.432751573472931, 51.618345160653107 ], [ -0.43084476385428, 51.618180314307253 ], [ -0.42841706457979, 51.617748595087299 ], [ -0.426502914038234, 51.617003592103117 ], [ -0.420924161021057, 51.616929589725423 ], [ -0.416973064914464, 51.616488822882218 ], [ -0.416058550984431, 51.616245392125592 ], [ -0.41115614937786, 51.613806140278349 ], [ -0.405396626747252, 51.613420522533666 ], [ -0.404071930594378, 51.613180417571776 ] ] ] } },
{ "type": "Feature", "properties": { "NAME": "Harrow", "GSS_CODE": "E09000015" }, "geometry": { "type": "Polygon", "coordinates": [ [ [ -0.404071930594378, 51.613180417571776 ], [ -0.401440872999069, 51.613166202301421 ], [ -0.399487007528408, 51.61340394862868 ], [ -0.396996350441076, 51.614200835882613 ], [ -0.39270094918247, 51.615178895049489 ], [ -0.386686261505543, 51.615634122654242 ], [ -0.383525357311691, 51.616503341184021 ], [ -0.382013359706415, 51.617428482007327 ], [ -0.38046947989411, 51.617462046527038 ], [ -0.377587155071051, 51.617803515356876 ], [ -0.375861859542772, 51.61818430505901 ], [ -0.371635473521075, 51.619349587299311 ], [ -0.368197126181606, 51.620648865724107 ], [ -0.366941142078431, 51.620787864806609 ], [ -0.366262803874269, 51.621012222262792 ], [ -0.363454686033757, 51.622534143227739 ], [ -0.362578282553899, 51.623564109353872 ], [ -0.361815446264855, 51.623726116484391 ], [ -0.36092667472247, 51.624616520098378 ], [ -0.359790527881749, 51.625234597311454 ], [ -0.35755028993002, 51.625460453984601 ], [ -0.355225986495043, 51.62597283805183 ], [ -0.354143789127822, 51.626015222169599 ], [ -0.350502689120981, 51.626582781986841 ], [ -0.349245579877792, 51.6269059153285 ], [ -0.346430296176988, 51.628002903472513 ], [ -0.345129731894436, 51.628327179418882 ], [ -0.339834948705484, 51.630807993718982 ], [ -0.338794678318303, 51.63005502660755 ], [ -0.338307496084957, 51.6294690396889 ], [ -0.336155133079867, 51.631233387054237 ], [ -0.333112912813476, 51.633380719406468 ], [ -0.332995210567904, 51.633832251610535 ], [ -0.33260705164077, 51.633738617235018 ], [ -0.33000679772738, 51.635331935764533 ], [ -0.326570148893805, 51.636715453170943 ], [ -0.319816694898068, 51.638216911742866 ], [ -0.319119884633155, 51.638575616365458 ], [ -0.318087132988693, 51.639928531561004 ], [ -0.316696203680581, 51.64053175486994 ], [ -0.312710972972661, 51.639073581051768 ], [ -0.305401050949265, 51.637104238824207 ], [ -0.304702267881162, 51.636699396204783 ], [ -0.304482738583745, 51.636347330817664 ], [ -0.305597635352404, 51.634117184757699 ], [ -0.305462271243027, 51.633367983052032 ], [ -0.303953920396915, 51.631464145465529 ], [ -0.302185879636718, 51.630133829275252 ], [ -0.299254915817157, 51.627410843511136 ], [ -0.295188975997743, 51.624103899605487 ], [ -0.288276186439627, 51.61803699624663 ], [ -0.287565593800147, 51.617151692378961 ], [ -0.286003759253959, 51.615896069134152 ], [ -0.282199703581858, 51.613355920422606 ], [ -0.277937459471689, 51.609424122803745 ], [ -0.276036802817764, 51.608015019813486 ], [ -0.273807664570213, 51.60571262289961 ], [ -0.267155869795106, 51.600370342235593 ], [ -0.271141291423371, 51.598313235945689 ], [ -0.273001689023607, 51.598371196667614 ], [ -0.276976314726478, 51.5968928352464 ], [ -0.276515610076848, 51.596514691961573 ], [ -0.281376621220274, 51.596025751315423 ], [ -0.284069290647042, 51.595604744288948 ], [ -0.285611981372381, 51.595201954407088 ], [ -0.285796555424686, 51.594747844780343 ], [ -0.286282912061732, 51.594944682859627 ], [ -0.287685352215468, 51.594315911558787 ], [ -0.289724989683286, 51.593864564756004 ], [ -0.290421892305725, 51.593568082346238 ], [ -0.289092467695051, 51.592908464613998 ], [ -0.286604669931034, 51.592264299455266 ], [ -0.28545893091519, 51.591674762983089 ], [ -0.284653928568551, 51.591008365994746 ], [ -0.283997228128457, 51.590238023175175 ], [ -0.283364080107557, 51.588881726728111 ], [ -0.282867786390016, 51.586729816461855 ], [ -0.282304317135769, 51.58586281163295 ], [ -0.282340915329369, 51.585083719278586 ], [ -0.294315833342751, 51.586585616486559 ], [ -0.298611898217624, 51.586811630492839 ], [ -0.300791460817233, 51.587240662058576 ], [ -0.303062901285104, 51.587258238214922 ], [ -0.304846035960885, 51.587053804677282 ], [ -0.306841154445615, 51.586543969205735 ], [ -0.313074968065354, 51.584261586264859 ], [ -0.320210850072241, 51.580436135806039 ], [ -0.323422947477466, 51.579395806545783 ], [ -0.32667154545761, 51.578772249768228 ], [ -0.326585984515121, 51.578233295538737 ], [ -0.325434087166326, 51.576039850035457 ], [ -0.324741419856678, 51.57317313635636 ], [ -0.322153682684777, 51.569654377626748 ], [ -0.325175111719499, 51.568440424288085 ], [ -0.325073621525731, 51.568257332783894 ], [ -0.326174892483094, 51.567934038837045 ], [ -0.327653292681905, 51.567792357266228 ], [ -0.327498872565258, 51.567557257887586 ], [ -0.329745383309221, 51.56708658867138 ], [ -0.329646099217441, 51.566212929631355 ], [ -0.328669100000084, 51.565942740454574 ], [ -0.328332663725886, 51.563274449845082 ], [ -0.328580446823228, 51.563009111667668 ], [ -0.328249612891063, 51.562509826184971 ], [ -0.329785740278258, 51.562362646399805 ], [ -0.331420728773012, 51.561524450579135 ], [ -0.331216800530079, 51.561459504261826 ], [ -0.331996172804403, 51.560938245200916 ], [ -0.331853437136521, 51.560817518729095 ], [ -0.33392256628271, 51.558874019429595 ], [ -0.333978106174083, 51.55770941461104 ], [ -0.334908439335499, 51.55783142587245 ], [ -0.335600675129348, 51.55653287687025 ], [ -0.338324953748143, 51.557224323324519 ], [ -0.342545666459445, 51.557468357723288 ], [ -0.343980785603663, 51.557792557200955 ], [ -0.346000954144404, 51.5586519311274 ], [ -0.347183352169836, 51.559303442186376 ], [ -0.347554752406028, 51.559683648329035 ], [ -0.359293498484607, 51.557678546970124 ], [ -0.362427008333607, 51.557270010489646 ], [ -0.362201008574499, 51.556734517745753 ], [ -0.362698389681593, 51.556300840790243 ], [ -0.362540952377695, 51.5560252808313 ], [ -0.364723590422653, 51.555539565956131 ], [ -0.366589363401044, 51.555320964805205 ], [ -0.366488821666724, 51.555147814101616 ], [ -0.366993371392691, 51.554995674902138 ], [ -0.369842477675741, 51.5545865799523 ], [ -0.371444177591221, 51.554045909006717 ], [ -0.372471405408498, 51.553959448739143 ], [ -0.372855108451212, 51.553716585451276 ], [ -0.373364832840529, 51.554024891346771 ], [ -0.373706849061688, 51.553818315414929 ], [ -0.373908402336733, 51.553910131475043 ], [ -0.375861416988592, 51.55306134004838 ], [ -0.377290096019519, 51.554217719775856 ], [ -0.377700857007783, 51.55499762737746 ], [ -0.377861565308484, 51.554980965536203 ], [ -0.38029265847653, 51.559108691063798 ], [ -0.380033957490341, 51.559446822959757 ], [ -0.380157284477403, 51.559670632383522 ], [ -0.380420102808632, 51.559703934246436 ], [ -0.380309100509167, 51.560676255586195 ], [ -0.382381307704141, 51.562897132316202 ], [ -0.381969686204784, 51.563072200282541 ], [ -0.382503540730559, 51.563721601337399 ], [ -0.382399239342138, 51.564709302920065 ], [ -0.383480982229135, 51.567160188343394 ], [ -0.383297460242683, 51.567249380349786 ], [ -0.384630340014069, 51.569335034274076 ], [ -0.386460773215448, 51.571554303099454 ], [ -0.385708194718367, 51.572146428330143 ], [ -0.388075886015872, 51.574970137959951 ], [ -0.38751337095118, 51.575287926594569 ], [ -0.387878152880027, 51.57566431390606 ], [ -0.388613808838913, 51.577755200635018 ], [ -0.391572337625265, 51.581558096575137 ], [ -0.391504973484157, 51.581708241358278 ], [ -0.391048404624195, 51.581721766013452 ], [ -0.391034159854319, 51.583064996560744 ], [ -0.392033374167579, 51.588328298581686 ], [ -0.393071457090531, 51.589018723367836 ], [ -0.3944718206705, 51.590448751494179 ], [ -0.395489691310349, 51.590199200734432 ], [ -0.395488781697021, 51.591618145493612 ], [ -0.396364660929955, 51.59359759125185 ], [ -0.396507119129866, 51.595086833787683 ], [ -0.397697049452696, 51.596514844966073 ], [ -0.397638739985399, 51.597023002644768 ], [ -0.400333369552112, 51.597420338981586 ], [ -0.399967439456136, 51.598219246241399 ], [ -0.401281918199246, 51.599683086994958 ], [ -0.402359389034671, 51.601936790224819 ], [ -0.40252975971901, 51.605187954253267 ], [ -0.402372946849109, 51.606117401399921 ], [ -0.401782114037132, 51.606616513272115 ], [ -0.402128014761559, 51.606882891931974 ], [ -0.402514988204885, 51.608201004172841 ], [ -0.40323745444864, 51.609095654969295 ], [ -0.404071930594378, 51.613180417571776 ] ] ] } },
{ "type": "Feature", "properties": { "NAME": "Brent", "GSS_CODE": "E09000005" }, "geometry": { "type": "Polygon", "coordinates": [ [ [ -0.196568704195895, 51.527654004893485 ], [ -0.197021450213631, 51.527944225769495 ], [ -0.197798791889112, 51.527900417863577 ], [ -0.198074730991063, 51.528615957357601 ], [ -0.197940441670374, 51.529935780149671 ], [ -0.198298074848447, 51.530444848905226 ], [ -0.199562919499805, 51.531237616210092 ], [ -0.201108018087953, 51.531907874414102 ], [ -0.201689319788261, 51.532559744382922 ], [ -0.202992186522306, 51.532902536951887 ], [ -0.205309925823058, 51.532956902061393 ], [ -0.207648159114264, 51.532819996244307 ], [ -0.211051413645667, 51.531959215316149 ], [ -0.21326777360598, 51.531766384792093 ], [ -0.215207285954771, 51.531389452800688 ], [ -0.215360444043541, 51.531196647876769 ], [ -0.215104462322817, 51.530258443128872 ], [ -0.215314092074961, 51.52991182820746 ], [ -0.21588365133741, 51.529725356824635 ], [ -0.216028870568452, 51.527928186079876 ], [ -0.217979013141962, 51.528640350230049 ], [ -0.221526610610528, 51.529278693831898 ], [ -0.223803793922006, 51.529963345219478 ], [ -0.2254465646686, 51.530168954197826 ], [ -0.225465333419428, 51.530019964473404 ], [ -0.227685224072355, 51.529917738713159 ], [ -0.227588011948516, 51.530156366683883 ], [ -0.231394066761617, 51.531088768730612 ], [ -0.234423838212656, 51.532637033256314 ], [ -0.237350079368354, 51.532018299582873 ], [ -0.243428954214255, 51.531784854829198 ], [ -0.246213969121179, 51.532697883164985 ], [ -0.247359116526412, 51.533514417934782 ], [ -0.250773675201008, 51.534183155795539 ], [ -0.250931131789779, 51.533912135875106 ], [ -0.251140836523424, 51.533895479052305 ], [ -0.252341069856416, 51.534142670376369 ], [ -0.256049555553792, 51.53395236668738 ], [ -0.256451738916227, 51.534935812948888 ], [ -0.257809070078552, 51.535337253279017 ], [ -0.260433616432426, 51.53453451619648 ], [ -0.263377919589475, 51.532677156651907 ], [ -0.264854301921289, 51.532184640637261 ], [ -0.264845957309325, 51.531683643723824 ], [ -0.265185114008481, 51.531371229940191 ], [ -0.266610452043792, 51.530512848082147 ], [ -0.267525082504771, 51.530155874534948 ], [ -0.268798382014966, 51.529958855736574 ], [ -0.268703664654816, 51.529833363610386 ], [ -0.269146026538587, 51.529725688488725 ], [ -0.269676174197494, 51.530002380277956 ], [ -0.270417588352479, 51.52976422586439 ], [ -0.270592974852134, 51.530043775606273 ], [ -0.27719635054284, 51.529232711026509 ], [ -0.280478498645475, 51.528405912221949 ], [ -0.284193632618344, 51.529058299041026 ], [ -0.284253656908983, 51.528918896658716 ], [ -0.285751874040502, 51.52917909602531 ], [ -0.289388242228372, 51.531667297042716 ], [ -0.285916685980208, 51.532813502973688 ], [ -0.285670806232698, 51.533064392808896 ], [ -0.284038927352779, 51.533518026973006 ], [ -0.283538983137573, 51.53281830455294 ], [ -0.28150887871243, 51.533240897893613 ], [ -0.280951423547067, 51.532576291015111 ], [ -0.279009990977783, 51.533208762440346 ], [ -0.278472969315512, 51.534564119733595 ], [ -0.278153224713748, 51.534554931124006 ], [ -0.278064249153514, 51.534925907440247 ], [ -0.277797785421007, 51.535071268654008 ], [ -0.278669720039078, 51.535502208394448 ], [ -0.282485565658978, 51.538664979505128 ], [ -0.286751997444901, 51.536755346527222 ], [ -0.288743318277991, 51.536100993952282 ], [ -0.293294391667818, 51.534971312724444 ], [ -0.29517323277004, 51.534891622159982 ], [ -0.295825448270442, 51.535303054227136 ], [ -0.296589095936371, 51.535240407693138 ], [ -0.299557025172486, 51.53325210218123 ], [ -0.302731525990399, 51.531982498422678 ], [ -0.307464151754043, 51.533050816102872 ], [ -0.306984398053179, 51.533623896758542 ], [ -0.30637705073708, 51.533827348658477 ], [ -0.3062568424592, 51.53423026655139 ], [ -0.305886190170075, 51.536718477964236 ], [ -0.305967235163961, 51.539429025380748 ], [ -0.304725459715365, 51.539861602351884 ], [ -0.306343305277814, 51.541068353468511 ], [ -0.308575882680496, 51.543238925766858 ], [ -0.308038725574941, 51.544035090528709 ], [ -0.307999487398257, 51.544431983436318 ], [ -0.308475037108616, 51.544869570619575 ], [ -0.308895710919147, 51.544959262944253 ], [ -0.308890472262291, 51.545217265804112 ], [ -0.307221897109505, 51.545255250624052 ], [ -0.30769687794456, 51.545863685972911 ], [ -0.309414719469431, 51.546831740549685 ], [ -0.311494917544872, 51.547558596426633 ], [ -0.312106234682578, 51.548109626214064 ], [ -0.312808107370012, 51.549293212100331 ], [ -0.31777916893307, 51.551616250734604 ], [ -0.32796445455771, 51.555297585181464 ], [ -0.334117809925073, 51.556294221882716 ], [ -0.33423391358856, 51.556196056340028 ], [ -0.335584419977626, 51.556583002808658 ], [ -0.334908439335499, 51.55783142587245 ], [ -0.333978106174083, 51.55770941461104 ], [ -0.33392256628271, 51.558874019429595 ], [ -0.331853437136521, 51.560817518729095 ], [ -0.331996172804403, 51.560938245200916 ], [ -0.331216800530079, 51.561459504261826 ], [ -0.331420728773012, 51.561524450579135 ], [ -0.329785740278258, 51.562362646399805 ], [ -0.328249612891063, 51.562509826184971 ], [ -0.328580446823228, 51.563009111667668 ], [ -0.328332663725886, 51.563274449845082 ], [ -0.328669100000084, 51.565942740454574 ], [ -0.329646099217441, 51.566212929631355 ], [ -0.329745383309221, 51.56708658867138 ], [ -0.327498872565258, 51.567557257887586 ], [ -0.327653292681905, 51.567792357266228 ], [ -0.326174892483094, 51.567934038837045 ], [ -0.325073621525731, 51.568257332783894 ], [ -0.325175111719499, 51.568440424288085 ], [ -0.322153682684777, 51.569654377626748 ], [ -0.324741419856678, 51.57317313635636 ], [ -0.325434087166326, 51.576039850035457 ], [ -0.326585984515121, 51.578233295538737 ], [ -0.32667154545761, 51.578772249768228 ], [ -0.323422947477466, 51.579395806545783 ], [ -0.320210850072241, 51.580436135806039 ], [ -0.313074968065354, 51.584261586264859 ], [ -0.306841154445615, 51.586543969205735 ], [ -0.304846035960885, 51.587053804677282 ], [ -0.303062901285104, 51.587258238214922 ], [ -0.300791460817233, 51.587240662058576 ], [ -0.298611898217624, 51.586811630492839 ], [ -0.294315833342751, 51.586585616486559 ], [ -0.282340915329369, 51.585083719278586 ], [ -0.282304317135769, 51.58586281163295 ], [ -0.282867786390016, 51.586729816461855 ], [ -0.283364080107557, 51.588881726728111 ], [ -0.283997228128457, 51.590238023175175 ], [ -0.284653928568551, 51.591008365994746 ], [ -0.28545893091519, 51.591674762983089 ], [ -0.286604669931034, 51.592264299455266 ], [ -0.289092467695051, 51.592908464613998 ], [ -0.290421892305725, 51.593568082346238 ], [ -0.289724989683286, 51.593864564756004 ], [ -0.287685352215468, 51.594315911558787 ], [ -0.286282912061732, 51.594944682859627 ], [ -0.285796555424686, 51.594747844780343 ], [ -0.285611981372381, 51.595201954407088 ], [ -0.284069290647042, 51.595604744288948 ], [ -0.281376621220274, 51.596025751315423 ], [ -0.276515610076848, 51.596514691961573 ], [ -0.276976314726478, 51.5968928352464 ], [ -0.273001689023607, 51.598371196667614 ], [ -0.271141291423371, 51.598313235945689 ], [ -0.267155869795106, 51.600370342235593 ], [ -0.2574212080792, 51.59202348738679 ], [ -0.25253648855471, 51.588544589732578 ], [ -0.248284315045053, 51.584363635596567 ], [ -0.251667870881682, 51.58345730948642 ], [ -0.252417302564268, 51.582696933291828 ], [ -0.253829439093852, 51.582043531058652 ], [ -0.254395799062254, 51.58146386097237 ], [ -0.254335358012019, 51.580404569970725 ], [ -0.254631799082068, 51.579598774013903 ], [ -0.254415403481667, 51.578842901074282 ], [ -0.253427626100654, 51.577013560426813 ], [ -0.252623103266745, 51.574923465007053 ], [ -0.25135536580222, 51.573135796706339 ], [ -0.25185972447094, 51.572815991296025 ], [ -0.252970479146251, 51.57267606648432 ], [ -0.253131113240723, 51.572438363384954 ], [ -0.252510292402746, 51.571505611134285 ], [ -0.251772288242249, 51.571107950079558 ], [ -0.251149506155214, 51.570265084000567 ], [ -0.250768664027433, 51.570111933920948 ], [ -0.249428320871311, 51.568904962326414 ], [ -0.248706274985869, 51.568544387966227 ], [ -0.248225716525243, 51.568658611304869 ], [ -0.247309817535591, 51.568461491982362 ], [ -0.247023654598235, 51.568623575275872 ], [ -0.24738258516409, 51.568970644329795 ], [ -0.246631784674566, 51.568982808553791 ], [ -0.246615830453353, 51.569322479499704 ], [ -0.246069990967581, 51.56978282181268 ], [ -0.246182840817337, 51.569962556182126 ], [ -0.246495966423313, 51.569812567811283 ], [ -0.246574507477706, 51.57002146374365 ], [ -0.246464632406032, 51.570514398929035 ], [ -0.246008918476852, 51.570957203806728 ], [ -0.246734841791444, 51.571517481690513 ], [ -0.246042429773708, 51.572186053894377 ], [ -0.245241904312865, 51.571914208602685 ], [ -0.244489389732369, 51.572306708394265 ], [ -0.244338495291769, 51.572552638698909 ], [ -0.244125287720738, 51.572543154144157 ], [ -0.244038620007503, 51.572320646550942 ], [ -0.243645954612337, 51.572324661849215 ], [ -0.242496782963668, 51.572487303132945 ], [ -0.242559660921157, 51.572765207949153 ], [ -0.24201554303783, 51.572804717279233 ], [ -0.241374762958562, 51.572656634713987 ], [ -0.241108434085063, 51.572116701421663 ], [ -0.240785080156865, 51.572343856092594 ], [ -0.24056173555465, 51.572185839927357 ], [ -0.239969481300985, 51.572388278120584 ], [ -0.239995601215209, 51.57208562890996 ], [ -0.239209040534893, 51.572088217259584 ], [ -0.238866475545766, 51.572252132238233 ], [ -0.238087103940418, 51.571770135158218 ], [ -0.23783131312155, 51.571854419093484 ], [ -0.238175375459935, 51.57209967996765 ], [ -0.237754180519917, 51.572095154120561 ], [ -0.237778523412607, 51.572398560710468 ], [ -0.23759490911541, 51.572482129512743 ], [ -0.235921939018529, 51.572307719991819 ], [ -0.235812111519829, 51.572535373049135 ], [ -0.235401058686235, 51.572566960514543 ], [ -0.235693964607858, 51.572306990427059 ], [ -0.235103078799401, 51.572212678238131 ], [ -0.234586277489342, 51.5717705756078 ], [ -0.234047487846658, 51.571747181865526 ], [ -0.233442489023527, 51.571979969343893 ], [ -0.228819055988451, 51.567968041308944 ], [ -0.226720581450766, 51.566793423112962 ], [ -0.221954970985793, 51.56294092853809 ], [ -0.218319748433514, 51.559125186309636 ], [ -0.214287841892268, 51.55587700205637 ], [ -0.211729925349327, 51.553530603062335 ], [ -0.206813705523656, 51.54983344063659 ], [ -0.201228955490482, 51.544603405448505 ], [ -0.191483479998499, 51.536289373094206 ], [ -0.193035258725954, 51.533988745483562 ], [ -0.192382338721139, 51.533254796841831 ], [ -0.192558520264941, 51.532628941275462 ], [ -0.196568704195895, 51.527654004893485 ] ] ] } },
{ "type": "Feature", "properties": { "NAME": "Barnet", "GSS_CODE": "E09000003" }, "geometry": { "type": "Polygon", "coordinates": [ [ [ -0.199896361983093, 51.670166852002481 ], [ -0.19902989643047, 51.66820315489894 ], [ -0.196638972077618, 51.66814308606731 ], [ -0.196184130829218, 51.668526363653484 ], [ -0.194877074753573, 51.66830215749615 ], [ -0.19668982913355, 51.665478570108768 ], [ -0.192555885669296, 51.664745997205273 ], [ -0.191553805659065, 51.664346601768088 ], [ -0.191091785721977, 51.663893471053086 ], [ -0.187815359099211, 51.667875978172908 ], [ -0.185829267810049, 51.668506244536594 ], [ -0.182110401676091, 51.668600707736978 ], [ -0.185891041825115, 51.662833093080259 ], [ -0.165041673727642, 51.65822434867674 ], [ -0.163504253049913, 51.6581661443767 ], [ -0.162779439818024, 51.657963271206143 ], [ -0.160515276707521, 51.656750736051137 ], [ -0.15830025476549, 51.656254713200006 ], [ -0.157979552979131, 51.656319822854364 ], [ -0.157731933976485, 51.65615137947087 ], [ -0.154787616028771, 51.655530543182401 ], [ -0.154722741034555, 51.655027753744896 ], [ -0.153781914736252, 51.654664064520517 ], [ -0.153490250301651, 51.653303440115216 ], [ -0.153986368314702, 51.653225813688387 ], [ -0.154230744236018, 51.652975173193113 ], [ -0.154050949406006, 51.652561398887286 ], [ -0.153501936967857, 51.652695744513274 ], [ -0.152564536483601, 51.651467039568878 ], [ -0.152270522493363, 51.649845597345497 ], [ -0.151019439197675, 51.650075889924722 ], [ -0.149919599200229, 51.648792449269834 ], [ -0.152273933686723, 51.647984243783895 ], [ -0.152383340902393, 51.647639761554863 ], [ -0.151068296663594, 51.647205415531268 ], [ -0.152168136619361, 51.645822626428014 ], [ -0.151599812735734, 51.64565181961018 ], [ -0.151751804542562, 51.645361962081061 ], [ -0.149174444857804, 51.645261115431801 ], [ -0.149047991573659, 51.644178245832599 ], [ -0.147920785740402, 51.642081447032439 ], [ -0.145102536358795, 51.642646637784431 ], [ -0.143944240212137, 51.640998024913287 ], [ -0.140826077428204, 51.637977625168773 ], [ -0.138129654724934, 51.636348647977307 ], [ -0.134534148508172, 51.634695433580326 ], [ -0.134265164897909, 51.634418691290989 ], [ -0.1345322568091, 51.634248483920302 ], [ -0.134255888536345, 51.634081330873101 ], [ -0.134436677103022, 51.633971799395518 ], [ -0.13427899561186, 51.633870377919244 ], [ -0.134004647687741, 51.634041368626399 ], [ -0.133687942617952, 51.633765664935225 ], [ -0.133871840721528, 51.633650788343481 ], [ -0.133295228142824, 51.633264842356866 ], [ -0.131356818037304, 51.632577564355223 ], [ -0.129147234979518, 51.63226630964391 ], [ -0.129803509769588, 51.630960284862191 ], [ -0.130205609746965, 51.631020643700268 ], [ -0.131147176625, 51.629662502974504 ], [ -0.130466793715083, 51.629377403370277 ], [ -0.130850394969153, 51.629325061040269 ], [ -0.131305667969043, 51.628513104847798 ], [ -0.132700605819018, 51.626949048415511 ], [ -0.133536732446323, 51.626360755844047 ], [ -0.134123848725229, 51.624551833722002 ], [ -0.134349940192654, 51.624393564489054 ], [ -0.134221997689446, 51.623955401668212 ], [ -0.135069993858543, 51.622335863117783 ], [ -0.135571826363826, 51.62239329219058 ], [ -0.13546199972923, 51.621689244406348 ], [ -0.139832498760081, 51.618533918688506 ], [ -0.140639548785164, 51.617731996463043 ], [ -0.141291389455874, 51.617546285816623 ], [ -0.142120917453675, 51.616369727947053 ], [ -0.142057328473481, 51.616158300239753 ], [ -0.144536065846511, 51.615484411686673 ], [ -0.141417160702301, 51.612346193991094 ], [ -0.138785572675765, 51.610192189280738 ], [ -0.143450610723495, 51.608846170160334 ], [ -0.143103464875314, 51.606346194704344 ], [ -0.142214746685368, 51.604909538033496 ], [ -0.142025256367248, 51.603785189068446 ], [ -0.142179544336326, 51.603224708242173 ], [ -0.143154127277861, 51.602449699706241 ], [ -0.144199343945407, 51.601110179249268 ], [ -0.144495023086385, 51.600126591173293 ], [ -0.147503069130006, 51.599019484268183 ], [ -0.147412715650321, 51.598862489992918 ], [ -0.151374587864982, 51.597445711060615 ], [ -0.153030479070048, 51.599230688686873 ], [ -0.153463559162773, 51.600870517530588 ], [ -0.153312243785169, 51.602678300903435 ], [ -0.154643739327144, 51.604136221983822 ], [ -0.156141326067235, 51.605096761023205 ], [ -0.155987209274196, 51.605443243575955 ], [ -0.156395637724776, 51.605342650168595 ], [ -0.156773725172181, 51.604921450849758 ], [ -0.161786521798734, 51.597476153294529 ], [ -0.160970765621559, 51.594830408958018 ], [ -0.16026578957321, 51.593840091381338 ], [ -0.159675422186478, 51.592265263532326 ], [ -0.15886396276105, 51.592374833163937 ], [ -0.158689264653948, 51.592053762390655 ], [ -0.159480803440601, 51.591579690362664 ], [ -0.159846779930339, 51.590204199919043 ], [ -0.159768213057148, 51.589719178081097 ], [ -0.160169222486412, 51.589691294096127 ], [ -0.160096214425442, 51.58810389382861 ], [ -0.160273118178203, 51.587977176769847 ], [ -0.15864053572666, 51.58797495372837 ], [ -0.158704990279451, 51.586630704436025 ], [ -0.157429992064588, 51.586568429530374 ], [ -0.157182274021539, 51.586197650702033 ], [ -0.157922033547447, 51.586216458192915 ], [ -0.157966112185831, 51.585733359675714 ], [ -0.159642929000994, 51.584460266764395 ], [ -0.161223455044493, 51.585355503917583 ], [ -0.162505975179579, 51.584515020364478 ], [ -0.163746277480931, 51.584326709334007 ], [ -0.164629430774995, 51.583938564885266 ], [ -0.165050270696682, 51.583596241295119 ], [ -0.164908046599814, 51.583543660124541 ], [ -0.1657466642461, 51.58322135457734 ], [ -0.166372342357431, 51.582164635653044 ], [ -0.16621563341894, 51.582041689141796 ], [ -0.16689605716196, 51.581955201607315 ], [ -0.167219781831403, 51.581299317704421 ], [ -0.166838378926961, 51.578654095843866 ], [ -0.167360880074723, 51.578258498510216 ], [ -0.167084278317762, 51.578210115936692 ], [ -0.168088445524399, 51.576926395815242 ], [ -0.169345605831153, 51.57742620731505 ], [ -0.169566525287545, 51.576920684395866 ], [ -0.169753438400867, 51.576399343623869 ], [ -0.169590966710222, 51.576348250662093 ], [ -0.169484005509421, 51.573981584268452 ], [ -0.171181501466033, 51.573612386081535 ], [ -0.171285248413341, 51.57242970528776 ], [ -0.173376785354459, 51.571192555522479 ], [ -0.173851505745236, 51.569717099107095 ], [ -0.174406861902079, 51.569253639906798 ], [ -0.175157363634427, 51.569429874220191 ], [ -0.176514277435542, 51.57006604723545 ], [ -0.178078316154592, 51.570431152566741 ], [ -0.178284553873555, 51.570036891054045 ], [ -0.180974564761743, 51.569668568383861 ], [ -0.180833771397426, 51.569436180792039 ], [ -0.183718877091754, 51.567972850104383 ], [ -0.183481790297503, 51.567766851562745 ], [ -0.183811366315181, 51.567498584644547 ], [ -0.186167547240602, 51.566920849423596 ], [ -0.187192856043472, 51.566210109444256 ], [ -0.188414965529763, 51.565810837713563 ], [ -0.188701217173808, 51.565578757099544 ], [ -0.189252091847385, 51.565513521673118 ], [ -0.189900317812213, 51.564958801572907 ], [ -0.190144566087799, 51.563495012734343 ], [ -0.190766365858879, 51.561823925751817 ], [ -0.191406473081748, 51.561581107888607 ], [ -0.192319962246858, 51.561538532455948 ], [ -0.193788777483764, 51.560843559595789 ], [ -0.193982194686401, 51.560913979622995 ], [ -0.194481776102669, 51.560758006650602 ], [ -0.19485196295031, 51.560481341582687 ], [ -0.196594625517017, 51.56073924240421 ], [ -0.196919579098599, 51.560621040738283 ], [ -0.196944542831119, 51.559880452436595 ], [ -0.196680231641082, 51.559231637028866 ], [ -0.197623228865739, 51.558879237010224 ], [ -0.197984632098176, 51.559115892043756 ], [ -0.198479123881186, 51.558759293998598 ], [ -0.198533228989398, 51.558156736113936 ], [ -0.19912619685322, 51.557717118899376 ], [ -0.199660220237539, 51.556979845807241 ], [ -0.199410001767591, 51.556192769963289 ], [ -0.200551410092558, 51.556147333785887 ], [ -0.205815225741891, 51.555305325246451 ], [ -0.205966107473671, 51.556419988962695 ], [ -0.208845105051016, 51.555731095419382 ], [ -0.210031115833014, 51.55675364210709 ], [ -0.21169768020159, 51.55615498400617 ], [ -0.213501320948187, 51.555186105649916 ], [ -0.218650214458197, 51.559417959099946 ], [ -0.221954970985793, 51.56294092853809 ], [ -0.226720581450766, 51.566793423112962 ], [ -0.228819055988451, 51.567968041308944 ], [ -0.233442489023527, 51.571979969343893 ], [ -0.234047487846658, 51.571747181865526 ], [ -0.234586277489342, 51.5717705756078 ], [ -0.235103078799401, 51.572212678238131 ], [ -0.235693964607858, 51.572306990427059 ], [ -0.235401058686235, 51.572566960514543 ], [ -0.235812111519829, 51.572535373049135 ], [ -0.235921939018529, 51.572307719991819 ], [ -0.23759490911541, 51.572482129512743 ], [ -0.237778523412607, 51.572398560710468 ], [ -0.237754180519917, 51.572095154120561 ], [ -0.238175375459935, 51.57209967996765 ], [ -0.23783131312155, 51.571854419093484 ], [ -0.238087103940418, 51.571770135158218 ], [ -0.238866475545766, 51.572252132238233 ], [ -0.239209040534893, 51.572088217259584 ], [ -0.239995601215209, 51.57208562890996 ], [ -0.239969481300985, 51.572388278120584 ], [ -0.24056173555465, 51.572185839927357 ], [ -0.240785080156865, 51.572343856092594 ], [ -0.241108434085063, 51.572116701421663 ], [ -0.241374762958562, 51.572656634713987 ], [ -0.24201554303783, 51.572804717279233 ], [ -0.242559660921157, 51.572765207949153 ], [ -0.242496782963668, 51.572487303132945 ], [ -0.243645954612337, 51.572324661849215 ], [ -0.244038620007503, 51.572320646550942 ], [ -0.244125287720738, 51.572543154144157 ], [ -0.244338495291769, 51.572552638698909 ], [ -0.244489389732369, 51.572306708394265 ], [ -0.245241904312865, 51.571914208602685 ], [ -0.246042429773708, 51.572186053894377 ], [ -0.246734841791444, 51.571517481690513 ], [ -0.246008918476852, 51.570957203806728 ], [ -0.246464632406032, 51.570514398929035 ], [ -0.246574507477706, 51.57002146374365 ], [ -0.246495966423313, 51.569812567811283 ], [ -0.246182840817337, 51.569962556182126 ], [ -0.246069990967581, 51.56978282181268 ], [ -0.246615830453353, 51.569322479499704 ], [ -0.246631784674566, 51.568982808553791 ], [ -0.24738258516409, 51.568970644329795 ], [ -0.247023654598235, 51.568623575275872 ], [ -0.247309817535591, 51.568461491982362 ], [ -0.248225716525243, 51.568658611304869 ], [ -0.248706274985869, 51.568544387966227 ], [ -0.249428320871311, 51.568904962326414 ], [ -0.250768664027433, 51.570111933920948 ], [ -0.251149506155214, 51.570265084000567 ], [ -0.251772288242249, 51.571107950079558 ], [ -0.252510292402746, 51.571505611134285 ], [ -0.253131113240723, 51.572438363384954 ], [ -0.252970479146251, 51.57267606648432 ], [ -0.25185972447094, 51.572815991296025 ], [ -0.25135536580222, 51.573135796706339 ], [ -0.252623103266745, 51.574923465007053 ], [ -0.253427626100654, 51.577013560426813 ], [ -0.254415403481667, 51.578842901074282 ], [ -0.254631799082068, 51.579598774013903 ], [ -0.254335358012019, 51.580404569970725 ], [ -0.254395799062254, 51.58146386097237 ], [ -0.253829439093852, 51.582043531058652 ], [ -0.252417302564268, 51.582696933291828 ], [ -0.251667870881682, 51.58345730948642 ], [ -0.248284315045053, 51.584363635596567 ], [ -0.25253648855471, 51.588544589732578 ], [ -0.2574212080792, 51.59202348738679 ], [ -0.268736225758091, 51.601719118420739 ], [ -0.273807664570213, 51.60571262289961 ], [ -0.276036802817764, 51.608015019813486 ], [ -0.277937459471689, 51.609424122803745 ], [ -0.282199703581858, 51.613355920422606 ], [ -0.286003759253959, 51.615896069134152 ], [ -0.287565593800147, 51.617151692378961 ], [ -0.288276186439627, 51.61803699624663 ], [ -0.295188975997743, 51.624103899605487 ], [ -0.299254915817157, 51.627410843511136 ], [ -0.302185879636718, 51.630133829275252 ], [ -0.303953920396915, 51.631464145465529 ], [ -0.305462271243027, 51.633367983052032 ], [ -0.305585398569972, 51.634329223039252 ], [ -0.304482738583745, 51.636347330817664 ], [ -0.30399400405943, 51.636471557826347 ], [ -0.303362607538617, 51.636430064257659 ], [ -0.302746551381719, 51.636132512593996 ], [ -0.302436372805378, 51.636351034015625 ], [ -0.299877631193754, 51.635758297313522 ], [ -0.297232727537678, 51.635731660371313 ], [ -0.296151062763514, 51.635443506450663 ], [ -0.294406496403177, 51.635646578523648 ], [ -0.29189132053005, 51.636475062222246 ], [ -0.289928912239524, 51.636666805809973 ], [ -0.287810569568625, 51.636509145093974 ], [ -0.285523899930009, 51.636945169409863 ], [ -0.283897996554246, 51.637791859639947 ], [ -0.281414678424052, 51.638342727589766 ], [ -0.278636527573571, 51.638320016457278 ], [ -0.276498729512606, 51.638865055102734 ], [ -0.273737180719628, 51.638670721137075 ], [ -0.27416446914937, 51.638911698309194 ], [ -0.274200146130974, 51.639304281844545 ], [ -0.273176720092681, 51.641060694970903 ], [ -0.272890249912841, 51.642095977705267 ], [ -0.270060878224993, 51.642084001234792 ], [ -0.268270361820929, 51.64238312518787 ], [ -0.268369864810864, 51.643830535661699 ], [ -0.26679112782743, 51.644107582218851 ], [ -0.265235068668092, 51.644017162306156 ], [ -0.264749016182478, 51.643914663302866 ], [ -0.264382878416341, 51.643624199664323 ], [ -0.264250620517901, 51.643832661843362 ], [ -0.264057465834676, 51.643781248628201 ], [ -0.263296172161203, 51.644830170155686 ], [ -0.261628609873529, 51.643989004011097 ], [ -0.260913570109482, 51.642807632779167 ], [ -0.260473041736229, 51.642535837724409 ], [ -0.257356667286225, 51.641828702246961 ], [ -0.256196039315038, 51.643488516146661 ], [ -0.255511756818621, 51.643241857184698 ], [ -0.255380218525297, 51.643430537456005 ], [ -0.254513699084273, 51.643676634944704 ], [ -0.251900512031619, 51.647210360512467 ], [ -0.251217059766234, 51.648932080685007 ], [ -0.249880966177474, 51.654611425888341 ], [ -0.250756677100887, 51.654771046243894 ], [ -0.251356918461349, 51.655214308335616 ], [ -0.251232080207481, 51.655678244504145 ], [ -0.250607533387388, 51.656053807803943 ], [ -0.250277528576631, 51.656138813125494 ], [ -0.249977910588556, 51.656035434477907 ], [ -0.249735721864525, 51.656167607054982 ], [ -0.249007108398879, 51.655941832031701 ], [ -0.247890446885952, 51.655244468002593 ], [ -0.243649473449497, 51.65668550895662 ], [ -0.242711202902438, 51.656797362973819 ], [ -0.241390072534435, 51.657201118259088 ], [ -0.241018338724883, 51.656832266206195 ], [ -0.239224007296709, 51.657396163225101 ], [ -0.237995897374304, 51.657785988491376 ], [ -0.238300446912547, 51.658246461914807 ], [ -0.236702700753194, 51.658771905569083 ], [ -0.234731974857658, 51.658997676803175 ], [ -0.234252131843317, 51.658249505702031 ], [ -0.228943984855432, 51.659972509010736 ], [ -0.228513517751742, 51.659962419437967 ], [ -0.228294317629636, 51.659206465170293 ], [ -0.228475744521318, 51.659188520092137 ], [ -0.22808276570158, 51.65858820651404 ], [ -0.226487476585424, 51.657158642824363 ], [ -0.225888177780683, 51.657474209252236 ], [ -0.226068886074943, 51.657622612942816 ], [ -0.219825690580156, 51.660657428543558 ], [ -0.21927225558306, 51.660796510179949 ], [ -0.218919492132934, 51.660058295165548 ], [ -0.2171524681852, 51.660615976334448 ], [ -0.213418026759244, 51.66237475143943 ], [ -0.212159915594833, 51.661350274867559 ], [ -0.207888559526739, 51.662857910217149 ], [ -0.211158533754315, 51.666951564376141 ], [ -0.209863477393666, 51.6675594878119 ], [ -0.207984179301634, 51.666591140555951 ], [ -0.205659169088195, 51.668597773368866 ], [ -0.203886600147159, 51.668332384160813 ], [ -0.202254689465591, 51.667802052274219 ], [ -0.20263311830466, 51.669311343733376 ], [ -0.203377581708737, 51.670123042111371 ], [ -0.199896361983093, 51.670166852002481 ] ] ] } },
{ "type": "Feature", "properties": { "NAME": "Lambeth", "GSS_CODE": "E09000022" }, "geometry": { "type": "Polygon", "coordinates": [ [ [ -0.128455592932355, 51.485048751893011 ], [ -0.127363494956455, 51.485584358794767 ], [ -0.125871435617206, 51.48663513245377 ], [ -0.124733345537812, 51.487833630988611 ], [ -0.124206355760221, 51.487828799240305 ], [ -0.124366546056937, 51.487961753725969 ], [ -0.123768196456068, 51.489203945897621 ], [ -0.122399021665074, 51.49129078622515 ], [ -0.120881491326788, 51.496141343266885 ], [ -0.119375752106149, 51.503847201329016 ], [ -0.118350258526998, 51.505725481442958 ], [ -0.117013247986403, 51.50683888167967 ], [ -0.115408092725271, 51.507534301395012 ], [ -0.111457453313078, 51.508354719596568 ], [ -0.110813612537302, 51.508103350069078 ], [ -0.10892484178994, 51.508440705670672 ], [ -0.108799677126096, 51.507704895323094 ], [ -0.108506363271795, 51.507758616759673 ], [ -0.108175537990477, 51.506908880164779 ], [ -0.107363588089626, 51.507063940742611 ], [ -0.10646568628513, 51.504982058675076 ], [ -0.106599541388448, 51.504047195247651 ], [ -0.106395574776872, 51.503371258692681 ], [ -0.107457970794367, 51.50301251880218 ], [ -0.106751545052382, 51.502222361092088 ], [ -0.106136813931004, 51.502522678920023 ], [ -0.105947664019866, 51.502045716240239 ], [ -0.106527300782741, 51.501583865946493 ], [ -0.1067040079847, 51.501665853384665 ], [ -0.108353589986564, 51.500348084815627 ], [ -0.110295067042219, 51.496777863989522 ], [ -0.111442547465121, 51.496447437416599 ], [ -0.110813551358982, 51.495422944922865 ], [ -0.10574205632901, 51.493695493862091 ], [ -0.104896206805433, 51.493527155295652 ], [ -0.103943089080368, 51.491951536433561 ], [ -0.103731628859275, 51.492013762997658 ], [ -0.103156213891932, 51.491473894573311 ], [ -0.103395949044215, 51.491320402050903 ], [ -0.103159774080077, 51.491179894797639 ], [ -0.103392966706362, 51.490871624074678 ], [ -0.108452499565529, 51.485848259651405 ], [ -0.10635760769791, 51.484890010205781 ], [ -0.107222567267499, 51.483654006084663 ], [ -0.105635738743334, 51.482950339693488 ], [ -0.106043743409814, 51.482697044734508 ], [ -0.105155600149122, 51.4820945805793 ], [ -0.104046885643767, 51.480907621718764 ], [ -0.108085388614469, 51.480415311808279 ], [ -0.108245918172397, 51.480294703372685 ], [ -0.099997698974493, 51.47687274477498 ], [ -0.100337839317762, 51.476276650913668 ], [ -0.100619641552662, 51.474276764598997 ], [ -0.099775247377086, 51.473424072437226 ], [ -0.098917081401632, 51.471933574466227 ], [ -0.095997458042905, 51.469880844722653 ], [ -0.094105641073438, 51.47074127571377 ], [ -0.093663207125058, 51.471717875321247 ], [ -0.093080246453439, 51.472127451375464 ], [ -0.092717609055399, 51.469774478959295 ], [ -0.09007966891829, 51.46615786621269 ], [ -0.090667114238874, 51.463294288946614 ], [ -0.09221179587144, 51.461120736676968 ], [ -0.094729590950694, 51.459012442610486 ], [ -0.095837119805191, 51.457408165581732 ], [ -0.100938374035746, 51.454151948046928 ], [ -0.101425314674852, 51.451955740476123 ], [ -0.100830880476329, 51.451158356716263 ], [ -0.100760942406422, 51.450311915619622 ], [ -0.099808641605031, 51.450196664748418 ], [ -0.099253320614156, 51.449082466201624 ], [ -0.096108004949763, 51.44674639234141 ], [ -0.095140529251589, 51.445545443454222 ], [ -0.095016195134449, 51.444521857557888 ], [ -0.094507373094358, 51.443401195992678 ], [ -0.093002642288412, 51.441420822394683 ], [ -0.09198944896988, 51.438973617595636 ], [ -0.090665360083584, 51.436669717605341 ], [ -0.089308729777272, 51.431804156425542 ], [ -0.08831957217814, 51.429445433975253 ], [ -0.087680715009191, 51.429000665568132 ], [ -0.085890445666286, 51.428501124395112 ], [ -0.08607401701347, 51.427826073644432 ], [ -0.085250739913175, 51.427354898912334 ], [ -0.0836831246741, 51.425008264517373 ], [ -0.083476641525564, 51.422998617863939 ], [ -0.081726520251467, 51.42336746289137 ], [ -0.080896917259328, 51.421848503332825 ], [ -0.079856255653981, 51.422140806981098 ], [ -0.079465106416002, 51.421692856139416 ], [ -0.078930850793523, 51.421570791946273 ], [ -0.079222852358618, 51.420849866754395 ], [ -0.078306681929906, 51.420609130869913 ], [ -0.078548602734767, 51.419847818124452 ], [ -0.079103566701651, 51.419749902338374 ], [ -0.082345960079432, 51.419771527270029 ], [ -0.086185309952501, 51.419274940828679 ], [ -0.088190342570304, 51.419927262658966 ], [ -0.089720393538698, 51.421037630151467 ], [ -0.091394790723932, 51.421723175092517 ], [ -0.092307750020935, 51.42235403839269 ], [ -0.093644203255115, 51.422763369418838 ], [ -0.096186014971979, 51.422757924671764 ], [ -0.0981081011012, 51.422574206529909 ], [ -0.106054894928031, 51.422576998234298 ], [ -0.10937366946201, 51.423157552589132 ], [ -0.112685545409488, 51.423244204113594 ], [ -0.11382271166543, 51.422454969573046 ], [ -0.114854233380013, 51.421226082221054 ], [ -0.115715068330214, 51.420578964852652 ], [ -0.117782794958262, 51.41982173593383 ], [ -0.119846627907219, 51.418807218269315 ], [ -0.12077166173107, 51.417047802623124 ], [ -0.122481359226681, 51.415300053737361 ], [ -0.122480944922794, 51.415029367955647 ], [ -0.122993315520957, 51.415054661384922 ], [ -0.123405617956183, 51.414714147441678 ], [ -0.124074295731097, 51.414609746841386 ], [ -0.124458670280461, 51.414002599401336 ], [ -0.124467501814604, 51.413365160976646 ], [ -0.124936474895869, 51.413290832191755 ], [ -0.125785998341622, 51.412631770265229 ], [ -0.126259832680365, 51.412930709431571 ], [ -0.127428210490937, 51.41249165793073 ], [ -0.12788811614744, 51.412005308658259 ], [ -0.132714500298921, 51.412348492405393 ], [ -0.133572358094333, 51.412576183152765 ], [ -0.133354187299808, 51.412883854131088 ], [ -0.13357791071714, 51.412934179187204 ], [ -0.134099941535934, 51.410991086066282 ], [ -0.138101981621054, 51.411802026981739 ], [ -0.14120954422164, 51.41275871543278 ], [ -0.142582218571936, 51.413342519490961 ], [ -0.144869952270018, 51.412388666096149 ], [ -0.145169981698213, 51.41254359220072 ], [ -0.146804341702735, 51.412560455441067 ], [ -0.148090361926878, 51.412870347392143 ], [ -0.147083334025696, 51.413804951582463 ], [ -0.144347477950516, 51.41534796537217 ], [ -0.145009410649493, 51.415799982885318 ], [ -0.143048748198192, 51.417125022600501 ], [ -0.143260311023724, 51.417263264101884 ], [ -0.13785188918254, 51.421106338503726 ], [ -0.138530550434956, 51.422669248308289 ], [ -0.138922116894362, 51.424572912141578 ], [ -0.138398494041973, 51.430555484750478 ], [ -0.135264140371806, 51.430334800924193 ], [ -0.136455555683322, 51.433828499320541 ], [ -0.136931859430278, 51.433932292074516 ], [ -0.137857541656801, 51.433776142160852 ], [ -0.139110196576402, 51.434814000530061 ], [ -0.139648057485778, 51.435315333744072 ], [ -0.139972897193847, 51.436881606715012 ], [ -0.139737107705397, 51.437302316188422 ], [ -0.138306806510287, 51.438048476471216 ], [ -0.137683684142643, 51.438581731914084 ], [ -0.137259856757789, 51.439733245991427 ], [ -0.137477182963412, 51.440191725502572 ], [ -0.137371857072565, 51.440340228502677 ], [ -0.137011376727457, 51.440252667080905 ], [ -0.135903988396234, 51.442005707008661 ], [ -0.137885103052742, 51.441695475842231 ], [ -0.14362070411495, 51.441838606149119 ], [ -0.145406916219885, 51.444917169241258 ], [ -0.145696438765719, 51.445869568879601 ], [ -0.144795179354881, 51.448542295711796 ], [ -0.143360131887091, 51.449505164295552 ], [ -0.142583701558657, 51.45033816832801 ], [ -0.142322594127347, 51.450991389346605 ], [ -0.143612247264197, 51.451166491338427 ], [ -0.147729947886655, 51.452339511161902 ], [ -0.147377972827612, 51.452963430128115 ], [ -0.147651083495421, 51.452972242107975 ], [ -0.148340749290718, 51.457305869605094 ], [ -0.149390425757438, 51.459361959297517 ], [ -0.149702597600332, 51.461324568889111 ], [ -0.15073173528134, 51.462859650795714 ], [ -0.15123139881471, 51.465884535584188 ], [ -0.150470343470506, 51.465977745299675 ], [ -0.150618665618325, 51.467614932280668 ], [ -0.143100363069228, 51.470519400534485 ], [ -0.142676823584315, 51.470063963084201 ], [ -0.1414956650908, 51.470678322858305 ], [ -0.141784359200741, 51.47090861196817 ], [ -0.14034259644973, 51.471592568783016 ], [ -0.139866864615967, 51.471323338681998 ], [ -0.139316189157867, 51.471516034446864 ], [ -0.139502065741988, 51.471795955090776 ], [ -0.1387465734097, 51.471997088342299 ], [ -0.138678635837061, 51.471862020625878 ], [ -0.138349148623961, 51.471962002584505 ], [ -0.136917994910444, 51.473090318871975 ], [ -0.13625855766547, 51.47270035232264 ], [ -0.135787127747901, 51.472714439910064 ], [ -0.134721956414393, 51.473305396972691 ], [ -0.134461743222763, 51.473965807856388 ], [ -0.135230530713781, 51.474287381573859 ], [ -0.134710774370436, 51.474956254428356 ], [ -0.134527811670301, 51.474887697898559 ], [ -0.134111617579117, 51.475276748435121 ], [ -0.133645963374029, 51.476242332976931 ], [ -0.131412285669228, 51.479418002699461 ], [ -0.130188953276734, 51.480666452818923 ], [ -0.129947502100577, 51.481182372476127 ], [ -0.127496435284953, 51.482022729365802 ], [ -0.127049008661334, 51.483627950235913 ], [ -0.126363659622485, 51.484465899302165 ], [ -0.128171704411385, 51.484735775734158 ], [ -0.128455592932355, 51.485048751893011 ] ] ] } },
{ "type": "Feature", "properties": { "NAME": "Southwark", "GSS_CODE": "E09000028" }, "geometry": { "type": "Polygon", "coordinates": [ [ [ -0.10892484178994, 51.508440705670672 ], [ -0.107833164341394, 51.508564281260952 ], [ -0.107675634009825, 51.508470914881812 ], [ -0.107468062272649, 51.508611446387668 ], [ -0.104702163646216, 51.508623434738993 ], [ -0.104709091702023, 51.508387042513974 ], [ -0.103314096218752, 51.508596498842294 ], [ -0.101511416347368, 51.508594309686906 ], [ -0.095543899115287, 51.508319506337841 ], [ -0.092013527250749, 51.507348480551926 ], [ -0.092062711172289, 51.507240470587284 ], [ -0.090372001736452, 51.507042993935642 ], [ -0.09041122394906, 51.50662188087221 ], [ -0.090161105500577, 51.507020675388326 ], [ -0.087788387353153, 51.506867807183013 ], [ -0.086777195324618, 51.506755095014178 ], [ -0.086272143611222, 51.506531032935115 ], [ -0.084465141997344, 51.506461965489507 ], [ -0.081063945260059, 51.5058892901787 ], [ -0.078004164101783, 51.505081109950567 ], [ -0.077692318086865, 51.504855680371804 ], [ -0.072845804571608, 51.503537859348995 ], [ -0.071620538917683, 51.503071685517448 ], [ -0.07086015894843, 51.502516026775758 ], [ -0.071909818993246, 51.501919094067851 ], [ -0.072219179943157, 51.501416997078351 ], [ -0.073652549810833, 51.500534995579365 ], [ -0.07354032030446, 51.50046300972155 ], [ -0.07081830937847, 51.50221048911628 ], [ -0.068998088617437, 51.501845107809942 ], [ -0.067381932976254, 51.50125464888098 ], [ -0.067255273861666, 51.50145579446508 ], [ -0.064932068881244, 51.500958860193577 ], [ -0.064880009070113, 51.50075926444044 ], [ -0.063807841006193, 51.500729877216735 ], [ -0.063796840195898, 51.500615489399316 ], [ -0.0592300946115, 51.500701869027907 ], [ -0.056320007713027, 51.501065535076769 ], [ -0.056250897671657, 51.500962772991933 ], [ -0.056182905738764, 51.501104628717734 ], [ -0.054972373355699, 51.501414586856178 ], [ -0.054067355758059, 51.501858196966118 ], [ -0.053686103863409, 51.501844676055704 ], [ -0.050770258074924, 51.502880757830205 ], [ -0.048876479257905, 51.504038090990825 ], [ -0.049117523114707, 51.504230946192521 ], [ -0.04860535776205, 51.504515584762828 ], [ -0.048118895303956, 51.504367204297274 ], [ -0.047825616001694, 51.504081752712239 ], [ -0.047981045028131, 51.504693140776304 ], [ -0.047546852188126, 51.505108566408829 ], [ -0.04704060088431, 51.505355527648312 ], [ -0.04672197743576, 51.505123607056802 ], [ -0.046446577056283, 51.505296174587308 ], [ -0.046155102855338, 51.505103372978319 ], [ -0.046023911346472, 51.505172228982019 ], [ -0.046372782446455, 51.50557281750902 ], [ -0.045597350389501, 51.506014924496995 ], [ -0.045308909079695, 51.505818574302211 ], [ -0.045049300339446, 51.505992301056622 ], [ -0.045193670461514, 51.50642365592492 ], [ -0.044412985412799, 51.506920522651178 ], [ -0.041059109525285, 51.507472450958005 ], [ -0.038396564222814, 51.50739377496037 ], [ -0.036256115128644, 51.507036916668291 ], [ -0.035016343976903, 51.50667982602188 ], [ -0.034354733096738, 51.506382772789905 ], [ -0.033439280210751, 51.505656107429601 ], [ -0.032862004545772, 51.504773240046461 ], [ -0.033037030932918, 51.504690745645888 ], [ -0.03282956633763, 51.504522700393068 ], [ -0.032973516997479, 51.50435875100937 ], [ -0.032354273794829, 51.504316888607995 ], [ -0.032359497590184, 51.500114711328017 ], [ -0.032774491425732, 51.500080307461445 ], [ -0.032479082904462, 51.499311875368669 ], [ -0.032615651218291, 51.497947283247136 ], [ -0.032846738544617, 51.497934073888928 ], [ -0.032968442436638, 51.496947822621088 ], [ -0.032656498502474, 51.49693179848456 ], [ -0.032545392542277, 51.49603246731138 ], [ -0.032934472072368, 51.495829465614662 ], [ -0.032567356587871, 51.495622770630781 ], [ -0.03271253922578, 51.494392312871533 ], [ -0.03324965727022, 51.494230462078853 ], [ -0.033150021720854, 51.494101994462618 ], [ -0.032630573538257, 51.494121157957586 ], [ -0.032412829940658, 51.493055471381155 ], [ -0.033247755218971, 51.492868941478271 ], [ -0.033304047376894, 51.493000279183001 ], [ -0.037315038300115, 51.492219473892874 ], [ -0.037954300250431, 51.492328191746147 ], [ -0.039093222781313, 51.492911981369851 ], [ -0.039966219227941, 51.492945461134276 ], [ -0.040563332346208, 51.492794471753342 ], [ -0.040070367148701, 51.492163042558282 ], [ -0.041055670106529, 51.491827894045343 ], [ -0.040343734618357, 51.491062414134184 ], [ -0.042508026394471, 51.490240664308438 ], [ -0.042225839137782, 51.490035417113681 ], [ -0.04449876558726, 51.490106616382178 ], [ -0.044758115021428, 51.490441870664895 ], [ -0.04583172791527, 51.490162110708845 ], [ -0.046164390795446, 51.490366391629912 ], [ -0.04656734848633, 51.490341630837705 ], [ -0.046567413338632, 51.490744502544203 ], [ -0.047550010114082, 51.490369687103694 ], [ -0.051151635539793, 51.489550119700262 ], [ -0.051958689024049, 51.489135480144824 ], [ -0.050108723103539, 51.488334961673687 ], [ -0.050464350096427, 51.487933507906199 ], [ -0.052412820884006, 51.487774343345151 ], [ -0.052631144247879, 51.487552253947094 ], [ -0.053977465215249, 51.487935210081176 ], [ -0.052844323514732, 51.486470381829911 ], [ -0.052949151985861, 51.486004504936652 ], [ -0.053560134841523, 51.485795228091419 ], [ -0.05342308672918, 51.485292961905223 ], [ -0.053097325374833, 51.485163454971321 ], [ -0.052811428504645, 51.482644362862182 ], [ -0.053156651430193, 51.481031417964232 ], [ -0.053514303922462, 51.480478912059475 ], [ -0.053358833493225, 51.48030816839637 ], [ -0.053573407129681, 51.480342305609867 ], [ -0.05352175989465, 51.479965555309214 ], [ -0.054328520144216, 51.478605767152935 ], [ -0.052699250241813, 51.478008585040833 ], [ -0.052756998766459, 51.472933186936011 ], [ -0.051687078753723, 51.469757187482706 ], [ -0.052281831515366, 51.469214020301251 ], [ -0.050881396325815, 51.467580158951193 ], [ -0.051326568234411, 51.467370835669826 ], [ -0.050575133518938, 51.466793603460054 ], [ -0.050888439108945, 51.4666378437243 ], [ -0.049406726159481, 51.466338924051541 ], [ -0.048206077169185, 51.465898084348204 ], [ -0.048540155995047, 51.46562667112731 ], [ -0.046586746909584, 51.464608541751623 ], [ -0.04572036120547, 51.463523073940813 ], [ -0.045236826425829, 51.462204778046811 ], [ -0.04512324299527, 51.46028114632999 ], [ -0.045335715155127, 51.45898074887095 ], [ -0.046160351848546, 51.45696304627262 ], [ -0.044632325479629, 51.456576961894058 ], [ -0.041648633917979, 51.454990303606571 ], [ -0.042989340387167, 51.453191671057141 ], [ -0.045124223222392, 51.451229113742514 ], [ -0.046150746178801, 51.449873042207479 ], [ -0.049086624618254, 51.450112585349579 ], [ -0.053787802872301, 51.448709634442608 ], [ -0.057561284001704, 51.450338750619444 ], [ -0.058687481526348, 51.449507597564235 ], [ -0.060972647184044, 51.44842762843831 ], [ -0.061826917353737, 51.447796081220154 ], [ -0.063083889884188, 51.446183785474133 ], [ -0.063484088882165, 51.445262352063239 ], [ -0.063870377327268, 51.442525962299214 ], [ -0.064218782051581, 51.441909422205079 ], [ -0.065026169634361, 51.441157474946898 ], [ -0.064053530112244, 51.4408491521638 ], [ -0.06370071912291, 51.4379296905676 ], [ -0.063456737987918, 51.437540772288784 ], [ -0.064420283439177, 51.437041406059812 ], [ -0.065834290884582, 51.43463132323334 ], [ -0.066708747820617, 51.433922736922128 ], [ -0.06962227866592, 51.432656924374882 ], [ -0.070695286203447, 51.432457867543931 ], [ -0.072383343337401, 51.432411901647555 ], [ -0.073586072553549, 51.43135165294828 ], [ -0.074893542904643, 51.429749054304096 ], [ -0.075093302425066, 51.428795512140077 ], [ -0.0743270491396, 51.427449307598415 ], [ -0.073935607450058, 51.426153321904707 ], [ -0.074965945697323, 51.425699032061054 ], [ -0.078306681929906, 51.420609130869913 ], [ -0.079222852358618, 51.420849866754395 ], [ -0.078930850793523, 51.421570791946273 ], [ -0.079465106416002, 51.421692856139416 ], [ -0.079856255653981, 51.422140806981098 ], [ -0.080896917259328, 51.421848503332825 ], [ -0.081726520251467, 51.42336746289137 ], [ -0.083476641525564, 51.422998617863939 ], [ -0.0836831246741, 51.425008264517373 ], [ -0.085250739913175, 51.427354898912334 ], [ -0.08607401701347, 51.427826073644432 ], [ -0.085890445666286, 51.428501124395112 ], [ -0.087680715009191, 51.429000665568132 ], [ -0.08831957217814, 51.429445433975253 ], [ -0.089308729777272, 51.431804156425542 ], [ -0.090665360083584, 51.436669717605341 ], [ -0.09198944896988, 51.438973617595636 ], [ -0.093002642288412, 51.441420822394683 ], [ -0.094507373094358, 51.443401195992678 ], [ -0.095016195134449, 51.444521857557888 ], [ -0.095140529251589, 51.445545443454222 ], [ -0.096108004949763, 51.44674639234141 ], [ -0.099253320614156, 51.449082466201624 ], [ -0.099808641605031, 51.450196664748418 ], [ -0.100760942406422, 51.450311915619622 ], [ -0.100830880476329, 51.451158356716263 ], [ -0.101425314674852, 51.451955740476123 ], [ -0.100938374035746, 51.454151948046928 ], [ -0.095837119805191, 51.457408165581732 ], [ -0.094729590950694, 51.459012442610486 ], [ -0.09221179587144, 51.461120736676968 ], [ -0.090667114238874, 51.463294288946614 ], [ -0.09007966891829, 51.46615786621269 ], [ -0.092717609055399, 51.469774478959295 ], [ -0.093080246453439, 51.472127451375464 ], [ -0.093663207125058, 51.471717875321247 ], [ -0.094105641073438, 51.47074127571377 ], [ -0.095997458042905, 51.469880844722653 ], [ -0.098917081401632, 51.471933574466227 ], [ -0.099775247377086, 51.473424072437226 ], [ -0.100619641552662, 51.474276764598997 ], [ -0.100337839317762, 51.476276650913668 ], [ -0.099997698974493, 51.47687274477498 ], [ -0.108245918172397, 51.480294703372685 ], [ -0.108085388614469, 51.480415311808279 ], [ -0.104046885643767, 51.480907621718764 ], [ -0.105155600149122, 51.4820945805793 ], [ -0.106043743409814, 51.482697044734508 ], [ -0.105635738743334, 51.482950339693488 ], [ -0.107222567267499, 51.483654006084663 ], [ -0.10635760769791, 51.484890010205781 ], [ -0.108452499565529, 51.485848259651405 ], [ -0.103392966706362, 51.490871624074678 ], [ -0.103159774080077, 51.491179894797639 ], [ -0.103395949044215, 51.491320402050903 ], [ -0.103156213891932, 51.491473894573311 ], [ -0.103731628859275, 51.492013762997658 ], [ -0.103943089080368, 51.491951536433561 ], [ -0.104896206805433, 51.493527155295652 ], [ -0.10574205632901, 51.493695493862091 ], [ -0.110813551358982, 51.495422944922865 ], [ -0.111442547465121, 51.496447437416599 ], [ -0.110295067042219, 51.496777863989522 ], [ -0.108353589986564, 51.500348084815627 ], [ -0.1067040079847, 51.501665853384665 ], [ -0.106527300782741, 51.501583865946493 ], [ -0.105947664019866, 51.502045716240239 ], [ -0.106136813931004, 51.502522678920023 ], [ -0.106751545052382, 51.502222361092088 ], [ -0.107457970794367, 51.50301251880218 ], [ -0.106395574776872, 51.503371258692681 ], [ -0.106599541388448, 51.504047195247651 ], [ -0.10646568628513, 51.504982058675076 ], [ -0.107363588089626, 51.507063940742611 ], [ -0.108175537990477, 51.506908880164779 ], [ -0.108506363271795, 51.507758616759673 ], [ -0.108799677126096, 51.507704895323094 ], [ -0.10892484178994, 51.508440705670672 ] ] ] } },
{ "type": "Feature", "properties": { "NAME": "Lewisham", "GSS_CODE": "E09000023" }, "geometry": { "type": "Polygon", "coordinates": [ [ [ -0.032412829940658, 51.493055471381155 ], [ -0.03104209741074, 51.490899403462805 ], [ -0.02885157469025, 51.488249331337052 ], [ -0.026801358723017, 51.486725661536596 ], [ -0.024861285338657, 51.485689414825316 ], [ -0.025201256504575, 51.485021589258039 ], [ -0.025819095676427, 51.482188507045244 ], [ -0.026408662844594, 51.481509592509873 ], [ -0.023161231170835, 51.480737269915579 ], [ -0.023070910252444, 51.479628746896175 ], [ -0.020367391716232, 51.479935645769153 ], [ -0.020417988870845, 51.480230561117651 ], [ -0.018400869423994, 51.480848458374965 ], [ -0.017875265566793, 51.480880041349323 ], [ -0.017116525207083, 51.480409484110162 ], [ -0.017444901465839, 51.480176730527099 ], [ -0.019136171227178, 51.479766472071184 ], [ -0.01944238464156, 51.477983896887721 ], [ -0.019828908276025, 51.478003914460764 ], [ -0.019456934808627, 51.477880726643754 ], [ -0.019374974131046, 51.477212983188934 ], [ -0.020023359730725, 51.477138503746147 ], [ -0.020785624948531, 51.476662171023797 ], [ -0.021092409352857, 51.476261778696497 ], [ -0.022814071873981, 51.475877160527212 ], [ -0.022413951084249, 51.475805664977514 ], [ -0.020922296133517, 51.476099736611054 ], [ -0.02084303615195, 51.47583491262904 ], [ -0.021177738427039, 51.475587867210542 ], [ -0.022243327089185, 51.47555548776554 ], [ -0.022887167296864, 51.47531904740859 ], [ -0.022811018903822, 51.474282703755151 ], [ -0.022645928576672, 51.474270926894455 ], [ -0.022672675455844, 51.473985410151521 ], [ -0.022449409849902, 51.474086859149871 ], [ -0.021772368234219, 51.474025977758338 ], [ -0.020836633785363, 51.473520982700379 ], [ -0.020647593721244, 51.473197651201268 ], [ -0.020050642503644, 51.473083256355089 ], [ -0.0202450668743, 51.47218457131855 ], [ -0.019319175002959, 51.471985481879486 ], [ -0.019110025980378, 51.471229258788632 ], [ -0.018827551040529, 51.471102184985959 ], [ -0.018945196489536, 51.470879355228249 ], [ -0.018671673743154, 51.470645419061711 ], [ -0.019272643860483, 51.470499999830459 ], [ -0.019117973364171, 51.469948831416843 ], [ -0.018473406011364, 51.469605208827197 ], [ -0.017273814628925, 51.469410469244082 ], [ -0.016949379006277, 51.469056064780325 ], [ -0.016558947569105, 51.469227515887674 ], [ -0.015904453246946, 51.468549182017014 ], [ -0.015090178845043, 51.468036303044194 ], [ -0.013128934863044, 51.468936525856932 ], [ -0.015184467219898, 51.471768976363371 ], [ -0.014528595908966, 51.47191794140813 ], [ -0.014542912370853, 51.472151994360466 ], [ -0.014069480777437, 51.472675445276067 ], [ -0.013363187465406, 51.472393698135235 ], [ -0.012518805991669, 51.472340718640311 ], [ -0.008143439823361, 51.472756569290866 ], [ -0.001496500794214, 51.471836806803751 ], [ -0.000359061904884, 51.471834498594994 ], [ 0.01812364299086, 51.473853220259791 ], [ 0.014984943193171, 51.473079872953747 ], [ 0.015357580933717, 51.471569880507666 ], [ 0.016205612303013, 51.470000453093476 ], [ 0.016694306218956, 51.469491151424116 ], [ 0.016533023066591, 51.469131517690478 ], [ 0.016330578112381, 51.468981223558799 ], [ 0.014987312330227, 51.469571760878708 ], [ 0.013481148949917, 51.469897096358835 ], [ 0.012601744824212, 51.469806980985382 ], [ 0.013068953651277, 51.468121811776264 ], [ 0.012691208282312, 51.467357618656791 ], [ 0.01324542126333, 51.466831918716167 ], [ 0.011459489579317, 51.466228585300591 ], [ 0.009097136028209, 51.465874311811376 ], [ 0.008988103535279, 51.464735899627108 ], [ 0.009825072052959, 51.462289913402827 ], [ 0.009947430934134, 51.459340889153182 ], [ 0.011516161364071, 51.456615253841569 ], [ 0.01403062951452, 51.455726760119546 ], [ 0.017513934077601, 51.455039166430893 ], [ 0.017507603387361, 51.454112120313113 ], [ 0.018041597512636, 51.453002212751734 ], [ 0.018331621102989, 51.45158265537642 ], [ 0.019535944427863, 51.451704898131624 ], [ 0.019871671832573, 51.450735087334586 ], [ 0.015122754556926, 51.450226895618769 ], [ 0.014875990564869, 51.450604337723881 ], [ 0.01506379338378, 51.450031866649844 ], [ 0.017985479948858, 51.449412361830639 ], [ 0.02192761165291, 51.448958638948596 ], [ 0.022131448128005, 51.44871861241208 ], [ 0.022942439484032, 51.447204621722364 ], [ 0.021210058731721, 51.446691342149073 ], [ 0.021263122046527, 51.444992588169342 ], [ 0.021496511865793, 51.444444499353175 ], [ 0.020596857752367, 51.44421091117659 ], [ 0.021482904217187, 51.442735203800844 ], [ 0.023638527684672, 51.442083799185994 ], [ 0.0254162270717, 51.441738345938731 ], [ 0.027767509463795, 51.441510641663655 ], [ 0.029359007696659, 51.441705219971084 ], [ 0.02857685248079, 51.440453471499723 ], [ 0.028875901205892, 51.439376352626134 ], [ 0.028813753507196, 51.438785701508841 ], [ 0.024790834647194, 51.438237461351164 ], [ 0.025375974267933, 51.435689580984018 ], [ 0.0257447205981, 51.435991661647385 ], [ 0.027240309168811, 51.436559328382792 ], [ 0.028674009064531, 51.43641132026093 ], [ 0.029065727236035, 51.434666228409256 ], [ 0.029033459340154, 51.43436013200548 ], [ 0.028584361041088, 51.434030675331982 ], [ 0.031381629646237, 51.432579346195489 ], [ 0.031147622267255, 51.432104084453975 ], [ 0.031587725546984, 51.432555090408606 ], [ 0.032158978317093, 51.432362632583668 ], [ 0.032451751599695, 51.431892626854854 ], [ 0.033223710883618, 51.432235353206437 ], [ 0.033700561928594, 51.431699200941438 ], [ 0.037698548920659, 51.433346489857939 ], [ 0.037521813576554, 51.43137923352748 ], [ 0.038297880265819, 51.429001523207432 ], [ 0.038332230853786, 51.428027900958995 ], [ 0.03783110845287, 51.427790211853093 ], [ 0.037857250496903, 51.427601807014071 ], [ 0.038463844618225, 51.427591257801026 ], [ 0.038613255767109, 51.426520309768826 ], [ 0.038940866439035, 51.426091947098556 ], [ 0.039028666877797, 51.424671349256847 ], [ 0.038666176166135, 51.424638986351496 ], [ 0.036185925949752, 51.422365550052064 ], [ 0.03376415784739, 51.424092860321977 ], [ 0.030084566950245, 51.425973209185102 ], [ 0.027214153779485, 51.428071460988576 ], [ 0.025410522091767, 51.428989337132435 ], [ 0.023718114375216, 51.42825867967472 ], [ 0.021135320533365, 51.426843715445706 ], [ 0.018775217024426, 51.427050760074671 ], [ 0.017435740562162, 51.426849904409963 ], [ 0.016048106542791, 51.426208314895042 ], [ 0.014107561461954, 51.42617513371809 ], [ 0.014395507614253, 51.425232234737202 ], [ 0.013513036348563, 51.425085528971067 ], [ 0.013344851919743, 51.424695432592841 ], [ 0.011813408746997, 51.424051767527203 ], [ 0.011618232564598, 51.423701700432048 ], [ 0.010986125179391, 51.423490426309101 ], [ 0.009966710418142, 51.422483633524642 ], [ 0.008076756929952, 51.42304301092927 ], [ 0.00734938149357, 51.421379212884851 ], [ 0.006848150641288, 51.421494811592254 ], [ 0.006735914970901, 51.420935582356812 ], [ 0.006297828750433, 51.421015025523992 ], [ 0.005228126909012, 51.419315707575116 ], [ 0.005514963522302, 51.41913274163214 ], [ 0.005328785550657, 51.418986646981175 ], [ 0.005672016015086, 51.418514945736554 ], [ 0.003493423116184, 51.417404729163579 ], [ 0.001728788926943, 51.41855808576819 ], [ -0.000077211625545, 51.417645575103514 ], [ -0.000347129661332, 51.416338131049386 ], [ -0.000875074424326, 51.416104332760291 ], [ -0.000754008411925, 51.415912519244245 ], [ -0.003404002460099, 51.415660936059524 ], [ -0.003598279094163, 51.415559030113727 ], [ -0.003283929663797, 51.415050077524086 ], [ -0.004993771829329, 51.414589990056307 ], [ -0.00553413161708, 51.415788036110705 ], [ -0.005999447195775, 51.416034263703423 ], [ -0.006565059307199, 51.415991728182185 ], [ -0.00662730674102, 51.414660054290565 ], [ -0.008485976327263, 51.41434813091697 ], [ -0.009242946126334, 51.413872683776447 ], [ -0.010545436462027, 51.413551278317847 ], [ -0.013513062130421, 51.413598024462075 ], [ -0.014262605950354, 51.413657490453751 ], [ -0.014377772971647, 51.413920232855141 ], [ -0.01455884056019, 51.413923300733018 ], [ -0.014152602106653, 51.415100767841828 ], [ -0.017987172336457, 51.41505597295108 ], [ -0.017846701764802, 51.415743343676475 ], [ -0.021040426216235, 51.416019440977863 ], [ -0.021041596086284, 51.416158848824246 ], [ -0.02218549965992, 51.416745604437793 ], [ -0.021736245339902, 51.417291077366521 ], [ -0.022555284896124, 51.41754141051338 ], [ -0.021384342264621, 51.418412830721465 ], [ -0.02119284487857, 51.419483334854426 ], [ -0.020777576510566, 51.4199403494911 ], [ -0.02167470767828, 51.420448301310337 ], [ -0.020947781539132, 51.42092793266724 ], [ -0.022263241743837, 51.421774776560603 ], [ -0.022606081546714, 51.421562936647 ], [ -0.023461114345293, 51.422514406793901 ], [ -0.024427408936237, 51.423154797664921 ], [ -0.025488283497926, 51.423470336489984 ], [ -0.025796768893601, 51.423755208363318 ], [ -0.025999767323251, 51.423617441341079 ], [ -0.027792107711808, 51.424483943620984 ], [ -0.027843695484243, 51.424688947389939 ], [ -0.030241955260608, 51.425683411182014 ], [ -0.031997435320188, 51.425536644311919 ], [ -0.031820027116298, 51.424710828075426 ], [ -0.033373594083097, 51.424642483847023 ], [ -0.03423901611066, 51.424755023733276 ], [ -0.034227043542618, 51.425101043877831 ], [ -0.037485443455498, 51.424992882920222 ], [ -0.038476245207117, 51.423958217672585 ], [ -0.040315650971487, 51.424301936662758 ], [ -0.041068890650371, 51.424246184378525 ], [ -0.041712442427538, 51.423828884733972 ], [ -0.041607703240725, 51.423654473870144 ], [ -0.042871704111621, 51.423225052230627 ], [ -0.04301510253262, 51.423403704594747 ], [ -0.043825445483788, 51.423155544214978 ], [ -0.043690825778116, 51.422905996714569 ], [ -0.046288522678328, 51.422366600253305 ], [ -0.046015409013411, 51.422800892811836 ], [ -0.047231198020622, 51.422859825679055 ], [ -0.051773766135642, 51.422517264749281 ], [ -0.051809046930675, 51.423581691650504 ], [ -0.054780343612391, 51.423727268146934 ], [ -0.055154731052322, 51.422938524210586 ], [ -0.055807741840297, 51.423074357750728 ], [ -0.05678874628346, 51.422971923477419 ], [ -0.058125102465782, 51.423173028690222 ], [ -0.05808062755553, 51.423272111030911 ], [ -0.061423141578158, 51.424468623523325 ], [ -0.061445309973232, 51.424794526680323 ], [ -0.062603457996284, 51.425197666477558 ], [ -0.064429104944626, 51.425327650506254 ], [ -0.064604288576992, 51.425062560607145 ], [ -0.064876621582281, 51.425221732189506 ], [ -0.065841625526512, 51.425328488024832 ], [ -0.066062533478364, 51.42507044547343 ], [ -0.068006988167995, 51.425828226817842 ], [ -0.067915095399395, 51.425926531075632 ], [ -0.06869034023074, 51.425996861906228 ], [ -0.068881851145762, 51.425616928128086 ], [ -0.070876956491019, 51.426232511858643 ], [ -0.072218957730954, 51.426303153913736 ], [ -0.073935607450058, 51.426153321904707 ], [ -0.0743270491396, 51.427449307598415 ], [ -0.075093302425066, 51.428795512140077 ], [ -0.074893542904643, 51.429749054304096 ], [ -0.073586072553549, 51.43135165294828 ], [ -0.072383343337401, 51.432411901647555 ], [ -0.070695286203447, 51.432457867543931 ], [ -0.06962227866592, 51.432656924374882 ], [ -0.066708747820617, 51.433922736922128 ], [ -0.065834290884582, 51.43463132323334 ], [ -0.064420283439177, 51.437041406059812 ], [ -0.063456737987918, 51.437540772288784 ], [ -0.06370071912291, 51.4379296905676 ], [ -0.064053530112244, 51.4408491521638 ], [ -0.065026169634361, 51.441157474946898 ], [ -0.064218782051581, 51.441909422205079 ], [ -0.063870377327268, 51.442525962299214 ], [ -0.063484088882165, 51.445262352063239 ], [ -0.063083889884188, 51.446183785474133 ], [ -0.061826917353737, 51.447796081220154 ], [ -0.060972647184044, 51.44842762843831 ], [ -0.058687481526348, 51.449507597564235 ], [ -0.057561284001704, 51.450338750619444 ], [ -0.053787802872301, 51.448709634442608 ], [ -0.049086624618254, 51.450112585349579 ], [ -0.046150746178801, 51.449873042207479 ], [ -0.045124223222392, 51.451229113742514 ], [ -0.042989340387167, 51.453191671057141 ], [ -0.041648633917979, 51.454990303606571 ], [ -0.044632325479629, 51.456576961894058 ], [ -0.046160351848546, 51.45696304627262 ], [ -0.045335715155127, 51.45898074887095 ], [ -0.04512324299527, 51.46028114632999 ], [ -0.045236826425829, 51.462204778046811 ], [ -0.04572036120547, 51.463523073940813 ], [ -0.046586746909584, 51.464608541751623 ], [ -0.048540155995047, 51.46562667112731 ], [ -0.048206077169185, 51.465898084348204 ], [ -0.049406726159481, 51.466338924051541 ], [ -0.050888439108945, 51.4666378437243 ], [ -0.050575133518938, 51.466793603460054 ], [ -0.051326568234411, 51.467370835669826 ], [ -0.050881396325815, 51.467580158951193 ], [ -0.052281831515366, 51.469214020301251 ], [ -0.051687078753723, 51.469757187482706 ], [ -0.052756998766459, 51.472933186936011 ], [ -0.052699250241813, 51.478008585040833 ], [ -0.054328520144216, 51.478605767152935 ], [ -0.05352175989465, 51.479965555309214 ], [ -0.053573407129681, 51.480342305609867 ], [ -0.053358833493225, 51.48030816839637 ], [ -0.053514303922462, 51.480478912059475 ], [ -0.053156651430193, 51.481031417964232 ], [ -0.052811428504645, 51.482644362862182 ], [ -0.053097325374833, 51.485163454971321 ], [ -0.05342308672918, 51.485292961905223 ], [ -0.053560134841523, 51.485795228091419 ], [ -0.052949151985861, 51.486004504936652 ], [ -0.052844323514732, 51.486470381829911 ], [ -0.053977465215249, 51.487935210081176 ], [ -0.052631144247879, 51.487552253947094 ], [ -0.052412820884006, 51.487774343345151 ], [ -0.050464350096427, 51.487933507906199 ], [ -0.050108723103539, 51.488334961673687 ], [ -0.051958689024049, 51.489135480144824 ], [ -0.051151635539793, 51.489550119700262 ], [ -0.047550010114082, 51.490369687103694 ], [ -0.046567413338632, 51.490744502544203 ], [ -0.04656734848633, 51.490341630837705 ], [ -0.046164390795446, 51.490366391629912 ], [ -0.04583172791527, 51.490162110708845 ], [ -0.044758115021428, 51.490441870664895 ], [ -0.04449876558726, 51.490106616382178 ], [ -0.042225839137782, 51.490035417113681 ], [ -0.042508026394471, 51.490240664308438 ], [ -0.040343734618357, 51.491062414134184 ], [ -0.041055670106529, 51.491827894045343 ], [ -0.040070367148701, 51.492163042558282 ], [ -0.040563332346208, 51.492794471753342 ], [ -0.039966219227941, 51.492945461134276 ], [ -0.039093222781313, 51.492911981369851 ], [ -0.037954300250431, 51.492328191746147 ], [ -0.037315038300115, 51.492219473892874 ], [ -0.033304047376894, 51.493000279183001 ], [ -0.033247755218971, 51.492868941478271 ], [ -0.032412829940658, 51.493055471381155 ] ] ] } },
{ "type": "Feature", "properties": { "NAME": "Greenwich", "GSS_CODE": "E09000011" }, "geometry": { "type": "MultiPolygon", "coordinates": [ [ [ [ -0.025201256504575, 51.485021589258039 ], [ -0.024682728738869, 51.485621659653539 ], [ -0.022659627243976, 51.484742248231463 ], [ -0.022613759485029, 51.484537340779653 ], [ -0.02244847978265, 51.484662249506989 ], [ -0.018818582800762, 51.483505663770863 ], [ -0.018189819142621, 51.481995956234726 ], [ -0.016521682861897, 51.481638616568901 ], [ -0.016494731593999, 51.481230791488123 ], [ -0.017116525207083, 51.480409484110162 ], [ -0.017875265566793, 51.480880041349323 ], [ -0.018400869423994, 51.480848458374965 ], [ -0.020417988870845, 51.480230561117651 ], [ -0.020367391716232, 51.479935645769153 ], [ -0.023070910252444, 51.479628746896175 ], [ -0.023161231170835, 51.480737269915579 ], [ -0.026408662844594, 51.481509592509873 ], [ -0.025819095676427, 51.482188507045244 ], [ -0.025201256504575, 51.485021589258039 ] ] ], [ [ [ 0.12021088120581, 51.511444659278112 ], [ 0.12053523789358, 51.511043110166497 ], [ 0.120847575843968, 51.506069820838952 ], [ 0.121448447535313, 51.487639797300126 ], [ 0.122073709523868, 51.485563720842762 ], [ 0.122135010000087, 51.482230753779149 ], [ 0.124160811919302, 51.476823523187392 ], [ 0.122935992179078, 51.477583124324397 ], [ 0.120731017702891, 51.478511526413634 ], [ 0.118454315304637, 51.478919595938684 ], [ 0.115049268671597, 51.475765223476664 ], [ 0.114024792804061, 51.475191970380415 ], [ 0.11300580440165, 51.473895582882264 ], [ 0.111975696364729, 51.473074210479155 ], [ 0.108722135651436, 51.475464626756093 ], [ 0.108225591102661, 51.476126438537122 ], [ 0.107666595964641, 51.475996200591382 ], [ 0.107058607315334, 51.475396513988606 ], [ 0.106162561731532, 51.475014231011151 ], [ 0.105636198066162, 51.475467033755528 ], [ 0.105191109084435, 51.475245708957317 ], [ 0.10489145152649, 51.475524472220435 ], [ 0.103377104982754, 51.47459840815867 ], [ 0.103141168043591, 51.474572065177206 ], [ 0.102470457987326, 51.47492402508248 ], [ 0.102001864375498, 51.474472892729665 ], [ 0.100199374349755, 51.475234516619786 ], [ 0.09822399906432, 51.47546233351536 ], [ 0.096909861928785, 51.474094651706189 ], [ 0.096549036167715, 51.473228798555795 ], [ 0.09447176638153, 51.473274021481096 ], [ 0.093171111905413, 51.472951925524285 ], [ 0.091264217075681, 51.472062391050741 ], [ 0.091184308684071, 51.471731980489459 ], [ 0.089047907572847, 51.470418444637318 ], [ 0.087002173796089, 51.469953079885002 ], [ 0.085763185836858, 51.469432861477401 ], [ 0.085106756830221, 51.468709823430522 ], [ 0.084796740135654, 51.468731524071551 ], [ 0.083218292822001, 51.466478999318745 ], [ 0.082295579542927, 51.466641076431635 ], [ 0.082175766249253, 51.464736722276207 ], [ 0.082629964507121, 51.463613541575484 ], [ 0.082230959831087, 51.460983927154274 ], [ 0.082878283268984, 51.459834831910612 ], [ 0.078637195197566, 51.459293202447689 ], [ 0.079611591039856, 51.458560989043001 ], [ 0.079752614908335, 51.458623235626263 ], [ 0.081419830982067, 51.457774395915173 ], [ 0.085683982003888, 51.456645540305495 ], [ 0.08624476545835, 51.454706592815171 ], [ 0.086796300912016, 51.450451244243951 ], [ 0.087832984153209, 51.44866208754064 ], [ 0.088039314597908, 51.447506425289923 ], [ 0.088005654606337, 51.446800185082594 ], [ 0.087352975264814, 51.446089682287472 ], [ 0.087281199868916, 51.445746533403252 ], [ 0.086294293256701, 51.445311762392123 ], [ 0.087380175655911, 51.443246549910427 ], [ 0.086320589564725, 51.44323663811636 ], [ 0.08471205062062, 51.442611477057888 ], [ 0.083216120888773, 51.443542757578484 ], [ 0.082810241671903, 51.443288278180667 ], [ 0.083097904810447, 51.443063739972608 ], [ 0.082825867742585, 51.442841054767811 ], [ 0.084415593241356, 51.44201062979964 ], [ 0.081785468367746, 51.439962034610787 ], [ 0.08085162353471, 51.44040577906388 ], [ 0.080032801719984, 51.439612753354545 ], [ 0.080196275329142, 51.439537009831945 ], [ 0.08002937885181, 51.439220724823215 ], [ 0.07879004702013, 51.438133891273161 ], [ 0.079036189760935, 51.437977545758294 ], [ 0.077819982654759, 51.436447842495809 ], [ 0.076544623010788, 51.436879621288028 ], [ 0.074960376890442, 51.435861808408916 ], [ 0.076503165579231, 51.434855160662529 ], [ 0.075889576790763, 51.434459552292822 ], [ 0.076388301485282, 51.434003771818126 ], [ 0.075654742354311, 51.433627374109115 ], [ 0.076080138738324, 51.43329969305325 ], [ 0.074652690139689, 51.432151399858661 ], [ 0.075343175782512, 51.431990792421409 ], [ 0.074835988020481, 51.43083069845337 ], [ 0.074304792338242, 51.431490286384388 ], [ 0.073327822947482, 51.431773762844806 ], [ 0.073035153575647, 51.431378757057701 ], [ 0.073471425194874, 51.431259527714609 ], [ 0.071636594880273, 51.429434946428636 ], [ 0.066935082645159, 51.426722074647415 ], [ 0.066404183270406, 51.426337548945313 ], [ 0.06657952199026, 51.426015210157097 ], [ 0.064714558027116, 51.425617323209103 ], [ 0.064778973041709, 51.425514568868032 ], [ 0.064194197884295, 51.425370192891336 ], [ 0.064437224439163, 51.425049362954837 ], [ 0.063342174272908, 51.424274577288685 ], [ 0.061708272923508, 51.423734983634979 ], [ 0.061337516742165, 51.424062551080091 ], [ 0.060899947324639, 51.425079246742214 ], [ 0.05859659680688, 51.424590949063649 ], [ 0.056391304218734, 51.426157553480351 ], [ 0.053891805269254, 51.428448699898219 ], [ 0.051049086132973, 51.431529973974882 ], [ 0.047784916733736, 51.433753428389352 ], [ 0.045147078105825, 51.436219459583583 ], [ 0.045182907224874, 51.436602828376188 ], [ 0.043311620480988, 51.437745181867449 ], [ 0.042184707693732, 51.439480653789957 ], [ 0.039814260070766, 51.440985962863934 ], [ 0.035543594891107, 51.442446000606253 ], [ 0.033470517808057, 51.443591697011463 ], [ 0.030585760081095, 51.444317067619266 ], [ 0.03032489169026, 51.444308097367717 ], [ 0.029576442262675, 51.4417410235137 ], [ 0.027767509463795, 51.441510641663655 ], [ 0.0254162270717, 51.441738345938731 ], [ 0.023638527684672, 51.442083799185994 ], [ 0.021482904217187, 51.442735203800844 ], [ 0.020596857752367, 51.44421091117659 ], [ 0.021496511865793, 51.444444499353175 ], [ 0.021263122046527, 51.444992588169342 ], [ 0.021210058731721, 51.446691342149073 ], [ 0.022942439484032, 51.447204621722364 ], [ 0.02192761165291, 51.448958638948596 ], [ 0.017985479948858, 51.449412361830639 ], [ 0.01506379338378, 51.450031866649844 ], [ 0.014875990564869, 51.450604337723881 ], [ 0.015122754556926, 51.450226895618769 ], [ 0.019871671832573, 51.450735087334586 ], [ 0.019535944427863, 51.451704898131624 ], [ 0.018331621102989, 51.45158265537642 ], [ 0.018041597512636, 51.453002212751734 ], [ 0.017507603387361, 51.454112120313113 ], [ 0.017513934077601, 51.455039166430893 ], [ 0.01403062951452, 51.455726760119546 ], [ 0.011516161364071, 51.456615253841569 ], [ 0.009947430934134, 51.459340889153182 ], [ 0.009825072052959, 51.462289913402827 ], [ 0.008988103535279, 51.464735899627108 ], [ 0.009097136028209, 51.465874311811376 ], [ 0.011459489579317, 51.466228585300591 ], [ 0.01324542126333, 51.466831918716167 ], [ 0.012691208282312, 51.467357618656791 ], [ 0.013068953651277, 51.468121811776264 ], [ 0.012601744824212, 51.469806980985382 ], [ 0.013481148949917, 51.469897096358835 ], [ 0.014987312330227, 51.469571760878708 ], [ 0.016330578112381, 51.468981223558799 ], [ 0.016533023066591, 51.469131517690478 ], [ 0.016694306218956, 51.469491151424116 ], [ 0.016205612303013, 51.470000453093476 ], [ 0.015357580933717, 51.471569880507666 ], [ 0.014984943193171, 51.473079872953747 ], [ 0.01812364299086, 51.473853220259791 ], [ -0.000359061904884, 51.471834498594994 ], [ -0.001496500794214, 51.471836806803751 ], [ -0.008143439823361, 51.472756569290866 ], [ -0.012518805991669, 51.472340718640311 ], [ -0.013363187465406, 51.472393698135235 ], [ -0.014069480777437, 51.472675445276067 ], [ -0.014542912370853, 51.472151994360466 ], [ -0.014528595908966, 51.47191794140813 ], [ -0.015184467219898, 51.471768976363371 ], [ -0.013128934863044, 51.468936525856932 ], [ -0.015090178845043, 51.468036303044194 ], [ -0.015904453246946, 51.468549182017014 ], [ -0.016558947569105, 51.469227515887674 ], [ -0.016949379006277, 51.469056064780325 ], [ -0.017273814628925, 51.469410469244082 ], [ -0.018473406011364, 51.469605208827197 ], [ -0.019117973364171, 51.469948831416843 ], [ -0.019272643860483, 51.470499999830459 ], [ -0.018671673743154, 51.470645419061711 ], [ -0.018945196489536, 51.470879355228249 ], [ -0.018827551040529, 51.471102184985959 ], [ -0.019110025980378, 51.471229258788632 ], [ -0.019319175002959, 51.471985481879486 ], [ -0.0202450668743, 51.47218457131855 ], [ -0.020050642503644, 51.473083256355089 ], [ -0.020647593721244, 51.473197651201268 ], [ -0.020836633785363, 51.473520982700379 ], [ -0.021772368234219, 51.474025977758338 ], [ -0.022449409849902, 51.474086859149871 ], [ -0.022672675455844, 51.473985410151521 ], [ -0.022887167296864, 51.47531904740859 ], [ -0.022013082280972, 51.475185600851383 ], [ -0.021289084166573, 51.475344245718198 ], [ -0.021154014546678, 51.475237650809568 ], [ -0.020473566779291, 51.475687489888166 ], [ -0.020300884931625, 51.475850939226184 ], [ -0.020523656773977, 51.475860995402918 ], [ -0.02063997502835, 51.476467268513389 ], [ -0.019868768027792, 51.476884097466979 ], [ -0.019593836128851, 51.476881252488056 ], [ -0.019554755996654, 51.476686350079937 ], [ -0.0188419415063, 51.477317285627997 ], [ -0.018980668408774, 51.478203611921302 ], [ -0.018372452155982, 51.479377672283341 ], [ -0.016886607450883, 51.480065671644034 ], [ -0.015681548825615, 51.481682854002372 ], [ -0.015109772216287, 51.481649795063802 ], [ -0.015025506056479, 51.481766172878253 ], [ -0.017017796757241, 51.482187468994617 ], [ -0.0178644447695, 51.482524622267867 ], [ -0.017956971848048, 51.483180854434693 ], [ -0.016332820156731, 51.483236121325007 ], [ -0.016328960754327, 51.482959980308522 ], [ -0.015457941244925, 51.482819343493702 ], [ -0.01526597925452, 51.4831272415922 ], [ -0.012282586952494, 51.482941813321226 ], [ -0.011664739590603, 51.483106695317126 ], [ -0.010976176822646, 51.483076132173039 ], [ -0.011033614533234, 51.48331181600237 ], [ -0.009935338661124, 51.48342897052359 ], [ -0.009914560968627, 51.483608471910394 ], [ -0.008807964826743, 51.483817200273776 ], [ -0.008503807050899, 51.483856098917187 ], [ -0.008330313309291, 51.483606751993456 ], [ -0.007266505916775, 51.483791912346632 ], [ -0.004707475083042, 51.484707015837451 ], [ -0.004457617868173, 51.484623627959685 ], [ -0.003657510603123, 51.484904069726831 ], [ -0.00336507822841, 51.484872112338216 ], [ -0.003332890722279, 51.485015447561842 ], [ -0.002045092897444, 51.485644583257155 ], [ -0.002310438728489, 51.485900900136521 ], [ -0.0016878516965, 51.486238309173288 ], [ -0.001695545597528, 51.485897616646696 ], [ -0.001185632493567, 51.486359244059685 ], [ 0.00013150682688, 51.486867353641607 ], [ 0.001091578832708, 51.487805998722287 ], [ 0.001268445157232, 51.487766110086582 ], [ 0.001638886295108, 51.488495390663729 ], [ 0.001962885605995, 51.488460183434277 ], [ 0.001824458966832, 51.488588444683614 ], [ 0.002447103212833, 51.489944704978782 ], [ 0.002388640359474, 51.491371946710949 ], [ 0.002626101297808, 51.491859792491383 ], [ 0.002363585514182, 51.493002751993622 ], [ 0.001954869224613, 51.492913508627268 ], [ 0.001558239542265, 51.494020986230332 ], [ 0.000954440306691, 51.494411682201488 ], [ 0.001242237757512, 51.494798852651556 ], [ 0.000862181429106, 51.495495977478392 ], [ -0.000286008710486, 51.495233192628348 ], [ -0.001039133134426, 51.496393501366541 ], [ -0.001472906636103, 51.497411673717437 ], [ -0.001148757295607, 51.497477191160812 ], [ -0.001691049923829, 51.498353329086854 ], [ -0.001490564919233, 51.498391278887198 ], [ -0.001660596601531, 51.498851904511781 ], [ -0.001958836405005, 51.498884863754618 ], [ -0.002151341866752, 51.499490653809829 ], [ -0.002313901630922, 51.500979015299514 ], [ -0.002302830493497, 51.501298067098077 ], [ -0.001872950691812, 51.501309627907659 ], [ -0.001921838177579, 51.50190487749439 ], [ -0.001541632777717, 51.502032389872916 ], [ -0.002015441717973, 51.502136685070447 ], [ -0.002031064511517, 51.502273640070641 ], [ -0.001477957411322, 51.503191361257166 ], [ 0.000147245179423, 51.504240977353312 ], [ 0.001479914882328, 51.504696651256097 ], [ 0.002715796926603, 51.504883283147819 ], [ 0.003518229606324, 51.504846195914354 ], [ 0.005145891797233, 51.504306692991712 ], [ 0.011487602191423, 51.498877106338078 ], [ 0.013774500488519, 51.497349562806413 ], [ 0.014536532599019, 51.496497453849514 ], [ 0.015699923372896, 51.495893834313769 ], [ 0.017941429732016, 51.49507381508149 ], [ 0.019198497844735, 51.494766207171928 ], [ 0.019258244473017, 51.494879385921571 ], [ 0.021702948923306, 51.494454172387506 ], [ 0.021576901629644, 51.494014802646205 ], [ 0.021980105075907, 51.493945800928103 ], [ 0.022303913358303, 51.494296328918374 ], [ 0.024379362068704, 51.493862139163546 ], [ 0.028310961820878, 51.493865241046656 ], [ 0.028343562607343, 51.493755865037002 ], [ 0.028994684094676, 51.493949634666969 ], [ 0.029484328632912, 51.49384853600133 ], [ 0.035535337406297, 51.494859651448259 ], [ 0.036876753478117, 51.494863336376753 ], [ 0.037162758425937, 51.495041819985879 ], [ 0.040248216244509, 51.495451302664485 ], [ 0.049162140913198, 51.495011697677825 ], [ 0.05561379393433, 51.494475216099048 ], [ 0.057707734744204, 51.494458273775564 ], [ 0.057757382984478, 51.494057224194563 ], [ 0.058028291976627, 51.494058764694771 ], [ 0.058090604157272, 51.49445065515927 ], [ 0.058831484073806, 51.494459231852872 ], [ 0.05893946355298, 51.49420194116172 ], [ 0.05912161020132, 51.494215829000375 ], [ 0.05916518527533, 51.494479451323762 ], [ 0.062356860974644, 51.494621200689771 ], [ 0.062470702329944, 51.494494198795117 ], [ 0.063874473686304, 51.494666441343931 ], [ 0.06405627066082, 51.494513061998994 ], [ 0.064110516236891, 51.494725235990039 ], [ 0.070326804816925, 51.495166903892155 ], [ 0.07592585489536, 51.496099386887401 ], [ 0.076207414639602, 51.495891164817031 ], [ 0.076697042144932, 51.495949940381699 ], [ 0.076589261686498, 51.496272891850495 ], [ 0.082457566853684, 51.498902632328409 ], [ 0.082345052850158, 51.498994558369134 ], [ 0.086630873081027, 51.503524484009354 ], [ 0.086868320556957, 51.503423136452376 ], [ 0.087590712555591, 51.503969630533383 ], [ 0.087926940030276, 51.505556268648171 ], [ 0.089256569486077, 51.50649211879378 ], [ 0.092024743268166, 51.509007514331763 ], [ 0.093102109506169, 51.50908900940226 ], [ 0.094590339016617, 51.508953624665942 ], [ 0.097317077804409, 51.509490321892358 ], [ 0.10024396238554, 51.509677148791937 ], [ 0.106878198521874, 51.509410664810417 ], [ 0.113488409173928, 51.510152333102383 ], [ 0.117268767299024, 51.510778387919565 ], [ 0.12021088120581, 51.511444659278112 ] ] ] ] } },
{ "type": "Feature", "properties": { "NAME": "Bexley", "GSS_CODE": "E09000004" }, "geometry": { "type": "Polygon", "coordinates": [ [ [ 0.12021088120581, 51.511444659278112 ], [ 0.122966571437802, 51.512222146191604 ], [ 0.125145049829746, 51.513044202839417 ], [ 0.126527379361172, 51.513202598945405 ], [ 0.127998443798651, 51.513130950646762 ], [ 0.128592622607028, 51.513293729161312 ], [ 0.130771250645879, 51.512849487544344 ], [ 0.137329741308422, 51.510096134458607 ], [ 0.13747577552547, 51.510198689169954 ], [ 0.143901042953343, 51.507724370446638 ], [ 0.147426068824981, 51.506623893635627 ], [ 0.148025646863934, 51.506809856260489 ], [ 0.148052618101054, 51.506402884409518 ], [ 0.148638533616719, 51.506390351682775 ], [ 0.149558641498959, 51.505854600255859 ], [ 0.149822966408989, 51.505898316210448 ], [ 0.14993744661458, 51.506371041181374 ], [ 0.151139809306198, 51.506259961536323 ], [ 0.151787842311332, 51.506434224662591 ], [ 0.152979064873836, 51.506361999922419 ], [ 0.153882699579076, 51.506119684536074 ], [ 0.158872957937632, 51.50575273670551 ], [ 0.159913175906844, 51.505626566012104 ], [ 0.162270955675981, 51.504962604348393 ], [ 0.164182302927595, 51.50460989543619 ], [ 0.165077373410801, 51.504219268273069 ], [ 0.166511745497697, 51.5034724447152 ], [ 0.167313681693269, 51.502759776340774 ], [ 0.168912836182873, 51.500902850136043 ], [ 0.170007838330376, 51.500021969673668 ], [ 0.170403687538081, 51.49916481327601 ], [ 0.171133049218923, 51.498564972826237 ], [ 0.171628007838968, 51.497671803635697 ], [ 0.171487978661374, 51.497635727413027 ], [ 0.172026214859629, 51.496501643943546 ], [ 0.172071219243999, 51.492205791735159 ], [ 0.172371889414208, 51.491651653101329 ], [ 0.172217512987384, 51.491283105474402 ], [ 0.172520885165924, 51.489058929839949 ], [ 0.17350645781601, 51.487338302066647 ], [ 0.174154317020796, 51.486816391006776 ], [ 0.174465561277947, 51.486909541267842 ], [ 0.175206670817689, 51.4860774370878 ], [ 0.174851472464026, 51.485938340894464 ], [ 0.175170419514815, 51.485255256041221 ], [ 0.175399240568248, 51.48534183926963 ], [ 0.175645436855312, 51.485127735548154 ], [ 0.175960876797323, 51.485248682049885 ], [ 0.178018765571155, 51.483517100271257 ], [ 0.177606843739496, 51.483184818655594 ], [ 0.177752420792053, 51.48306610571516 ], [ 0.17826012572242, 51.48332286516299 ], [ 0.181341710844843, 51.481889650248675 ], [ 0.183534687449707, 51.48106374308108 ], [ 0.190071474564012, 51.479820393356334 ], [ 0.190385810972207, 51.479677827902194 ], [ 0.190201010606524, 51.479127313854434 ], [ 0.190414711773533, 51.479048679734213 ], [ 0.190764383864421, 51.479733705058145 ], [ 0.192646503640316, 51.479758772574016 ], [ 0.19301161031285, 51.479413807995115 ], [ 0.194179190013757, 51.47928494539665 ], [ 0.195001544427242, 51.479614881607581 ], [ 0.195570246415691, 51.479641103770028 ], [ 0.196161338533869, 51.479443878053424 ], [ 0.19727717420019, 51.47964689523387 ], [ 0.197285344061453, 51.479517243298481 ], [ 0.197614867934334, 51.479481390013383 ], [ 0.198570744595416, 51.479652320643453 ], [ 0.198764611397665, 51.479431054863568 ], [ 0.198622958316902, 51.479300615427057 ], [ 0.198975624493354, 51.479386628761191 ], [ 0.199556352212632, 51.479962076849468 ], [ 0.199932732430586, 51.479972101426412 ], [ 0.200272635252287, 51.479493591444246 ], [ 0.200768012754159, 51.479821529954208 ], [ 0.200825303377784, 51.480173878500018 ], [ 0.201514495285992, 51.480189716253498 ], [ 0.201676228301608, 51.479690266658906 ], [ 0.201992376330292, 51.479496375798654 ], [ 0.201996149062962, 51.479066440494243 ], [ 0.200934726177936, 51.478857050906996 ], [ 0.200817076748818, 51.478656917507763 ], [ 0.202139486047346, 51.479022380467605 ], [ 0.201788832875838, 51.480234025740096 ], [ 0.20210608967754, 51.480242455815052 ], [ 0.202231291542779, 51.480569247072481 ], [ 0.203142696405219, 51.480713097769119 ], [ 0.203886960621012, 51.480616373729823 ], [ 0.204694558744477, 51.480877273913457 ], [ 0.204667367356303, 51.48067184597258 ], [ 0.205089263322635, 51.480878843701234 ], [ 0.205537679921731, 51.480441443445471 ], [ 0.206299186797172, 51.480731977248482 ], [ 0.206160346963039, 51.481078121962014 ], [ 0.206343559913859, 51.481293203656428 ], [ 0.207949445011159, 51.481412254574415 ], [ 0.208149290756983, 51.481583853926345 ], [ 0.209225018539521, 51.481818988826539 ], [ 0.20962403806017, 51.481641501639011 ], [ 0.210361073970328, 51.4824972301221 ], [ 0.211657000806096, 51.482728191181359 ], [ 0.217615857446377, 51.480448316430326 ], [ 0.216693692945411, 51.480202261310694 ], [ 0.215934988492516, 51.479465688972809 ], [ 0.215854491259029, 51.478785541139956 ], [ 0.21622806416993, 51.478054543148154 ], [ 0.216224866000795, 51.477453871121625 ], [ 0.215962103773022, 51.477083829988331 ], [ 0.215302932408603, 51.476735668494953 ], [ 0.212537841829293, 51.476169168117217 ], [ 0.211824170424837, 51.475795036847309 ], [ 0.211256414549187, 51.475281455535146 ], [ 0.211165703660224, 51.474894668994288 ], [ 0.211306402384587, 51.473188741025069 ], [ 0.209382124525733, 51.471898555377017 ], [ 0.208853740286714, 51.471721458093342 ], [ 0.208107860194894, 51.470797539961843 ], [ 0.208864400513603, 51.469974816557801 ], [ 0.210602973686162, 51.468915043359686 ], [ 0.211016076023453, 51.468286735094985 ], [ 0.210792650068098, 51.467120059434016 ], [ 0.209982385607839, 51.465727032774524 ], [ 0.210248177958474, 51.462557380957421 ], [ 0.209906203283245, 51.462303031191873 ], [ 0.207514136834337, 51.461600784339005 ], [ 0.205609445582507, 51.460375818718809 ], [ 0.204418230868224, 51.459973756826443 ], [ 0.202578214285909, 51.458324854965404 ], [ 0.199043543525224, 51.458581872031495 ], [ 0.198437804303476, 51.458438554744539 ], [ 0.197397051293732, 51.457779997396763 ], [ 0.197283242013218, 51.457538420507504 ], [ 0.197514809225374, 51.457504402515426 ], [ 0.198366646647714, 51.458215963536709 ], [ 0.198803690804717, 51.458024308816682 ], [ 0.198362574273133, 51.457292458457822 ], [ 0.199629560732979, 51.458374829141668 ], [ 0.203080802585091, 51.457970078368149 ], [ 0.203208581544623, 51.457604359091746 ], [ 0.202546963627071, 51.456150932419924 ], [ 0.203808460912348, 51.455982433675331 ], [ 0.203856101689638, 51.455566960026374 ], [ 0.203235738643207, 51.45494011849523 ], [ 0.203325723412257, 51.454327801369104 ], [ 0.20247357075266, 51.453878877917347 ], [ 0.202000790695149, 51.454104492326117 ], [ 0.201825950242084, 51.453881152882374 ], [ 0.201359541739557, 51.453850344136335 ], [ 0.200977698586619, 51.453542759449896 ], [ 0.201161953811398, 51.453303682474868 ], [ 0.200671831562367, 51.453198674352777 ], [ 0.200699101859609, 51.45289779571813 ], [ 0.200300867216791, 51.452847716786906 ], [ 0.200206713358246, 51.45259588125419 ], [ 0.199694237816929, 51.452714315393415 ], [ 0.199487962278299, 51.452465482727909 ], [ 0.199015856508992, 51.452345740848799 ], [ 0.199109507489174, 51.452138043843959 ], [ 0.198391530117078, 51.452053488490812 ], [ 0.197988412322688, 51.451841619154116 ], [ 0.197611921159278, 51.452004257750872 ], [ 0.197430049530745, 51.451783741609361 ], [ 0.195959036508887, 51.451783432117786 ], [ 0.195897095082403, 51.451992331063067 ], [ 0.196151524709211, 51.452195302645045 ], [ 0.195863435402965, 51.452370667970058 ], [ 0.195482232500492, 51.452015390704865 ], [ 0.195027488132956, 51.452137219522207 ], [ 0.194921374675672, 51.451815458439441 ], [ 0.194605145942585, 51.451884330832563 ], [ 0.194154117616553, 51.451663453162894 ], [ 0.19381942365552, 51.451947601920793 ], [ 0.193456350903605, 51.451699894890133 ], [ 0.192992957581322, 51.451701371396446 ], [ 0.1917205279031, 51.450678385803926 ], [ 0.190985182039977, 51.448787415509365 ], [ 0.18882400052498, 51.449129959582649 ], [ 0.18840795300342, 51.448616134247757 ], [ 0.187617384112084, 51.448697440575536 ], [ 0.187350706820385, 51.4482069032723 ], [ 0.187438128029278, 51.44687430743376 ], [ 0.184250928272109, 51.444654920709326 ], [ 0.183629156387189, 51.444804099431579 ], [ 0.182636399885914, 51.444386430637614 ], [ 0.181058042293702, 51.444181994916832 ], [ 0.18086114088246, 51.443522874905746 ], [ 0.179549548798265, 51.443117407613038 ], [ 0.17919958087018, 51.443444065877848 ], [ 0.17888811247618, 51.443340142110451 ], [ 0.178698902678283, 51.443476755820456 ], [ 0.175991145571034, 51.442005444372761 ], [ 0.173779559714694, 51.442979057010852 ], [ 0.172770374849505, 51.4430310440735 ], [ 0.172828015917563, 51.44324490791692 ], [ 0.172550027466989, 51.442754547503355 ], [ 0.171355293591389, 51.441807243542115 ], [ 0.170524001153868, 51.440815426846669 ], [ 0.169732001904011, 51.439619635370235 ], [ 0.169778064730252, 51.43928604199089 ], [ 0.169037886483725, 51.438545231053098 ], [ 0.168688118180043, 51.437479739345349 ], [ 0.166997427142466, 51.435625182321367 ], [ 0.16666380097295, 51.43505130274243 ], [ 0.166504351743662, 51.434053330463165 ], [ 0.166747753991323, 51.433724183584609 ], [ 0.166819026108318, 51.431946749471869 ], [ 0.166069476648636, 51.431430018943495 ], [ 0.166667372241203, 51.431295762539278 ], [ 0.166183504858266, 51.430282203608073 ], [ 0.165563705405657, 51.4303485156289 ], [ 0.164302097584265, 51.428584913515856 ], [ 0.163805498971151, 51.428609371839507 ], [ 0.16389700475939, 51.42893232939705 ], [ 0.163521128028699, 51.428893404965429 ], [ 0.163298664379596, 51.429056687772288 ], [ 0.160669259304059, 51.429674452217135 ], [ 0.159811173106155, 51.429202849575312 ], [ 0.159706716454192, 51.429641833929587 ], [ 0.159059485766274, 51.430224814556304 ], [ 0.15860601962998, 51.430127050716351 ], [ 0.157981282945636, 51.430455109382166 ], [ 0.155848898619037, 51.430876557301197 ], [ 0.155274579575574, 51.428975212673151 ], [ 0.15373747669304, 51.427523226444009 ], [ 0.153292781152765, 51.425316426037263 ], [ 0.153491339462139, 51.423604109718106 ], [ 0.152977735446627, 51.421980419991627 ], [ 0.151132865283127, 51.420430634837054 ], [ 0.153081645428511, 51.419539611343339 ], [ 0.154610608582752, 51.418470119632588 ], [ 0.154068184965697, 51.417762450702789 ], [ 0.151029466989119, 51.417615927784908 ], [ 0.151128246935785, 51.41506370092732 ], [ 0.150598233156784, 51.414189417918919 ], [ 0.149970930852243, 51.413907757580574 ], [ 0.149587202311983, 51.412809558181742 ], [ 0.149133922843607, 51.412435670229264 ], [ 0.149725911216521, 51.411658607499454 ], [ 0.153744077278393, 51.411265568749343 ], [ 0.153333731346722, 51.410489819623429 ], [ 0.152906379136018, 51.408708963299951 ], [ 0.151569041393936, 51.40867777099966 ], [ 0.149285724724923, 51.409141447701693 ], [ 0.148876682885191, 51.40848346776199 ], [ 0.145538175314066, 51.409414269313331 ], [ 0.139139707742647, 51.411614031063998 ], [ 0.13431984900332, 51.413817070545015 ], [ 0.132140033926749, 51.414412519750492 ], [ 0.129030566627866, 51.414903417321291 ], [ 0.127370582343391, 51.41495784667331 ], [ 0.126626242938558, 51.414630524178847 ], [ 0.126164035526995, 51.414804382161648 ], [ 0.125402474033401, 51.414787621713891 ], [ 0.122015650529054, 51.41382560379347 ], [ 0.119489824176218, 51.413348826219988 ], [ 0.113560484233152, 51.413098903603952 ], [ 0.113098950651283, 51.41291387894195 ], [ 0.112074788206848, 51.413283068316616 ], [ 0.109536937665694, 51.413635443231314 ], [ 0.107005694367126, 51.414257432310947 ], [ 0.107011355072379, 51.414380533822225 ], [ 0.103231493291073, 51.4157182405349 ], [ 0.102275357372912, 51.416381989620113 ], [ 0.09867240595601, 51.418134543950153 ], [ 0.092973081765825, 51.421387592774735 ], [ 0.090064125402713, 51.423328920613628 ], [ 0.087250190053447, 51.425624600588371 ], [ 0.083663683831988, 51.429505906378033 ], [ 0.082906193553599, 51.430058045654775 ], [ 0.08071173982082, 51.430774190829709 ], [ 0.074652690139689, 51.432151399858661 ], [ 0.076080138738324, 51.43329969305325 ], [ 0.075654742354311, 51.433627374109115 ], [ 0.076388301485282, 51.434003771818126 ], [ 0.075889576790763, 51.434459552292822 ], [ 0.076503165579231, 51.434855160662529 ], [ 0.074960376890442, 51.435861808408916 ], [ 0.076544623010788, 51.436879621288028 ], [ 0.077819982654759, 51.436447842495809 ], [ 0.079036189760935, 51.437977545758294 ], [ 0.07879004702013, 51.438133891273161 ], [ 0.08002937885181, 51.439220724823215 ], [ 0.080196275329142, 51.439537009831945 ], [ 0.080032801719984, 51.439612753354545 ], [ 0.08085162353471, 51.44040577906388 ], [ 0.081785468367746, 51.439962034610787 ], [ 0.084415593241356, 51.44201062979964 ], [ 0.082825867742585, 51.442841054767811 ], [ 0.083097904810447, 51.443063739972608 ], [ 0.082810241671903, 51.443288278180667 ], [ 0.083216120888773, 51.443542757578484 ], [ 0.08471205062062, 51.442611477057888 ], [ 0.086320589564725, 51.44323663811636 ], [ 0.087380175655911, 51.443246549910427 ], [ 0.086294293256701, 51.445311762392123 ], [ 0.087281199868916, 51.445746533403252 ], [ 0.087352975264814, 51.446089682287472 ], [ 0.088005654606337, 51.446800185082594 ], [ 0.088039314597908, 51.447506425289923 ], [ 0.087832984153209, 51.44866208754064 ], [ 0.086796300912016, 51.450451244243951 ], [ 0.08624476545835, 51.454706592815171 ], [ 0.085683982003888, 51.456645540305495 ], [ 0.081419830982067, 51.457774395915173 ], [ 0.079752614908335, 51.458623235626263 ], [ 0.079611591039856, 51.458560989043001 ], [ 0.078637195197566, 51.459293202447689 ], [ 0.082878283268984, 51.459834831910612 ], [ 0.082230959831087, 51.460983927154274 ], [ 0.082629964507121, 51.463613541575484 ], [ 0.082175766249253, 51.464736722276207 ], [ 0.082295579542927, 51.466641076431635 ], [ 0.083218292822001, 51.466478999318745 ], [ 0.084796740135654, 51.468731524071551 ], [ 0.085106756830221, 51.468709823430522 ], [ 0.085763185836858, 51.469432861477401 ], [ 0.087002173796089, 51.469953079885002 ], [ 0.089047907572847, 51.470418444637318 ], [ 0.091184308684071, 51.471731980489459 ], [ 0.091264217075681, 51.472062391050741 ], [ 0.093171111905413, 51.472951925524285 ], [ 0.09447176638153, 51.473274021481096 ], [ 0.096549036167715, 51.473228798555795 ], [ 0.096909861928785, 51.474094651706189 ], [ 0.09822399906432, 51.47546233351536 ], [ 0.100199374349755, 51.475234516619786 ], [ 0.102001864375498, 51.474472892729665 ], [ 0.102470457987326, 51.47492402508248 ], [ 0.103141168043591, 51.474572065177206 ], [ 0.103377104982754, 51.47459840815867 ], [ 0.10489145152649, 51.475524472220435 ], [ 0.105191109084435, 51.475245708957317 ], [ 0.105636198066162, 51.475467033755528 ], [ 0.106162561731532, 51.475014231011151 ], [ 0.107058607315334, 51.475396513988606 ], [ 0.107666595964641, 51.475996200591382 ], [ 0.108225591102661, 51.476126438537122 ], [ 0.108722135651436, 51.475464626756093 ], [ 0.111975696364729, 51.473074210479155 ], [ 0.11300580440165, 51.473895582882264 ], [ 0.114024792804061, 51.475191970380415 ], [ 0.115049268671597, 51.475765223476664 ], [ 0.118454315304637, 51.478919595938684 ], [ 0.120731017702891, 51.478511526413634 ], [ 0.122935992179078, 51.477583124324397 ], [ 0.124160811919302, 51.476823523187392 ], [ 0.122135010000087, 51.482230753779149 ], [ 0.122073709523868, 51.485563720842762 ], [ 0.121448447535313, 51.487639797300126 ], [ 0.120847575843968, 51.506069820838952 ], [ 0.12053523789358, 51.511043110166497 ], [ 0.12021088120581, 51.511444659278112 ] ] ] } },
{ "type": "Feature", "properties": { "NAME": "Enfield", "GSS_CODE": "E09000010" }, "geometry": { "type": "Polygon", "coordinates": [ [ [ -0.105804690059788, 51.691872738701527 ], [ -0.103841112350372, 51.691772715698264 ], [ -0.099561437285, 51.691111857095606 ], [ -0.0948027785974, 51.690111256951944 ], [ -0.090176211958341, 51.689895841677867 ], [ -0.086233758487339, 51.690167086333304 ], [ -0.083936156086133, 51.689962371186006 ], [ -0.081610088337869, 51.689302133945425 ], [ -0.07902091993323, 51.68891181374596 ], [ -0.066367704446814, 51.683842922113627 ], [ -0.062043314037309, 51.683005498816676 ], [ -0.059767480540675, 51.682843830028702 ], [ -0.059321819103673, 51.682846358572171 ], [ -0.059070175802245, 51.683013954529571 ], [ -0.05662660044682, 51.682986136677812 ], [ -0.054823724240632, 51.683333072044825 ], [ -0.051720844571634, 51.683532529046218 ], [ -0.049206754369908, 51.68426953798285 ], [ -0.048781266687429, 51.684004388714342 ], [ -0.048345706496015, 51.684074486333088 ], [ -0.047240721089144, 51.683463521605717 ], [ -0.04426926408471, 51.683432064054266 ], [ -0.043655562757517, 51.683339113275743 ], [ -0.043697940361111, 51.683094326942836 ], [ -0.037103871855126, 51.682802660005393 ], [ -0.03703619650527, 51.682594703790791 ], [ -0.034267871603591, 51.682450385535169 ], [ -0.030699100009919, 51.682417577510108 ], [ -0.030660432603688, 51.682541923586733 ], [ -0.019797945336841, 51.681148900318597 ], [ -0.011091907762269, 51.680866901548612 ], [ -0.011147189227632, 51.680067511190821 ], [ -0.010350299129831, 51.676632391347944 ], [ -0.010828537788624, 51.674993976895095 ], [ -0.011438256517829, 51.671244562479139 ], [ -0.011370268670539, 51.670617536991038 ], [ -0.010584855998163, 51.669134868224688 ], [ -0.011244846021827, 51.667603842123746 ], [ -0.011514404349946, 51.663792909315795 ], [ -0.010801111744704, 51.662646879677958 ], [ -0.009250330347786, 51.66121148074641 ], [ -0.008951063609323, 51.660353022111472 ], [ -0.011820123211355, 51.652977456314034 ], [ -0.011660396728106, 51.649756345978822 ], [ -0.013514544239488, 51.639186497032185 ], [ -0.015266481058709, 51.635504927844586 ], [ -0.022948144444376, 51.62581294722925 ], [ -0.024282305343616, 51.624368733604605 ], [ -0.025574663343049, 51.622055127033398 ], [ -0.029463348414245, 51.618829217143031 ], [ -0.032310721768933, 51.616722380391266 ], [ -0.035124774931884, 51.613507941810205 ], [ -0.035596416343031, 51.612085130009405 ], [ -0.034114961460245, 51.610169205094664 ], [ -0.033998727514117, 51.609616917261917 ], [ -0.034230155560254, 51.609074049308276 ], [ -0.035343915571086, 51.608198842398892 ], [ -0.0406947829994, 51.606119294880706 ], [ -0.041447834482903, 51.605634578073513 ], [ -0.050231063906678, 51.607355395752492 ], [ -0.051776192631386, 51.607899019423968 ], [ -0.052915726076638, 51.608100475486012 ], [ -0.05290996937604, 51.608505041566914 ], [ -0.054379338774232, 51.608863027890024 ], [ -0.065045285650901, 51.608587019628978 ], [ -0.066304145318587, 51.608667115430848 ], [ -0.067140366594869, 51.608938972219342 ], [ -0.067508225872859, 51.608642882521202 ], [ -0.067994714111491, 51.60881815081823 ], [ -0.068357296592264, 51.608680238938391 ], [ -0.069675201670313, 51.608662353145505 ], [ -0.070869880404106, 51.608791702140053 ], [ -0.076673077132893, 51.608410335979521 ], [ -0.085851584730362, 51.608468651700512 ], [ -0.090876647970774, 51.60890209487691 ], [ -0.090908857801438, 51.608788414857244 ], [ -0.09144312569159, 51.608790808502455 ], [ -0.092471583055748, 51.609097082859329 ], [ -0.092486422609755, 51.60884643519541 ], [ -0.093580462600118, 51.609000894237859 ], [ -0.095157534530935, 51.60865690905672 ], [ -0.095592960912369, 51.609261071610668 ], [ -0.09581239032187, 51.609297903500391 ], [ -0.09680984336657, 51.609137828955596 ], [ -0.097263410778966, 51.608894293591078 ], [ -0.097681017834612, 51.608923543417973 ], [ -0.097485539335679, 51.608521111517241 ], [ -0.101510773946444, 51.608517043360088 ], [ -0.102203965947205, 51.608414049312245 ], [ -0.102538587018533, 51.608043575892161 ], [ -0.103514776127642, 51.608427142213145 ], [ -0.109889593433625, 51.608253000533068 ], [ -0.110534878423239, 51.608364104558149 ], [ -0.110454842381233, 51.608552556035889 ], [ -0.110823522562963, 51.608612444853989 ], [ -0.110876820770116, 51.608476618031077 ], [ -0.113838368099549, 51.608350690957145 ], [ -0.115916395048741, 51.608425429366022 ], [ -0.115907096860938, 51.6083011849434 ], [ -0.117289459758208, 51.608434871364551 ], [ -0.117517243939229, 51.608200226039827 ], [ -0.11873624703996, 51.608652304086547 ], [ -0.11920309754729, 51.608363935494722 ], [ -0.1231465247578, 51.608766968160914 ], [ -0.123543282413387, 51.608706767747968 ], [ -0.12501647573991, 51.609861552135058 ], [ -0.124897529568218, 51.609944180570565 ], [ -0.125355208767461, 51.610018034548986 ], [ -0.126336477857675, 51.609301721313962 ], [ -0.128692401228945, 51.609538934561193 ], [ -0.131314392020936, 51.61033156948843 ], [ -0.134966528681326, 51.611188176729165 ], [ -0.135283185516768, 51.611214789193085 ], [ -0.136199630600143, 51.610808500802513 ], [ -0.138785572675765, 51.610192189280738 ], [ -0.141417160702301, 51.612346193991094 ], [ -0.144536065846511, 51.615484411686673 ], [ -0.142057328473481, 51.616158300239753 ], [ -0.142120917453675, 51.616369727947053 ], [ -0.141291389455874, 51.617546285816623 ], [ -0.140639548785164, 51.617731996463043 ], [ -0.139832498760081, 51.618533918688506 ], [ -0.13546199972923, 51.621689244406348 ], [ -0.135571826363826, 51.62239329219058 ], [ -0.135069993858543, 51.622335863117783 ], [ -0.134221997689446, 51.623955401668212 ], [ -0.134349940192654, 51.624393564489054 ], [ -0.134123848725229, 51.624551833722002 ], [ -0.133536732446323, 51.626360755844047 ], [ -0.132700605819018, 51.626949048415511 ], [ -0.131305667969043, 51.628513104847798 ], [ -0.130850394969153, 51.629325061040269 ], [ -0.130466793715083, 51.629377403370277 ], [ -0.131147176625, 51.629662502974504 ], [ -0.130205609746965, 51.631020643700268 ], [ -0.129803509769588, 51.630960284862191 ], [ -0.129147234979518, 51.63226630964391 ], [ -0.131356818037304, 51.632577564355223 ], [ -0.133295228142824, 51.633264842356866 ], [ -0.133871840721528, 51.633650788343481 ], [ -0.133687942617952, 51.633765664935225 ], [ -0.134004647687741, 51.634041368626399 ], [ -0.13427899561186, 51.633870377919244 ], [ -0.134436677103022, 51.633971799395518 ], [ -0.134255888536345, 51.634081330873101 ], [ -0.1345322568091, 51.634248483920302 ], [ -0.134265164897909, 51.634418691290989 ], [ -0.134534148508172, 51.634695433580326 ], [ -0.138129654724934, 51.636348647977307 ], [ -0.140826077428204, 51.637977625168773 ], [ -0.143944240212137, 51.640998024913287 ], [ -0.145102536358795, 51.642646637784431 ], [ -0.147920785740402, 51.642081447032439 ], [ -0.149047991573659, 51.644178245832599 ], [ -0.149174444857804, 51.645261115431801 ], [ -0.151751804542562, 51.645361962081061 ], [ -0.151599812735734, 51.64565181961018 ], [ -0.152168136619361, 51.645822626428014 ], [ -0.151068296663594, 51.647205415531268 ], [ -0.152383340902393, 51.647639761554863 ], [ -0.152273933686723, 51.647984243783895 ], [ -0.149919599200229, 51.648792449269834 ], [ -0.151019439197675, 51.650075889924722 ], [ -0.152270522493363, 51.649845597345497 ], [ -0.152564536483601, 51.651467039568878 ], [ -0.153501936967857, 51.652695744513274 ], [ -0.154050949406006, 51.652561398887286 ], [ -0.154230744236018, 51.652975173193113 ], [ -0.153986368314702, 51.653225813688387 ], [ -0.153490250301651, 51.653303440115216 ], [ -0.153781914736252, 51.654664064520517 ], [ -0.154722741034555, 51.655027753744896 ], [ -0.154787616028771, 51.655530543182401 ], [ -0.157731933976485, 51.65615137947087 ], [ -0.157979552979131, 51.656319822854364 ], [ -0.15830025476549, 51.656254713200006 ], [ -0.160515276707521, 51.656750736051137 ], [ -0.162779439818024, 51.657963271206143 ], [ -0.163504253049913, 51.6581661443767 ], [ -0.165041673727642, 51.65822434867674 ], [ -0.185891041825115, 51.662833093080259 ], [ -0.182110401676091, 51.668600707736978 ], [ -0.176736518687977, 51.672096316499733 ], [ -0.177031400291328, 51.67267639763385 ], [ -0.175465719940494, 51.672589139253496 ], [ -0.175682863333855, 51.673159923090196 ], [ -0.175354626031794, 51.673446172778796 ], [ -0.174983667260769, 51.673212005938325 ], [ -0.172498179875057, 51.673087930757532 ], [ -0.163631923413248, 51.682399591449865 ], [ -0.163517965819514, 51.688111480386716 ], [ -0.162100460050015, 51.68799668911911 ], [ -0.158016724794684, 51.687237619100117 ], [ -0.156229555627487, 51.686536959026263 ], [ -0.153282930145573, 51.685854016575931 ], [ -0.149395060541723, 51.68551496451613 ], [ -0.144683136438967, 51.686331763851157 ], [ -0.139611096153122, 51.687917805113692 ], [ -0.135404163000335, 51.688722448470358 ], [ -0.133827912279392, 51.688704609633973 ], [ -0.133709667383385, 51.688835816545705 ], [ -0.132793685841136, 51.688910282587251 ], [ -0.130274749297134, 51.688912476621958 ], [ -0.122208321648723, 51.68854280385613 ], [ -0.118442308812055, 51.689032864769793 ], [ -0.118272759841639, 51.688934830381399 ], [ -0.117819743540043, 51.689218023007143 ], [ -0.114159180889759, 51.690301329706237 ], [ -0.112922305703478, 51.690819204073733 ], [ -0.109646171605576, 51.691490404889365 ], [ -0.10977459835086, 51.691672317594275 ], [ -0.105804690059788, 51.691872738701527 ] ] ] } },
{ "type": "Feature", "properties": { "NAME": "Waltham Forest", "GSS_CODE": "E09000031" }, "geometry": { "type": "Polygon", "coordinates": [ [ [ 0.019242060945868, 51.608222970409273 ], [ 0.019552796937261, 51.607609726427491 ], [ 0.019118817141831, 51.607788951006043 ], [ 0.017987311106031, 51.606047665618128 ], [ 0.01812978532798, 51.606003850084683 ], [ 0.017186730093342, 51.605058756068892 ], [ 0.012904999773422, 51.599054189312007 ], [ 0.012090042242094, 51.592148375830881 ], [ 0.012452570040701, 51.591269879152897 ], [ 0.013369010546404, 51.583785814448881 ], [ 0.014100144523871, 51.583410866327156 ], [ 0.015501957572274, 51.583383200869797 ], [ 0.015403683582319, 51.582532390407017 ], [ 0.015246798671762, 51.582509905485551 ], [ 0.015669933840492, 51.581862364942161 ], [ 0.015232889917893, 51.581706205969141 ], [ 0.017413250365525, 51.57745570578733 ], [ 0.017382348599543, 51.574411339204872 ], [ 0.016343183685313, 51.572909449295615 ], [ 0.017472096615313, 51.572592388914643 ], [ 0.018015335787096, 51.57202010953862 ], [ 0.01888272422153, 51.572347807243531 ], [ 0.019129641887397, 51.569843610443833 ], [ 0.018247667336474, 51.570130361553346 ], [ 0.017667649529785, 51.570001850549019 ], [ 0.019006085601038, 51.566957306210412 ], [ 0.018685902212108, 51.566146285073444 ], [ 0.017509183403381, 51.565640456202537 ], [ 0.014431223064284, 51.565601616935865 ], [ 0.014190247258925, 51.561324366059203 ], [ 0.014754660657644, 51.559437913698517 ], [ 0.016280334317064, 51.559226455934144 ], [ 0.017747550150769, 51.55841167858685 ], [ 0.020341634622658, 51.55626725509336 ], [ 0.021532207840214, 51.554878066367131 ], [ 0.019338995483691, 51.554182037446623 ], [ 0.016944910990311, 51.553182772384389 ], [ 0.016720426421023, 51.553390764454704 ], [ 0.016254270385519, 51.553222521072563 ], [ 0.014573840513749, 51.554954594502874 ], [ 0.01162132368917, 51.553917148212264 ], [ 0.011110245660478, 51.554398023497264 ], [ 0.009622309872452, 51.553433431808635 ], [ 0.010821210547211, 51.552260033437243 ], [ 0.009640257891461, 51.551582440625438 ], [ 0.009508221877825, 51.551237586664044 ], [ 0.005503125392186, 51.550659551040006 ], [ 0.005760674230398, 51.551235172622754 ], [ 0.005734855008398, 51.551861501013668 ], [ 0.005231282735183, 51.551825146172028 ], [ 0.005175572226066, 51.552132746979105 ], [ 0.004945800467949, 51.55212318502646 ], [ 0.004983250583697, 51.551892333746437 ], [ 0.003842790355262, 51.551805705895788 ], [ 0.003798641007115, 51.551982715447515 ], [ 0.003227956638389, 51.551896240300067 ], [ 0.003081012521039, 51.552097486320868 ], [ -0.000351290074052, 51.551719896858621 ], [ -0.003662138390461, 51.550919286073757 ], [ -0.003822304182804, 51.551148625401147 ], [ -0.006302742303323, 51.550402151896506 ], [ -0.008676123078991, 51.549925386121359 ], [ -0.009471863307215, 51.55221581926326 ], [ -0.010595225556207, 51.552619757359032 ], [ -0.013148328111306, 51.552058719949841 ], [ -0.016951307204304, 51.551579011171341 ], [ -0.017137154655417, 51.551385214467565 ], [ -0.017504257603891, 51.553392271758916 ], [ -0.01795046270858, 51.554210943139999 ], [ -0.018075611893752, 51.554086261767708 ], [ -0.018471119045216, 51.555175650864861 ], [ -0.023033951219507, 51.55727056306489 ], [ -0.023968671101731, 51.557372638558768 ], [ -0.024278200934144, 51.558485737617779 ], [ -0.025138950387962, 51.559396789445628 ], [ -0.025890887493938, 51.559922920002379 ], [ -0.02917046113138, 51.561283776789693 ], [ -0.030486226536829, 51.561317561316315 ], [ -0.032177970367202, 51.560763228694896 ], [ -0.03330798205911, 51.560621208736272 ], [ -0.035263335803189, 51.561279851201753 ], [ -0.036416522419761, 51.561504186690335 ], [ -0.0388378067709, 51.561160701117736 ], [ -0.040191552716398, 51.561787621178169 ], [ -0.042539116298214, 51.561379879963425 ], [ -0.043735022002229, 51.561719061365814 ], [ -0.045103966320549, 51.561758064637402 ], [ -0.045726325471001, 51.56225043318144 ], [ -0.047072396152467, 51.56255431257231 ], [ -0.047329117279414, 51.563027996338185 ], [ -0.04662042199687, 51.564078219780178 ], [ -0.047483502567917, 51.565183381175203 ], [ -0.050787929787222, 51.567538614247262 ], [ -0.053293902362981, 51.568662918321884 ], [ -0.054439044708305, 51.570298768442122 ], [ -0.054980278341901, 51.570499282089393 ], [ -0.055869562675444, 51.570558082931655 ], [ -0.056399178519957, 51.570794367581399 ], [ -0.056770647623417, 51.571355358807516 ], [ -0.058430836752667, 51.572524891245081 ], [ -0.058864751574909, 51.57375505290635 ], [ -0.06000451449541, 51.575423129473315 ], [ -0.061260227758949, 51.577929413332953 ], [ -0.062201077024189, 51.57905283087802 ], [ -0.062211713790806, 51.579651008291179 ], [ -0.061141155716511, 51.580760985629318 ], [ -0.057947510277801, 51.582441932271053 ], [ -0.057347320410044, 51.583180174863521 ], [ -0.055728659657993, 51.584275633360875 ], [ -0.054652464406036, 51.585984359972961 ], [ -0.052246591466004, 51.587559508507944 ], [ -0.052230164360508, 51.588044831312793 ], [ -0.053377482718338, 51.589606082557474 ], [ -0.053479212442646, 51.590468352520993 ], [ -0.052532903292944, 51.592442693999928 ], [ -0.052294853021528, 51.593957576961579 ], [ -0.051251525435211, 51.594957309314324 ], [ -0.051087592850367, 51.595751322623649 ], [ -0.050468122301081, 51.596696936822802 ], [ -0.046468785583659, 51.599788602211277 ], [ -0.043540373725183, 51.602813459972893 ], [ -0.041233540819463, 51.60581534823045 ], [ -0.035413219609441, 51.608165830908597 ], [ -0.034230155560254, 51.609074049308276 ], [ -0.033998727514117, 51.609616917261917 ], [ -0.034114961460245, 51.610169205094664 ], [ -0.035596416343031, 51.612085130009405 ], [ -0.035239422043263, 51.613328212504349 ], [ -0.032310721768933, 51.616722380391266 ], [ -0.029463348414245, 51.618829217143031 ], [ -0.025574663343049, 51.622055127033398 ], [ -0.024282305343616, 51.624368733604605 ], [ -0.022948144444376, 51.62581294722925 ], [ -0.015266481058709, 51.635504927844586 ], [ -0.013277561576124, 51.639847031719604 ], [ -0.012286019965568, 51.646227500511031 ], [ -0.011541868536086, 51.646419928481457 ], [ -0.010402601763639, 51.646293617909734 ], [ -0.0102021863377, 51.646513235081649 ], [ -0.009240373653479, 51.646526606176863 ], [ -0.007370115096968, 51.646160359654417 ], [ -0.008013934031695, 51.64552022864271 ], [ -0.00799027221407, 51.645235664681955 ], [ -0.008472185746336, 51.644496564543644 ], [ -0.008300193957494, 51.644496344777139 ], [ -0.008217742224451, 51.643607387685094 ], [ -0.00668327237842, 51.643332253962207 ], [ -0.004585758941948, 51.643536723617771 ], [ -0.00401042469772, 51.642715821216228 ], [ -0.00184716586017, 51.643495543033886 ], [ -0.000521031300052, 51.643709468730883 ], [ -0.0003132893048, 51.643634889926261 ], [ -0.000482602551869, 51.643531662096791 ], [ 0.000177439282077, 51.642436823321034 ], [ 0.001040902554312, 51.641761161076168 ], [ 0.003470036977423, 51.641653189589817 ], [ 0.003506967885551, 51.641540153073485 ], [ 0.00611669274093, 51.641660152213142 ], [ 0.009872345140919, 51.641448441525426 ], [ 0.01739424359346, 51.640256515311478 ], [ 0.02005325082052, 51.64044549909304 ], [ 0.02269315581331, 51.641114053664069 ], [ 0.022980892223134, 51.640045279729407 ], [ 0.02305646138981, 51.637716710170665 ], [ 0.02489530983391, 51.637437713726023 ], [ 0.025132871197088, 51.637287936962373 ], [ 0.024809969665566, 51.636819599828662 ], [ 0.024705121978548, 51.635958124474968 ], [ 0.025712390241307, 51.634563990378744 ], [ 0.024303356820452, 51.632387820249036 ], [ 0.023846537083975, 51.631279721963125 ], [ 0.023864002518274, 51.630795621991986 ], [ 0.022481308270616, 51.629791603802438 ], [ 0.021792728260621, 51.628831370908514 ], [ 0.021347526207894, 51.629022485504535 ], [ 0.021275131529193, 51.628824097563879 ], [ 0.020961450949232, 51.628918524343028 ], [ 0.021093149214238, 51.628305663289431 ], [ 0.020637567305087, 51.628263147794861 ], [ 0.020563433757385, 51.627342688038837 ], [ 0.019922039422327, 51.627020102803705 ], [ 0.020065855987549, 51.626224485586768 ], [ 0.019408019644213, 51.625628807165164 ], [ 0.019476217042565, 51.625342570254617 ], [ 0.019022135138737, 51.624845000036267 ], [ 0.019000249021666, 51.624286939320996 ], [ 0.01858407019492, 51.624154712165911 ], [ 0.018811699970858, 51.62374973003115 ], [ 0.019046812755513, 51.623741190066134 ], [ 0.018461151848062, 51.623533642296884 ], [ 0.018808783778061, 51.623195839235656 ], [ 0.017690967492243, 51.622358068339629 ], [ 0.017014370694892, 51.622347214758975 ], [ 0.016985367879321, 51.621953839531905 ], [ 0.016190172778298, 51.621776858382468 ], [ 0.016288867325443, 51.621330931341468 ], [ 0.015815189434593, 51.620911021393098 ], [ 0.015247607207947, 51.620882099040344 ], [ 0.014314716008734, 51.620302804616273 ], [ 0.014709259132695, 51.619751984444378 ], [ 0.014499714405366, 51.618902187977277 ], [ 0.012237353062539, 51.619094765014403 ], [ 0.010680858934269, 51.61894878011411 ], [ 0.010211919710592, 51.619157345481774 ], [ 0.010113406797616, 51.619052920495051 ], [ 0.009648465619596, 51.619188575528717 ], [ 0.008678455421901, 51.619074786687719 ], [ 0.016252100614359, 51.616851474185388 ], [ 0.021047913711528, 51.61246245967331 ], [ 0.021365552863303, 51.612037037089138 ], [ 0.021178815818372, 51.611182361931832 ], [ 0.021374981799759, 51.611143912790133 ], [ 0.021049450741262, 51.610546117208472 ], [ 0.020835283517663, 51.610601961633009 ], [ 0.020368112651469, 51.60970894872343 ], [ 0.020186336939769, 51.609778622532438 ], [ 0.019532132398431, 51.608738649457521 ], [ 0.019476280867728, 51.608261205771008 ], [ 0.019242060945868, 51.608222970409273 ] ] ] } },
{ "type": "Feature", "properties": { "NAME": "Redbridge", "GSS_CODE": "E09000026" }, "geometry": { "type": "Polygon", "coordinates": [ [ [ 0.069367071650365, 51.544128696303481 ], [ 0.068327194595032, 51.54441411952309 ], [ 0.068565342600077, 51.545117647163281 ], [ 0.068716858353677, 51.54753581425841 ], [ 0.067796230307417, 51.553060978995617 ], [ 0.066946393692777, 51.55302469668964 ], [ 0.066587919944039, 51.554727035676585 ], [ 0.065672948979055, 51.555546197769132 ], [ 0.065797840178306, 51.555660004501583 ], [ 0.063588770173683, 51.557306776049273 ], [ 0.060155703918121, 51.55642197975466 ], [ 0.059588045784578, 51.556949026277977 ], [ 0.059118549598407, 51.556934785792087 ], [ 0.059020665870798, 51.557163119494888 ], [ 0.058375454263166, 51.557538645335569 ], [ 0.058261279284702, 51.557853593969256 ], [ 0.057122936989834, 51.55810736922443 ], [ 0.056911562061857, 51.558698297582943 ], [ 0.056337718053453, 51.558577963066014 ], [ 0.056332128878178, 51.558901797611398 ], [ 0.055705442661744, 51.559337234621609 ], [ 0.054464365467381, 51.55964943761532 ], [ 0.054097564387471, 51.560858181229882 ], [ 0.053568207993875, 51.561021222747186 ], [ 0.053068295148157, 51.561549748491117 ], [ 0.051506362275737, 51.562203859727212 ], [ 0.050318453792663, 51.563988986774717 ], [ 0.04192858925767, 51.561450992760172 ], [ 0.043029119383553, 51.558450765703498 ], [ 0.042851068439433, 51.55837293212852 ], [ 0.044395896635004, 51.557562761398614 ], [ 0.044653932398919, 51.55688291515407 ], [ 0.046091801329128, 51.555298517653256 ], [ 0.046300854502311, 51.554813763371492 ], [ 0.035345579051461, 51.555254332434146 ], [ 0.032296696350188, 51.554590472328954 ], [ 0.029436386109958, 51.554336933687409 ], [ 0.027546757870561, 51.554339031133033 ], [ 0.025341814533355, 51.554062374270998 ], [ 0.02527654674948, 51.55554818732795 ], [ 0.023762411612801, 51.555528453290101 ], [ 0.023352689408875, 51.556795389744686 ], [ 0.023057606718189, 51.556875117375277 ], [ 0.022575136765347, 51.5566981875075 ], [ 0.022476459252953, 51.556164826362973 ], [ 0.021326287467328, 51.55628536593521 ], [ 0.020497650270977, 51.556207015402919 ], [ 0.017131243711617, 51.558796369864204 ], [ 0.016075487222051, 51.559292025319166 ], [ 0.014754660657644, 51.559437913698517 ], [ 0.014190247258925, 51.561324366059203 ], [ 0.014431223064284, 51.565601616935865 ], [ 0.017509183403381, 51.565640456202537 ], [ 0.018685902212108, 51.566146285073444 ], [ 0.019006085601038, 51.566957306210412 ], [ 0.017667649529785, 51.570001850549019 ], [ 0.018247667336474, 51.570130361553346 ], [ 0.019129641887397, 51.569843610443833 ], [ 0.01888272422153, 51.572347807243531 ], [ 0.018015335787096, 51.57202010953862 ], [ 0.017472096615313, 51.572592388914643 ], [ 0.016343183685313, 51.572909449295615 ], [ 0.017382348599543, 51.574411339204872 ], [ 0.017413250365525, 51.57745570578733 ], [ 0.015232889917893, 51.581706205969141 ], [ 0.015669933840492, 51.581862364942161 ], [ 0.015246798671762, 51.582509905485551 ], [ 0.015403683582319, 51.582532390407017 ], [ 0.015501957572274, 51.583383200869797 ], [ 0.014100144523871, 51.583410866327156 ], [ 0.013369010546404, 51.583785814448881 ], [ 0.012452570040701, 51.591269879152897 ], [ 0.012085055219612, 51.592688915475293 ], [ 0.012904999773422, 51.599054189312007 ], [ 0.017186730093342, 51.605058756068892 ], [ 0.01812978532798, 51.606003850084683 ], [ 0.017987311106031, 51.606047665618128 ], [ 0.019118817141831, 51.607788951006043 ], [ 0.019552796937261, 51.607609726427491 ], [ 0.019238249885271, 51.608234726313761 ], [ 0.019476280867728, 51.608261205771008 ], [ 0.019532132398431, 51.608738649457521 ], [ 0.020186336939769, 51.609778622532438 ], [ 0.020368112651469, 51.60970894872343 ], [ 0.020835283517663, 51.610601961633009 ], [ 0.021049450741262, 51.610546117208472 ], [ 0.021191446875873, 51.610751400428988 ], [ 0.021365552863303, 51.612037037089138 ], [ 0.016252100614359, 51.616851474185388 ], [ 0.008678455421901, 51.619074786687719 ], [ 0.009648465619596, 51.619188575528717 ], [ 0.010113406797616, 51.619052920495051 ], [ 0.010211919710592, 51.619157345481774 ], [ 0.010680858934269, 51.61894878011411 ], [ 0.012237353062539, 51.619094765014403 ], [ 0.014499714405366, 51.618902187977277 ], [ 0.014709259132695, 51.619751984444378 ], [ 0.014314716008734, 51.620302804616273 ], [ 0.015247607207947, 51.620882099040344 ], [ 0.015815189434593, 51.620911021393098 ], [ 0.016288867325443, 51.621330931341468 ], [ 0.016190172778298, 51.621776858382468 ], [ 0.016985367879321, 51.621953839531905 ], [ 0.017014370694892, 51.622347214758975 ], [ 0.017690967492243, 51.622358068339629 ], [ 0.018808783778061, 51.623195839235656 ], [ 0.018461151848062, 51.623533642296884 ], [ 0.019046812755513, 51.623741190066134 ], [ 0.018811699970858, 51.62374973003115 ], [ 0.01858407019492, 51.624154712165911 ], [ 0.019000249021666, 51.624286939320996 ], [ 0.019022135138737, 51.624845000036267 ], [ 0.019476217042565, 51.625342570254617 ], [ 0.019408019644213, 51.625628807165164 ], [ 0.020065855987549, 51.626224485586768 ], [ 0.019922039422327, 51.627020102803705 ], [ 0.020563433757385, 51.627342688038837 ], [ 0.020637567305087, 51.628263147794861 ], [ 0.021093149214238, 51.628305663289431 ], [ 0.02088912580186, 51.628786679796711 ], [ 0.021025537102543, 51.628930010609089 ], [ 0.021349763568668, 51.628845293869063 ], [ 0.021347526207894, 51.629022485504535 ], [ 0.024561854176116, 51.627516596448743 ], [ 0.026807614950486, 51.62590594520691 ], [ 0.028020365553351, 51.625659286645643 ], [ 0.02905641594133, 51.625111721384371 ], [ 0.028937118902075, 51.624672248748738 ], [ 0.029292378166613, 51.624636432410696 ], [ 0.029638051997245, 51.624159246012752 ], [ 0.030701077146215, 51.62363458001645 ], [ 0.030497920960538, 51.62329098138779 ], [ 0.031444319176678, 51.623099252094875 ], [ 0.03275537196574, 51.622242045823285 ], [ 0.034276990186456, 51.620764285175142 ], [ 0.037451372019729, 51.618324397996609 ], [ 0.037518981044659, 51.617898774719883 ], [ 0.03771637449555, 51.617919628102499 ], [ 0.040188152905352, 51.616409102369758 ], [ 0.039987772716195, 51.616096046087989 ], [ 0.040688680711491, 51.615877932265079 ], [ 0.040875988636207, 51.615674140975337 ], [ 0.041841702177257, 51.616367760281108 ], [ 0.043678825051218, 51.616940090381576 ], [ 0.045405720376629, 51.617244535095907 ], [ 0.046130025689254, 51.61722561655025 ], [ 0.046276029709737, 51.617388535018478 ], [ 0.047834165365574, 51.617409022340937 ], [ 0.049095219249635, 51.617761106710041 ], [ 0.053071556474618, 51.618421823209026 ], [ 0.053684785217391, 51.618278005240342 ], [ 0.054364840187514, 51.617598853982827 ], [ 0.054184982908058, 51.616718928241589 ], [ 0.053403710217377, 51.616339621700583 ], [ 0.052531501936126, 51.616729868288637 ], [ 0.051974550567593, 51.616807949847725 ], [ 0.050150030626502, 51.616389302313721 ], [ 0.048457166100157, 51.614980042688522 ], [ 0.048277928726104, 51.614528145187791 ], [ 0.048509402139158, 51.613990844554714 ], [ 0.048081032170308, 51.613619731556824 ], [ 0.048067602498812, 51.613321411616738 ], [ 0.04820518750524, 51.613201207777948 ], [ 0.048539754869661, 51.613510110039314 ], [ 0.048894869740949, 51.613569557685686 ], [ 0.052604720784096, 51.612013766061089 ], [ 0.056468510030962, 51.610066677126277 ], [ 0.060671204867338, 51.60827537565158 ], [ 0.062541222717588, 51.607058199841177 ], [ 0.062972116526413, 51.606910341861585 ], [ 0.063984268339961, 51.607223475629603 ], [ 0.065940582506196, 51.606319469051201 ], [ 0.068066885512266, 51.605979869277988 ], [ 0.070295307400291, 51.605250846739786 ], [ 0.072805516380718, 51.604685866635243 ], [ 0.077882503680798, 51.606728247921346 ], [ 0.079053526804179, 51.60703933877825 ], [ 0.080009944923238, 51.606983724396592 ], [ 0.081492719505251, 51.606784777993724 ], [ 0.082785844710743, 51.606418318022087 ], [ 0.08444821184717, 51.606357331525182 ], [ 0.087118415187231, 51.604465483166209 ], [ 0.088895117426977, 51.604852032966392 ], [ 0.088900194523722, 51.605182872592053 ], [ 0.089602937964326, 51.605516580339 ], [ 0.090219226365804, 51.605665675546291 ], [ 0.090283826333022, 51.605562907932139 ], [ 0.092554252984047, 51.60619510085121 ], [ 0.091687518307444, 51.607478516604665 ], [ 0.091846935059069, 51.60821307375609 ], [ 0.092624223325734, 51.609475276346778 ], [ 0.093689896905838, 51.609753028963738 ], [ 0.094157615702058, 51.610218597952276 ], [ 0.094209381504802, 51.610652919174903 ], [ 0.094808638591467, 51.610775316609732 ], [ 0.093528039758387, 51.612576014507809 ], [ 0.09225802515049, 51.613572565227265 ], [ 0.098041485928562, 51.615419836396661 ], [ 0.100141502412503, 51.61272314903384 ], [ 0.103387545436519, 51.613451880967503 ], [ 0.103810922174785, 51.612549522168912 ], [ 0.109604804103594, 51.613959894029428 ], [ 0.116683072720328, 51.616919646953022 ], [ 0.118579562214696, 51.615364767767808 ], [ 0.119280220907694, 51.61536650710309 ], [ 0.124171398500429, 51.617503781964615 ], [ 0.126071221463649, 51.619641120346287 ], [ 0.127879396914399, 51.620217159913636 ], [ 0.128852382979293, 51.620695913797043 ], [ 0.129160314900534, 51.621441218486694 ], [ 0.132191018789361, 51.622206338477724 ], [ 0.13415090466093, 51.623148227089949 ], [ 0.135783304390539, 51.623544790074661 ], [ 0.138156948180378, 51.623542942924864 ], [ 0.144470564590932, 51.616680530837243 ], [ 0.145475307201404, 51.614553375604487 ], [ 0.146452417508735, 51.613740553400952 ], [ 0.147468607908053, 51.612348775138678 ], [ 0.147921559647648, 51.610378272452067 ], [ 0.148680562459641, 51.608680939320365 ], [ 0.148766142017305, 51.607373626956132 ], [ 0.148450066325646, 51.6061240270393 ], [ 0.148586836812622, 51.60449383702116 ], [ 0.148947658547746, 51.603480043409846 ], [ 0.149485042874057, 51.60290276000817 ], [ 0.148179760360218, 51.598959959036016 ], [ 0.146563321370026, 51.599436476202577 ], [ 0.137560286580326, 51.593876028459377 ], [ 0.129555966027942, 51.590052162055564 ], [ 0.131003839013078, 51.58751960136258 ], [ 0.12637461618164, 51.586724986952468 ], [ 0.127356042847589, 51.58443383413924 ], [ 0.127220125253413, 51.583934503228974 ], [ 0.127630852104671, 51.583889287173548 ], [ 0.128057453942008, 51.582855479294395 ], [ 0.127754680135046, 51.581627165403923 ], [ 0.132535009813644, 51.581312868106856 ], [ 0.133023952550978, 51.580626826677332 ], [ 0.133185926257442, 51.58066434953254 ], [ 0.133532596639939, 51.579961108151622 ], [ 0.130799672368291, 51.579361491952596 ], [ 0.130682823052612, 51.579054263158028 ], [ 0.130854631904685, 51.579086214946784 ], [ 0.131075610572481, 51.578688319148462 ], [ 0.131611196170539, 51.577086872907394 ], [ 0.129172379466702, 51.576321805420108 ], [ 0.129418477949518, 51.573960338078372 ], [ 0.130074276129065, 51.573077935323468 ], [ 0.13088684523979, 51.573357244087077 ], [ 0.13155856465033, 51.571828863183356 ], [ 0.129902744220596, 51.57153879085314 ], [ 0.129989333959853, 51.570798013910142 ], [ 0.130386737873119, 51.570686482716255 ], [ 0.130457759538757, 51.570322784757344 ], [ 0.129615277209314, 51.568630353742819 ], [ 0.129729932618348, 51.567718204680588 ], [ 0.129302524933837, 51.566476867044159 ], [ 0.128451898459467, 51.56643025170375 ], [ 0.127621664659339, 51.566140455729432 ], [ 0.12664956319768, 51.56528398352156 ], [ 0.124730342802349, 51.564197358598044 ], [ 0.119033186628282, 51.563064791339158 ], [ 0.11887335967978, 51.562730449534811 ], [ 0.119751068642077, 51.562492473341933 ], [ 0.117479780701496, 51.559163002530539 ], [ 0.120487754192208, 51.558541229486515 ], [ 0.118937664084231, 51.557348019246248 ], [ 0.117133314170597, 51.557387789201485 ], [ 0.11715216410158, 51.556892847023001 ], [ 0.113328691286749, 51.55731789832987 ], [ 0.11314018350204, 51.55683028931233 ], [ 0.112724724811587, 51.55651942829622 ], [ 0.114104704287078, 51.555821909846401 ], [ 0.114160233116436, 51.555619471303054 ], [ 0.114727983456976, 51.555325966358055 ], [ 0.112358863988945, 51.55351164320134 ], [ 0.112353871881075, 51.552999145620433 ], [ 0.111911262162108, 51.552661792408053 ], [ 0.111105237564989, 51.552482056393821 ], [ 0.108401932013575, 51.552698837379914 ], [ 0.108269850693825, 51.552057329631829 ], [ 0.107384990854311, 51.551981502388195 ], [ 0.106182294066289, 51.550958143015968 ], [ 0.104225149128817, 51.549807120392963 ], [ 0.099739179825286, 51.548427077744492 ], [ 0.097492682315587, 51.547313496853917 ], [ 0.093502272195427, 51.545847917781352 ], [ 0.093232475734458, 51.546097335086927 ], [ 0.092238167071352, 51.548631243183344 ], [ 0.092596594638764, 51.549652720471279 ], [ 0.091686006316186, 51.549108712323019 ], [ 0.091490999293877, 51.548284856991344 ], [ 0.090845802011267, 51.548211826568881 ], [ 0.090390838944804, 51.547946555327421 ], [ 0.085989099295574, 51.547385525954255 ], [ 0.082154190198342, 51.545653310638748 ], [ 0.081652328054117, 51.545591174804677 ], [ 0.081708411579696, 51.545334785949933 ], [ 0.081399149959566, 51.545131642228263 ], [ 0.078230546917062, 51.544277756259383 ], [ 0.077909378214153, 51.544034347109893 ], [ 0.077473952344778, 51.544575328095796 ], [ 0.077034272995564, 51.544389770231206 ], [ 0.076794829025018, 51.544610734342911 ], [ 0.075541821017942, 51.544015110535668 ], [ 0.073220458609157, 51.543774687991331 ], [ 0.071938737377063, 51.543815319050765 ], [ 0.071787648699979, 51.543568889158131 ], [ 0.069714518892887, 51.544062315366588 ], [ 0.069492300418245, 51.545744277124719 ], [ 0.069630995313185, 51.546353335006003 ], [ 0.069233583807844, 51.546971850359526 ], [ 0.069355013467078, 51.54751826399643 ], [ 0.068932849934726, 51.549022097675277 ], [ 0.069417369811693, 51.550354364881088 ], [ 0.068561160112843, 51.551384742304471 ], [ 0.06836118746088, 51.552986272236751 ], [ 0.067746793583813, 51.554738090368893 ], [ 0.066247543194609, 51.55667005855144 ], [ 0.066136777604571, 51.556549708631707 ], [ 0.067082235191255, 51.555480008882022 ], [ 0.067780913253639, 51.554090913628031 ], [ 0.068222880456449, 51.55276749005192 ], [ 0.068371441988683, 51.551304455214115 ], [ 0.069203491868803, 51.550345547738523 ], [ 0.068714389117954, 51.548784945622344 ], [ 0.069134407547736, 51.547392660205517 ], [ 0.069007770537545, 51.546985725273906 ], [ 0.069404560963664, 51.546289884304542 ], [ 0.06922533925987, 51.545073633351144 ], [ 0.069367071650365, 51.544128696303481 ] ] ] } },
{ "type": "Feature", "properties": { "NAME": "Sutton", "GSS_CODE": "E09000029" }, "geometry": { "type": "Polygon", "coordinates": [ [ [ -0.156568836391734, 51.321510586897958 ], [ -0.158660111272418, 51.323977824946745 ], [ -0.158957037798646, 51.323874580199423 ], [ -0.159050327179442, 51.323982161149488 ], [ -0.160625652539133, 51.32324343010287 ], [ -0.164212479631416, 51.326042497280277 ], [ -0.163592694128296, 51.326215332876963 ], [ -0.164368031898962, 51.327718484044247 ], [ -0.164387565147227, 51.328127959711956 ], [ -0.164007603140208, 51.328189449233399 ], [ -0.163996112683783, 51.328584949492431 ], [ -0.162315930822931, 51.32889132863771 ], [ -0.16310214365287, 51.330266062087951 ], [ -0.170091218537547, 51.329476199701027 ], [ -0.16991982666586, 51.330247795477923 ], [ -0.172888961762469, 51.330015379340701 ], [ -0.173744940270506, 51.331774217465302 ], [ -0.174164357900183, 51.333213296979459 ], [ -0.174691475509085, 51.333170254776292 ], [ -0.17504499392905, 51.333811548904563 ], [ -0.179395465082546, 51.336184987308386 ], [ -0.18202127275447, 51.337853453920367 ], [ -0.187473103115939, 51.340678922360908 ], [ -0.187382825761218, 51.340783639084719 ], [ -0.191304540838205, 51.342117628774815 ], [ -0.193254449850188, 51.342627032914656 ], [ -0.196072612651658, 51.343331431662435 ], [ -0.196292223192218, 51.343040753029186 ], [ -0.196715437246226, 51.343159677906712 ], [ -0.196566284417128, 51.343447845087425 ], [ -0.197133249245011, 51.343562686754169 ], [ -0.197677556329984, 51.343486532237598 ], [ -0.198582689725703, 51.342300832978331 ], [ -0.199145858566156, 51.34188953487849 ], [ -0.199582504139771, 51.341885456240433 ], [ -0.201224394006996, 51.339885531373113 ], [ -0.201715236732182, 51.33985350062617 ], [ -0.201903107744445, 51.340189114014059 ], [ -0.202323340571274, 51.340090350158491 ], [ -0.213055839664964, 51.335542421293155 ], [ -0.211931064048925, 51.333309460045541 ], [ -0.214120334597358, 51.330351898158078 ], [ -0.215923595544719, 51.329862302099102 ], [ -0.220967612907049, 51.329864389826319 ], [ -0.223119688629237, 51.331748650419861 ], [ -0.229230354979549, 51.335889692327186 ], [ -0.229847642513204, 51.336524012684109 ], [ -0.226851897475855, 51.337889646649941 ], [ -0.224115567943748, 51.34004239843604 ], [ -0.223286152345281, 51.339882340510691 ], [ -0.222301786747432, 51.340461819234953 ], [ -0.222725427302713, 51.340830652182319 ], [ -0.221810980881939, 51.341346440621635 ], [ -0.217289430701747, 51.343388287200987 ], [ -0.218015118512301, 51.345594436851741 ], [ -0.217802558829599, 51.345632569144001 ], [ -0.220210569164808, 51.350080975568325 ], [ -0.220445870944257, 51.351420857375366 ], [ -0.221312115774207, 51.351339591220317 ], [ -0.221287013687171, 51.351171946911464 ], [ -0.222116868396622, 51.351325729462886 ], [ -0.221999881725156, 51.35353164693052 ], [ -0.22276133232559, 51.357087199400077 ], [ -0.224082826693777, 51.359275363726965 ], [ -0.22689771805055, 51.362594914640191 ], [ -0.230007172413714, 51.364060071405262 ], [ -0.233215911176445, 51.366011343164843 ], [ -0.233844241823318, 51.36532478936018 ], [ -0.237076240635708, 51.366901312671295 ], [ -0.238590981568977, 51.367073373619363 ], [ -0.238942001896733, 51.36683585039551 ], [ -0.240915296388194, 51.367038154028982 ], [ -0.241174838294346, 51.366263291642461 ], [ -0.245429183973484, 51.366846856352772 ], [ -0.24476962948338, 51.368692148879695 ], [ -0.244562198661019, 51.370472271964353 ], [ -0.244661013295751, 51.37442509557799 ], [ -0.245207523542499, 51.377192206499394 ], [ -0.244984782941695, 51.380649214430626 ], [ -0.244174724235204, 51.383492220573437 ], [ -0.242931485467437, 51.382933130062554 ], [ -0.241620212774083, 51.384524928504675 ], [ -0.238744585624412, 51.386095007105766 ], [ -0.239459461301887, 51.387951925619795 ], [ -0.239706881427285, 51.389294636559185 ], [ -0.238539001339944, 51.389689845051826 ], [ -0.234657242208223, 51.390538778502496 ], [ -0.234213751162404, 51.388729984192466 ], [ -0.233670981150945, 51.387820747337578 ], [ -0.23392821780817, 51.387709519745293 ], [ -0.227742265169347, 51.383954338870957 ], [ -0.221000066800658, 51.381080646596551 ], [ -0.220004486214076, 51.380739993830197 ], [ -0.219150927402511, 51.380628104832702 ], [ -0.218136261041651, 51.380150458337965 ], [ -0.21380143306632, 51.38404749600258 ], [ -0.213957045672576, 51.384147887531306 ], [ -0.212985580377873, 51.384811117646571 ], [ -0.213371740510285, 51.385006750444994 ], [ -0.212635802060544, 51.385489220425988 ], [ -0.209792997415729, 51.388253312064869 ], [ -0.205028248145798, 51.386092333938848 ], [ -0.203517930555808, 51.387225637178744 ], [ -0.200505323181479, 51.38488539272182 ], [ -0.196525498956119, 51.386758515563749 ], [ -0.195348766544383, 51.387078520167044 ], [ -0.193950737026516, 51.387871711139283 ], [ -0.193603702683122, 51.387669423156623 ], [ -0.193200700519785, 51.387866442777842 ], [ -0.191860645140946, 51.386932120822642 ], [ -0.191662541598753, 51.387072046327027 ], [ -0.190788345194072, 51.386643991300467 ], [ -0.190327171479677, 51.386348206184806 ], [ -0.190469436535283, 51.386202924272155 ], [ -0.189736557796827, 51.386127756047337 ], [ -0.189568385414687, 51.385873364100661 ], [ -0.188993950359517, 51.385825818606541 ], [ -0.188411493946881, 51.385435527067436 ], [ -0.184530790178086, 51.387513910311618 ], [ -0.182712152412479, 51.38803516783296 ], [ -0.180015739321121, 51.389595803953114 ], [ -0.1798529305664, 51.389497053838724 ], [ -0.179264593416916, 51.389835028901906 ], [ -0.174867547032065, 51.393418531005771 ], [ -0.172871393313991, 51.392650025792584 ], [ -0.171143938878075, 51.392426137889743 ], [ -0.169971678588154, 51.391725294058169 ], [ -0.169879833323802, 51.391397426678807 ], [ -0.168152503229296, 51.390632138976883 ], [ -0.167609020924022, 51.390060701447453 ], [ -0.166455183471756, 51.38969283761562 ], [ -0.166057031233501, 51.388866476916427 ], [ -0.165290504918477, 51.387979491922245 ], [ -0.164081259857592, 51.388135907537688 ], [ -0.163349045527373, 51.388044397750939 ], [ -0.161770295992943, 51.388132048396187 ], [ -0.160986551284907, 51.387820294535722 ], [ -0.159703654237634, 51.388594203865139 ], [ -0.158700862119163, 51.38890578240779 ], [ -0.158282420109156, 51.388838955198452 ], [ -0.158296958345984, 51.38904961192182 ], [ -0.15789633596713, 51.389290612354664 ], [ -0.157635144146164, 51.389209168890204 ], [ -0.148080505107068, 51.390157449132694 ], [ -0.144378371819284, 51.390679804405998 ], [ -0.143183689825487, 51.390401889485368 ], [ -0.141903729112486, 51.38935553472723 ], [ -0.140666921271699, 51.389727995607416 ], [ -0.136703392674668, 51.390350275414455 ], [ -0.134868605893433, 51.390969456085173 ], [ -0.132634711335946, 51.390128131261747 ], [ -0.133260520246091, 51.389549082273845 ], [ -0.129493430145617, 51.38718507743264 ], [ -0.130663546516671, 51.386263116032715 ], [ -0.128761184263531, 51.385651821324693 ], [ -0.129534881106006, 51.385287381344661 ], [ -0.128657151971096, 51.382494621894928 ], [ -0.130302259062262, 51.382221429184654 ], [ -0.128078955532068, 51.380498897451773 ], [ -0.126959248054681, 51.377337151692309 ], [ -0.125833062589889, 51.37560423148679 ], [ -0.126865408275688, 51.375482253655306 ], [ -0.12667327720949, 51.374909043652238 ], [ -0.127849373863367, 51.374749787787856 ], [ -0.124744271442981, 51.373661468476463 ], [ -0.124530662140802, 51.372981796725767 ], [ -0.12477346485477, 51.372947014697083 ], [ -0.123305958190042, 51.37109799351812 ], [ -0.123359923775684, 51.370551201174031 ], [ -0.122220642995998, 51.366933157073632 ], [ -0.122094245736116, 51.365808838228794 ], [ -0.124107987107599, 51.36539506231999 ], [ -0.124064170631251, 51.365272059551785 ], [ -0.123064453792825, 51.365058206243283 ], [ -0.122370730868229, 51.364528208665767 ], [ -0.121302182498761, 51.364733197557179 ], [ -0.120928004356887, 51.363310840451518 ], [ -0.121276394091088, 51.363116789559832 ], [ -0.121112464915518, 51.362524236909643 ], [ -0.121581238478889, 51.362126182241177 ], [ -0.121380445611539, 51.361065416370955 ], [ -0.12205331269994, 51.360979982884189 ], [ -0.121839708045512, 51.359986457804425 ], [ -0.122928396650939, 51.359918476859946 ], [ -0.121860198739761, 51.359064131200206 ], [ -0.123338445240882, 51.358917859992012 ], [ -0.12345672134336, 51.359151767440451 ], [ -0.124715147603219, 51.358866166911753 ], [ -0.124573721309551, 51.35835491378085 ], [ -0.12419637473138, 51.357430713120436 ], [ -0.121429259469606, 51.357730791641373 ], [ -0.120177570241017, 51.353045274128945 ], [ -0.119115096265805, 51.353143325667958 ], [ -0.117365155646645, 51.346643124926175 ], [ -0.116991238448562, 51.346656898393427 ], [ -0.116919089563099, 51.345754663524843 ], [ -0.118410350362543, 51.345631147769389 ], [ -0.118663496617536, 51.345796184570098 ], [ -0.118930812914946, 51.345510011703944 ], [ -0.119244708465992, 51.345594188717186 ], [ -0.125924820168319, 51.345239034237792 ], [ -0.126856503526398, 51.344857357134856 ], [ -0.127148372185142, 51.345165080220454 ], [ -0.126781434272786, 51.345465865331938 ], [ -0.127347349327566, 51.347188033812493 ], [ -0.127556545261948, 51.347445873037735 ], [ -0.128287336231917, 51.347343345208877 ], [ -0.128371952400959, 51.347451711038204 ], [ -0.128868922396213, 51.347272601868362 ], [ -0.12873560884147, 51.34709061715548 ], [ -0.129152195799948, 51.346840079137998 ], [ -0.12899303667233, 51.346587538437873 ], [ -0.129856370258942, 51.346262299296683 ], [ -0.131431295444967, 51.346023047843474 ], [ -0.131126303706538, 51.345472322066627 ], [ -0.1328925146476, 51.345436641324731 ], [ -0.132513712554525, 51.344299314639841 ], [ -0.134126489751137, 51.344504872542238 ], [ -0.136272831248085, 51.34440685108251 ], [ -0.136350500927586, 51.344792976385186 ], [ -0.136731049911509, 51.344756764832937 ], [ -0.141556877719026, 51.343414379731122 ], [ -0.142252956913461, 51.343173625507987 ], [ -0.142098676481269, 51.34301200688121 ], [ -0.143000685984466, 51.342791600791834 ], [ -0.144595444683769, 51.342092059410859 ], [ -0.14346408218064, 51.340562452246218 ], [ -0.144324131213942, 51.34020647994496 ], [ -0.14426349326071, 51.339859298643965 ], [ -0.144526599206206, 51.339494764607082 ], [ -0.147547430660934, 51.338781795650114 ], [ -0.145944914512603, 51.334091002823719 ], [ -0.145617105134847, 51.332431147020515 ], [ -0.145172055368633, 51.331542809777382 ], [ -0.144067512046044, 51.33067010049745 ], [ -0.149330519438168, 51.328765986949975 ], [ -0.144454806521558, 51.326481115898538 ], [ -0.144472920865855, 51.325925650285171 ], [ -0.14427261253023, 51.325909886542533 ], [ -0.14558550247213, 51.323500838785833 ], [ -0.147956379778279, 51.322684944314126 ], [ -0.149037240409346, 51.322788363348053 ], [ -0.15059482077904, 51.322172686839998 ], [ -0.151508542346712, 51.322399342092012 ], [ -0.152089330555624, 51.322268221031315 ], [ -0.152731260630783, 51.323008560421385 ], [ -0.156568836391734, 51.321510586897958 ] ] ] } },
{ "type": "Feature", "properties": { "NAME": "Richmond upon Thames", "GSS_CODE": "E09000027" }, "geometry": { "type": "Polygon", "coordinates": [ [ [ -0.321734491492415, 51.465406907926706 ], [ -0.320555032320342, 51.463926959974508 ], [ -0.31757723073118, 51.461753074307651 ], [ -0.314078339523336, 51.45978204097969 ], [ -0.312819410649636, 51.459257659902114 ], [ -0.312780146508082, 51.459112317325527 ], [ -0.312623056518107, 51.45919548437449 ], [ -0.311445971246207, 51.458794562769356 ], [ -0.311434146412779, 51.458646917162191 ], [ -0.311205884080937, 51.458708374763496 ], [ -0.310891257737675, 51.458418783478642 ], [ -0.310720078588764, 51.458493651854582 ], [ -0.30884960138687, 51.457498205337288 ], [ -0.307379111637681, 51.457093009864543 ], [ -0.307958876286394, 51.456673339995646 ], [ -0.307202307789916, 51.457008626378133 ], [ -0.306606513229786, 51.456694280843735 ], [ -0.30500864033299, 51.455221615109458 ], [ -0.304194406850064, 51.454005756999642 ], [ -0.30379058505007, 51.452979276522235 ], [ -0.304105597830913, 51.451857983542745 ], [ -0.305749696315827, 51.450367432064795 ], [ -0.308992415114968, 51.448608572926801 ], [ -0.311606284469771, 51.4477784785634 ], [ -0.315792378896404, 51.446886395031349 ], [ -0.31582078221563, 51.446661992847631 ], [ -0.317029260533412, 51.446514786494227 ], [ -0.320236875165307, 51.446516727212327 ], [ -0.320579828146569, 51.446582788986902 ], [ -0.320645829410315, 51.44678426507442 ], [ -0.320757223133064, 51.446611408069096 ], [ -0.321484787963172, 51.446824156396929 ], [ -0.324919046993601, 51.446453331286726 ], [ -0.325097413661828, 51.446534113590538 ], [ -0.325176835431767, 51.446290654964727 ], [ -0.327130670430925, 51.445632431404647 ], [ -0.330412152190182, 51.44289696280596 ], [ -0.331637980109427, 51.441321860479725 ], [ -0.331212603772949, 51.439806880858995 ], [ -0.331859178736238, 51.439120970547698 ], [ -0.331009134624588, 51.438757268379938 ], [ -0.330135050259374, 51.438066793152515 ], [ -0.329139390843956, 51.436765792302673 ], [ -0.329021377723937, 51.436490740891529 ], [ -0.32937925831526, 51.436382537371621 ], [ -0.32936067683079, 51.436260875022469 ], [ -0.329019374485845, 51.436309065649105 ], [ -0.328870466360377, 51.436131590937286 ], [ -0.328492480786807, 51.433913169070017 ], [ -0.327575095716111, 51.43279671479376 ], [ -0.326256725692116, 51.431670931118383 ], [ -0.326472917372737, 51.431541829266457 ], [ -0.326117170446036, 51.431592502810993 ], [ -0.325705795350598, 51.431354623279475 ], [ -0.325997926864283, 51.431076433522207 ], [ -0.325850691931, 51.431011383836989 ], [ -0.325539193873534, 51.431229047366124 ], [ -0.322086729767466, 51.429732797472383 ], [ -0.321794518541749, 51.429777173376024 ], [ -0.318566712142534, 51.429103244973838 ], [ -0.318260505692064, 51.42945045624171 ], [ -0.319280626317485, 51.429993842463681 ], [ -0.322232257920126, 51.430511826145235 ], [ -0.324213162028078, 51.431298223519875 ], [ -0.324115253765783, 51.431457788133088 ], [ -0.325800967828038, 51.432292992787119 ], [ -0.325615336701691, 51.432530438974183 ], [ -0.32695954618276, 51.433382329760597 ], [ -0.327650362594074, 51.434438904463953 ], [ -0.327711475085793, 51.435917229811501 ], [ -0.329060725325479, 51.438054182445661 ], [ -0.328514532982571, 51.437999635258549 ], [ -0.329242481221721, 51.438277986266563 ], [ -0.330223647561042, 51.440056275973106 ], [ -0.330223333054169, 51.441209097565228 ], [ -0.329793362775807, 51.442030273425424 ], [ -0.328837836362815, 51.442899709797032 ], [ -0.327427726310436, 51.443567518570134 ], [ -0.321685954728036, 51.44538015863904 ], [ -0.320147554451622, 51.445656672628552 ], [ -0.316977661684058, 51.445726310733903 ], [ -0.31417606185226, 51.446228299361657 ], [ -0.309192434470593, 51.447362411506802 ], [ -0.306373768811493, 51.448515019266729 ], [ -0.305875961371629, 51.448511423658275 ], [ -0.305699387012811, 51.448888351902809 ], [ -0.304071378779284, 51.450062602454281 ], [ -0.302831911905926, 51.451313495981815 ], [ -0.302570585801768, 51.452344739696464 ], [ -0.30276870048144, 51.453367347656275 ], [ -0.30447793290517, 51.455948621099949 ], [ -0.306692778049358, 51.457824972677564 ], [ -0.308149090947152, 51.458730848758989 ], [ -0.308039955309892, 51.458879446959472 ], [ -0.308458362389675, 51.458814444265741 ], [ -0.313642919742899, 51.460621064022163 ], [ -0.316341393995873, 51.462319839666534 ], [ -0.316525263269832, 51.462252339213592 ], [ -0.3173461045213, 51.462753307843215 ], [ -0.31722076332964, 51.462834238939038 ], [ -0.319639084711582, 51.464524419420847 ], [ -0.319953249483484, 51.465495602138738 ], [ -0.31864993922911, 51.470128676780952 ], [ -0.318052010839555, 51.470805320364221 ], [ -0.31740188737719, 51.4711781689887 ], [ -0.313881137383844, 51.472085282757405 ], [ -0.307054861620701, 51.474803338713265 ], [ -0.302410506027702, 51.479432014767262 ], [ -0.297528120539332, 51.483388020218072 ], [ -0.294293908481218, 51.485303158988401 ], [ -0.290565795551141, 51.486244330215662 ], [ -0.289032913007408, 51.486446785112591 ], [ -0.286609174013969, 51.486476143069041 ], [ -0.284455060831099, 51.485922192764768 ], [ -0.282897596865382, 51.484938111840428 ], [ -0.280594201423599, 51.483914299411452 ], [ -0.277693096519119, 51.481823258574124 ], [ -0.276681862264232, 51.480491914405164 ], [ -0.274774970638091, 51.476678971024917 ], [ -0.273220025416459, 51.474688543260108 ], [ -0.271683354567504, 51.473361104091694 ], [ -0.270008472584561, 51.472340044977173 ], [ -0.267888131770864, 51.471411298479936 ], [ -0.267848379158211, 51.471244351386545 ], [ -0.26405874714724, 51.470369996588033 ], [ -0.264055127509588, 51.470237754277882 ], [ -0.260238118890914, 51.470314269226364 ], [ -0.258610428896665, 51.470445676060727 ], [ -0.255476984929875, 51.471285752342965 ], [ -0.253117967034236, 51.472430438932108 ], [ -0.251570769601701, 51.473542224283229 ], [ -0.249671378785967, 51.476065940949468 ], [ -0.249262000645166, 51.479461667712584 ], [ -0.249484736855383, 51.481505375652226 ], [ -0.249313901636862, 51.482544148615091 ], [ -0.248543885923613, 51.483734038718744 ], [ -0.247324177074079, 51.484705881447837 ], [ -0.242018247555979, 51.487887114125179 ], [ -0.240361027115822, 51.488580754270934 ], [ -0.237840836927127, 51.488978145404381 ], [ -0.235528620616732, 51.488949672842992 ], [ -0.234044590381899, 51.488773563759963 ], [ -0.232163608154223, 51.488247042043184 ], [ -0.230655675631526, 51.487498610228798 ], [ -0.229558771687542, 51.486700611693429 ], [ -0.228034634852808, 51.485109308491033 ], [ -0.227345933050629, 51.483592664403069 ], [ -0.226893866476431, 51.481100315740015 ], [ -0.226714112242792, 51.479385433896432 ], [ -0.22684256626058, 51.477521441228419 ], [ -0.226581629920112, 51.476043630733628 ], [ -0.226023364437076, 51.475066697789806 ], [ -0.224594788544689, 51.473363484781068 ], [ -0.222942675969254, 51.471857397795581 ], [ -0.223686044362343, 51.471624965748831 ], [ -0.223425138253282, 51.471521196446815 ], [ -0.223333780135336, 51.47101893147039 ], [ -0.223420396701878, 51.470827804976544 ], [ -0.223728188165805, 51.470762326872055 ], [ -0.227072335147264, 51.471446909169842 ], [ -0.228766702863635, 51.47212536966552 ], [ -0.229582691256619, 51.472173662986968 ], [ -0.230968800700691, 51.472819559806553 ], [ -0.232108775224896, 51.472793589358965 ], [ -0.232695429280838, 51.472554241188163 ], [ -0.233025038015338, 51.472035847517382 ], [ -0.23289099967797, 51.470772185127373 ], [ -0.233447471815047, 51.468144879169039 ], [ -0.232830601732654, 51.46663384137603 ], [ -0.233649623893725, 51.466041888929901 ], [ -0.233314197826576, 51.46399104823157 ], [ -0.235573997256836, 51.464412652877108 ], [ -0.24301495419858, 51.465177246781835 ], [ -0.245048305383335, 51.465238273697175 ], [ -0.248641901436239, 51.46504561376193 ], [ -0.252915500629803, 51.465216381567508 ], [ -0.255536260977189, 51.463465007144279 ], [ -0.25660099687529, 51.462384664581826 ], [ -0.258043409452874, 51.460268598657834 ], [ -0.256809857488591, 51.45985010050299 ], [ -0.258340838665015, 51.45733338470901 ], [ -0.258954696552599, 51.455991835495901 ], [ -0.259113038980856, 51.454932177751573 ], [ -0.247326310270656, 51.449180330131995 ], [ -0.244500011417691, 51.446360264007893 ], [ -0.241629258393745, 51.443132999153988 ], [ -0.242729209623215, 51.441918420844353 ], [ -0.255682954437682, 51.436619279132472 ], [ -0.256208253089862, 51.436653172886999 ], [ -0.256457119187995, 51.436503103265601 ], [ -0.256279324976689, 51.436373664580849 ], [ -0.264599735193974, 51.432917232977573 ], [ -0.268410177353248, 51.430952973927155 ], [ -0.270962238099373, 51.429542857463261 ], [ -0.280458898246645, 51.421856405725336 ], [ -0.286618828397026, 51.42017239916094 ], [ -0.290639085541706, 51.428990661197936 ], [ -0.293021764183377, 51.428939055973281 ], [ -0.29289479726672, 51.428601788239078 ], [ -0.293333977002164, 51.42855153105188 ], [ -0.293409954138058, 51.426512248232456 ], [ -0.294789881029729, 51.426461290908215 ], [ -0.294732159888206, 51.427007192688009 ], [ -0.295435787955538, 51.42703990830455 ], [ -0.295465070619239, 51.427644627280408 ], [ -0.29582787274154, 51.427829751702653 ], [ -0.295963117558695, 51.427751685065815 ], [ -0.297493800484482, 51.42856076740545 ], [ -0.298216609968804, 51.429200735315057 ], [ -0.301618071402755, 51.431429838426041 ], [ -0.302070012647899, 51.431152224458216 ], [ -0.301531694487611, 51.430539233963486 ], [ -0.301780280623394, 51.430391762567126 ], [ -0.302177281386372, 51.430664589177503 ], [ -0.305942127143203, 51.431362019372308 ], [ -0.306247942170659, 51.431183892086302 ], [ -0.306430008469384, 51.430150593451451 ], [ -0.306954967641982, 51.430153680690793 ], [ -0.308567265637846, 51.430785745085359 ], [ -0.308088855317907, 51.43108008749617 ], [ -0.309783087342698, 51.432144055092728 ], [ -0.310118251906801, 51.432183957913928 ], [ -0.310417807772758, 51.432019218241258 ], [ -0.310678319500631, 51.432210914804948 ], [ -0.312823007274582, 51.430344399844685 ], [ -0.314469205949572, 51.428259356713369 ], [ -0.311827434317547, 51.427107175863931 ], [ -0.309261216592851, 51.425704235910615 ], [ -0.307997709772819, 51.424629391172836 ], [ -0.306971724334587, 51.423395199997749 ], [ -0.306036942439589, 51.421485185636065 ], [ -0.306636768933026, 51.420004702453873 ], [ -0.306714759852122, 51.418750482187924 ], [ -0.30756139491973, 51.417166549086154 ], [ -0.308451726235734, 51.414630938775566 ], [ -0.308464871377581, 51.412521496558846 ], [ -0.309095564707903, 51.409302301980034 ], [ -0.308990806120497, 51.405632761352265 ], [ -0.30869459271188, 51.403490076115119 ], [ -0.309075748586343, 51.401029838573471 ], [ -0.309653720977647, 51.400014832322093 ], [ -0.311890000393821, 51.398509353024615 ], [ -0.312522559572626, 51.397453753610044 ], [ -0.318289268874371, 51.393316480796138 ], [ -0.319855176098494, 51.392594365332457 ], [ -0.32461249539026, 51.391503347704159 ], [ -0.325693121300738, 51.391431565690183 ], [ -0.327525260475158, 51.391720309326104 ], [ -0.328693903709372, 51.392309803355651 ], [ -0.330808101520727, 51.394091670702963 ], [ -0.332285465759264, 51.395918392123654 ], [ -0.337093683875518, 51.399490181463015 ], [ -0.338973195344883, 51.401736173077879 ], [ -0.340529822098583, 51.403017168073518 ], [ -0.341427071169733, 51.403411149362299 ], [ -0.343808909766904, 51.403980783201696 ], [ -0.347101793057373, 51.405881512070771 ], [ -0.349220349301317, 51.406620875072321 ], [ -0.350701742909937, 51.407607518706762 ], [ -0.355130444032784, 51.409807257502457 ], [ -0.355378368748443, 51.41075224320975 ], [ -0.357667427235248, 51.411478556346978 ], [ -0.360011375627654, 51.412039232720304 ], [ -0.363123621592767, 51.411905589473939 ], [ -0.366501810594021, 51.411128117076274 ], [ -0.373171608725658, 51.408599600759032 ], [ -0.376390235481763, 51.408255761465931 ], [ -0.37789203959738, 51.40791146518167 ], [ -0.379449087563903, 51.40783408867501 ], [ -0.381205597392312, 51.408012133069697 ], [ -0.383371131401482, 51.408538403977602 ], [ -0.38344566933675, 51.409482734313684 ], [ -0.383832001197025, 51.409536621223403 ], [ -0.38379853091181, 51.4101188667629 ], [ -0.386656860299644, 51.410411832993418 ], [ -0.389198023612213, 51.410319992735026 ], [ -0.389316857192208, 51.410702903087191 ], [ -0.389670923231956, 51.410693380520073 ], [ -0.390313666843855, 51.414337830258923 ], [ -0.386143911050877, 51.414280489922547 ], [ -0.38661538333414, 51.415021658556405 ], [ -0.38644055544949, 51.415371753304221 ], [ -0.386783004480957, 51.417654237242559 ], [ -0.387246383698047, 51.418790056697908 ], [ -0.387715003316386, 51.419327953113708 ], [ -0.386663066733773, 51.4200805283797 ], [ -0.391363471731915, 51.422325781065425 ], [ -0.391771696258121, 51.4227836988386 ], [ -0.392906268512559, 51.423283049281231 ], [ -0.392770354554396, 51.423467327706547 ], [ -0.391129853581704, 51.423162461841898 ], [ -0.385392911101592, 51.420739265525604 ], [ -0.384398163569057, 51.421988987539279 ], [ -0.384112304633159, 51.422672064565013 ], [ -0.388382257339869, 51.427998579422507 ], [ -0.3880887166654, 51.427878541777993 ], [ -0.387147462766467, 51.428178528919233 ], [ -0.387445038049393, 51.428510844195131 ], [ -0.387985534735181, 51.428644171419847 ], [ -0.387910513186654, 51.428732164089624 ], [ -0.386821183871389, 51.429723423300722 ], [ -0.382936470260438, 51.432350521964985 ], [ -0.37820308338392, 51.434716666374996 ], [ -0.376138156692641, 51.435539657268798 ], [ -0.377933723752825, 51.436309983112295 ], [ -0.37789183058877, 51.436802184819584 ], [ -0.366850817552918, 51.441643248780096 ], [ -0.369420770802062, 51.4423687365734 ], [ -0.370993399218676, 51.443181027929505 ], [ -0.372893746721189, 51.443640850170418 ], [ -0.373415513643004, 51.443576151832694 ], [ -0.373670260507113, 51.443129169071078 ], [ -0.3739531426746, 51.443024285523563 ], [ -0.376412184831219, 51.443027792996141 ], [ -0.376905358887047, 51.442592198228866 ], [ -0.37737730244193, 51.442430574333038 ], [ -0.378244272099573, 51.442491129544841 ], [ -0.379090733186486, 51.442805878311724 ], [ -0.379629759085072, 51.443228776395095 ], [ -0.379391609116081, 51.443574387697147 ], [ -0.379812598719668, 51.443917419646901 ], [ -0.379631564280486, 51.444275510785573 ], [ -0.379790178114608, 51.444388308848012 ], [ -0.382870760789141, 51.44504861659663 ], [ -0.386266490655616, 51.446732013204539 ], [ -0.386452490809282, 51.447252531938389 ], [ -0.386318282311129, 51.448202073995724 ], [ -0.387797484222768, 51.449433691803144 ], [ -0.384567562984361, 51.449895500287042 ], [ -0.383786764228517, 51.449509758794569 ], [ -0.375275485688127, 51.456283847235312 ], [ -0.373045361821726, 51.457473182480925 ], [ -0.372693932139186, 51.456993510033072 ], [ -0.372463264809042, 51.457246589909879 ], [ -0.368460835760868, 51.456868137688552 ], [ -0.367828946804347, 51.457433054359129 ], [ -0.365063594071538, 51.457802778207565 ], [ -0.364441981880738, 51.4575953777615 ], [ -0.362867456881114, 51.457670520380901 ], [ -0.359817810282076, 51.458219594645463 ], [ -0.356431330998654, 51.458405973082066 ], [ -0.353461170237102, 51.45818265424041 ], [ -0.352841998182339, 51.457388924685496 ], [ -0.352839376640174, 51.45686193574501 ], [ -0.348704625122403, 51.456765107305309 ], [ -0.346040887043373, 51.457267102482788 ], [ -0.34505433068752, 51.457919515366356 ], [ -0.342679680649349, 51.458107185004152 ], [ -0.341723863944066, 51.459021682450349 ], [ -0.340134004411169, 51.459239281790424 ], [ -0.340724744166737, 51.457953641779447 ], [ -0.34063049491668, 51.457258097071502 ], [ -0.338973012520648, 51.455890267496144 ], [ -0.33855510867101, 51.456101961618252 ], [ -0.337736987579489, 51.45548338007756 ], [ -0.337950845852856, 51.455420767604032 ], [ -0.337421146014906, 51.454747821583574 ], [ -0.336983518022628, 51.45463100869005 ], [ -0.336293121797482, 51.455686810401062 ], [ -0.333709511917034, 51.45548825724552 ], [ -0.333632032100982, 51.455244361831681 ], [ -0.333252566388145, 51.455309108455687 ], [ -0.332470947787554, 51.455863614910605 ], [ -0.332344087288618, 51.456382469278317 ], [ -0.33141569949801, 51.457290080008185 ], [ -0.330367799486045, 51.457882147594539 ], [ -0.329055212167685, 51.45803520281121 ], [ -0.328411936663961, 51.457952295773943 ], [ -0.327268617691969, 51.456979200223017 ], [ -0.326910774461644, 51.457042436424196 ], [ -0.326168602530183, 51.457814180572598 ], [ -0.325621150024872, 51.457984412867411 ], [ -0.325602355440481, 51.458262009096778 ], [ -0.326156663482663, 51.458652100158744 ], [ -0.326001991814679, 51.458866608311013 ], [ -0.326463954194429, 51.459341706169425 ], [ -0.326237560840466, 51.459785395797816 ], [ -0.326722968688605, 51.45997397030542 ], [ -0.326362692341344, 51.460811414038332 ], [ -0.326878361999095, 51.461156887144753 ], [ -0.326720689040241, 51.461650117050176 ], [ -0.324876259752327, 51.464294516303454 ], [ -0.323845902844704, 51.465147555698216 ], [ -0.323230341341626, 51.465405827986899 ], [ -0.321734491492415, 51.465406907926706 ] ] ] } },
{ "type": "Feature", "properties": { "NAME": "Merton", "GSS_CODE": "E09000024" }, "geometry": { "type": "Polygon", "coordinates": [ [ [ -0.134319514727876, 51.390934635636825 ], [ -0.134868605893433, 51.390969456085173 ], [ -0.136703392674668, 51.390350275414455 ], [ -0.140666921271699, 51.389727995607416 ], [ -0.141903729112486, 51.38935553472723 ], [ -0.143183689825487, 51.390401889485368 ], [ -0.144378371819284, 51.390679804405998 ], [ -0.148080505107068, 51.390157449132694 ], [ -0.157635144146164, 51.389209168890204 ], [ -0.15789633596713, 51.389290612354664 ], [ -0.158296958345984, 51.38904961192182 ], [ -0.158282420109156, 51.388838955198452 ], [ -0.158700862119163, 51.38890578240779 ], [ -0.159703654237634, 51.388594203865139 ], [ -0.160986551284907, 51.387820294535722 ], [ -0.161770295992943, 51.388132048396187 ], [ -0.163349045527373, 51.388044397750939 ], [ -0.164081259857592, 51.388135907537688 ], [ -0.165290504918477, 51.387979491922245 ], [ -0.166057031233501, 51.388866476916427 ], [ -0.166455183471756, 51.38969283761562 ], [ -0.167609020924022, 51.390060701447453 ], [ -0.168152503229296, 51.390632138976883 ], [ -0.169879833323802, 51.391397426678807 ], [ -0.169971678588154, 51.391725294058169 ], [ -0.171143938878075, 51.392426137889743 ], [ -0.172871393313991, 51.392650025792584 ], [ -0.174867547032065, 51.393418531005771 ], [ -0.179264593416916, 51.389835028901906 ], [ -0.1798529305664, 51.389497053838724 ], [ -0.180015739321121, 51.389595803953114 ], [ -0.182712152412479, 51.38803516783296 ], [ -0.184530790178086, 51.387513910311618 ], [ -0.188411493946881, 51.385435527067436 ], [ -0.188993950359517, 51.385825818606541 ], [ -0.189568385414687, 51.385873364100661 ], [ -0.189736557796827, 51.386127756047337 ], [ -0.190469436535283, 51.386202924272155 ], [ -0.190327171479677, 51.386348206184806 ], [ -0.190788345194072, 51.386643991300467 ], [ -0.191662541598753, 51.387072046327027 ], [ -0.191860645140946, 51.386932120822642 ], [ -0.193200700519785, 51.387866442777842 ], [ -0.193603702683122, 51.387669423156623 ], [ -0.193950737026516, 51.387871711139283 ], [ -0.195348766544383, 51.387078520167044 ], [ -0.196525498956119, 51.386758515563749 ], [ -0.200505323181479, 51.38488539272182 ], [ -0.203517930555808, 51.387225637178744 ], [ -0.205028248145798, 51.386092333938848 ], [ -0.209792997415729, 51.388253312064869 ], [ -0.212635802060544, 51.385489220425988 ], [ -0.213371740510285, 51.385006750444994 ], [ -0.212985580377873, 51.384811117646571 ], [ -0.213957045672576, 51.384147887531306 ], [ -0.21380143306632, 51.38404749600258 ], [ -0.218136261041651, 51.380150458337965 ], [ -0.219150927402511, 51.380628104832702 ], [ -0.220202162225648, 51.38079335532538 ], [ -0.227742265169347, 51.383954338870957 ], [ -0.23392821780817, 51.387709519745293 ], [ -0.233670981150945, 51.387820747337578 ], [ -0.234213751162404, 51.388729984192466 ], [ -0.234657242208223, 51.390538778502496 ], [ -0.238539001339944, 51.389689845051826 ], [ -0.239706881427285, 51.389294636559185 ], [ -0.240108256735038, 51.39119539960614 ], [ -0.240619807699207, 51.3920609721932 ], [ -0.240967935182964, 51.39216601610751 ], [ -0.240935209236448, 51.392719466761832 ], [ -0.241691686358786, 51.393871077193367 ], [ -0.242510012940764, 51.394234962538469 ], [ -0.243543841341926, 51.394339489786169 ], [ -0.244595174419945, 51.394662789239263 ], [ -0.24742478471959, 51.397578263602448 ], [ -0.246769407943872, 51.398514476347017 ], [ -0.246621983681344, 51.399211890894648 ], [ -0.246846450025226, 51.400484996883222 ], [ -0.245234259916768, 51.401702737626977 ], [ -0.244682987285087, 51.403409360040314 ], [ -0.244684722522627, 51.404227707518537 ], [ -0.245532845626332, 51.406636020754995 ], [ -0.245353676222653, 51.407072174202327 ], [ -0.245810757432849, 51.407564613898913 ], [ -0.247103900502756, 51.407889709162042 ], [ -0.247507612865712, 51.408500045221409 ], [ -0.247557069237148, 51.40904932933087 ], [ -0.247136938789021, 51.409582598277964 ], [ -0.249599676602871, 51.414902516428306 ], [ -0.249858451871368, 51.417013328716287 ], [ -0.249642361481414, 51.418528938179364 ], [ -0.250386897963062, 51.419783719932859 ], [ -0.250925221891631, 51.421882514027537 ], [ -0.251122974577185, 51.422316206204052 ], [ -0.251708136899474, 51.422812330106012 ], [ -0.252954411747324, 51.42320949766718 ], [ -0.252909256844323, 51.424054120292368 ], [ -0.252261045433114, 51.425737745360095 ], [ -0.252528017268251, 51.426506987998486 ], [ -0.253084385952847, 51.427118678332612 ], [ -0.254247735863516, 51.429317591329948 ], [ -0.253619951247665, 51.430502443336074 ], [ -0.253327830274473, 51.430844301829964 ], [ -0.252394381031221, 51.431253935099249 ], [ -0.25108405712539, 51.432566180716776 ], [ -0.240711629524086, 51.43522022064338 ], [ -0.231074237703658, 51.438182993370233 ], [ -0.225505885370166, 51.438742696227948 ], [ -0.224507809482765, 51.438581904417497 ], [ -0.224276852635065, 51.438860771042229 ], [ -0.220438184840608, 51.438449152400374 ], [ -0.217846512549615, 51.438679554708258 ], [ -0.216531466470427, 51.438345715123518 ], [ -0.215734688401642, 51.437746377748823 ], [ -0.212545826004646, 51.437831783902439 ], [ -0.20425571271294, 51.438960435686717 ], [ -0.194610492761477, 51.440836502794404 ], [ -0.194548135103496, 51.440739322134185 ], [ -0.190039741193811, 51.441474630496664 ], [ -0.190070844128749, 51.440797072399143 ], [ -0.1897591326136, 51.440055769074469 ], [ -0.190667363107522, 51.438919643844891 ], [ -0.189215893268052, 51.438547420532345 ], [ -0.189267428497786, 51.438117473210482 ], [ -0.190265972110848, 51.434804748448073 ], [ -0.190779376053492, 51.433899929117381 ], [ -0.191145450566947, 51.433628608061206 ], [ -0.191062127326934, 51.433042805754717 ], [ -0.189796771324273, 51.431351553488199 ], [ -0.189088915051938, 51.431607698611835 ], [ -0.189254176662728, 51.431830569580306 ], [ -0.188358370329072, 51.43210988511732 ], [ -0.187419442525523, 51.43209716789282 ], [ -0.187289298692345, 51.432986318565241 ], [ -0.186424427867219, 51.432955854339312 ], [ -0.185761584547073, 51.433164116122931 ], [ -0.184580226632264, 51.431935425407993 ], [ -0.184407031184747, 51.431368908640195 ], [ -0.184154047284287, 51.431218410806153 ], [ -0.184523822034449, 51.429475083490104 ], [ -0.184552634634885, 51.427623059428441 ], [ -0.184092707807081, 51.426379455386396 ], [ -0.183232373407577, 51.425548697554738 ], [ -0.181939850187269, 51.424735509939687 ], [ -0.17800029966234, 51.4242229069365 ], [ -0.175586400655437, 51.423688066923624 ], [ -0.173722840499335, 51.42302416678254 ], [ -0.173597153568304, 51.42318227643603 ], [ -0.171017252072401, 51.42187229043671 ], [ -0.168424996306728, 51.420910966450357 ], [ -0.167138572557161, 51.420602193171703 ], [ -0.164833425898405, 51.42034040690676 ], [ -0.165093606334642, 51.420092687576634 ], [ -0.16159915277189, 51.419864368626889 ], [ -0.160361782797195, 51.421917749839636 ], [ -0.159973030457064, 51.421927833943691 ], [ -0.159882813593396, 51.422634135994279 ], [ -0.159678339728438, 51.422424994748027 ], [ -0.159592103171447, 51.422566623136973 ], [ -0.15684131587866, 51.421510827576967 ], [ -0.151327598646111, 51.419852076672129 ], [ -0.150284242880221, 51.420081113143787 ], [ -0.149341210815095, 51.419855798474728 ], [ -0.147669948583101, 51.41900207449617 ], [ -0.146813596467909, 51.418910300845369 ], [ -0.145778445325433, 51.418225775607745 ], [ -0.144480230912599, 51.417752000298236 ], [ -0.142024285922932, 51.418484659255981 ], [ -0.140405452903823, 51.419249437071549 ], [ -0.143260311023724, 51.417263264101884 ], [ -0.143048748198192, 51.417125022600501 ], [ -0.145009410649493, 51.415799982885318 ], [ -0.144347477950516, 51.41534796537217 ], [ -0.147083334025696, 51.413804951582463 ], [ -0.148090361926878, 51.412870347392143 ], [ -0.146804341702735, 51.412560455441067 ], [ -0.145169981698213, 51.41254359220072 ], [ -0.144623042901356, 51.412413533774917 ], [ -0.142582218571936, 51.413342519490961 ], [ -0.14120954422164, 51.41275871543278 ], [ -0.138101981621054, 51.411802026981739 ], [ -0.134099941535934, 51.410991086066282 ], [ -0.13357791071714, 51.412934179187204 ], [ -0.133354187299808, 51.412883854131088 ], [ -0.133572358094333, 51.412576183152765 ], [ -0.132714500298921, 51.412348492405393 ], [ -0.12788811614744, 51.412005308658259 ], [ -0.127751714248566, 51.412316973442358 ], [ -0.12753475042526, 51.412312607771682 ], [ -0.12819360004406, 51.410933766766128 ], [ -0.128480874325269, 51.411012094685461 ], [ -0.129478739268415, 51.409851786147158 ], [ -0.129478539572639, 51.409574808964777 ], [ -0.131285939910166, 51.40950652320285 ], [ -0.131316492391586, 51.409215648190042 ], [ -0.132089066247227, 51.409170412006951 ], [ -0.131955657896744, 51.408456966039239 ], [ -0.132481095970397, 51.408406888335392 ], [ -0.13231849353823, 51.406927701915137 ], [ -0.131442785222818, 51.405200639232362 ], [ -0.13127942698298, 51.404093734791552 ], [ -0.130481107281506, 51.403256373578344 ], [ -0.127989846587675, 51.401698638627828 ], [ -0.126142214577304, 51.399839097560637 ], [ -0.125378979011848, 51.398956398412608 ], [ -0.125724553118162, 51.398309956949738 ], [ -0.124636439989783, 51.398095607678933 ], [ -0.124420046597215, 51.397938369337346 ], [ -0.124545245275191, 51.397829763218247 ], [ -0.124151407313842, 51.397617526618113 ], [ -0.127910403103576, 51.394736136014622 ], [ -0.129689682979971, 51.393651255591479 ], [ -0.128756515283093, 51.393481682650226 ], [ -0.134319514727876, 51.390934635636825 ] ] ] } },
{ "type": "Feature", "properties": { "NAME": "Wandsworth", "GSS_CODE": "E09000032" }, "geometry": { "type": "Polygon", "coordinates": [ [ [ -0.223425138253282, 51.471521196446815 ], [ -0.223269079991122, 51.471461279980915 ], [ -0.222759121680861, 51.471726922646383 ], [ -0.219088650229729, 51.468885360853292 ], [ -0.217465484567531, 51.467864328260845 ], [ -0.212801383162043, 51.465561391115862 ], [ -0.206987503347529, 51.463845882318004 ], [ -0.203438933990842, 51.463182768040248 ], [ -0.199670595504426, 51.462729293684909 ], [ -0.195540415906466, 51.462874426226634 ], [ -0.19509362539555, 51.462121170144009 ], [ -0.195170175620209, 51.459998315947601 ], [ -0.194134169139349, 51.459841180245718 ], [ -0.194744671934489, 51.460202189812833 ], [ -0.194851309617513, 51.461731660562975 ], [ -0.194418827939637, 51.461382386023736 ], [ -0.193882825099908, 51.461467652277385 ], [ -0.194473017089803, 51.461942555135785 ], [ -0.194839221772763, 51.462877121004951 ], [ -0.1943851701622, 51.462891711255537 ], [ -0.194217520331435, 51.462689495369332 ], [ -0.194041093070889, 51.462746128502744 ], [ -0.194127995881371, 51.462951597199556 ], [ -0.190840505566969, 51.463301081667503 ], [ -0.188454667142836, 51.463747140366088 ], [ -0.187343701264208, 51.464099562097594 ], [ -0.18343952626018, 51.465691063196452 ], [ -0.181398758511259, 51.467157581132206 ], [ -0.179095930814607, 51.470067790667002 ], [ -0.178814944545207, 51.470254068042834 ], [ -0.178493471453333, 51.470191522146209 ], [ -0.178781978402975, 51.470358768505925 ], [ -0.178561311283243, 51.470693459565013 ], [ -0.177974272004418, 51.470610599930247 ], [ -0.178479777265301, 51.470788412922282 ], [ -0.177629719460502, 51.472825498894551 ], [ -0.177240829249798, 51.4728644165777 ], [ -0.177564337755156, 51.472948579473723 ], [ -0.176640065408929, 51.475328018737379 ], [ -0.176301726180351, 51.47529038383653 ], [ -0.17575473379742, 51.476151451527258 ], [ -0.176023857308056, 51.476444298043717 ], [ -0.175612612139508, 51.476898317044942 ], [ -0.175805038917851, 51.47698404202503 ], [ -0.17545550116369, 51.477515456856302 ], [ -0.173844143911977, 51.47917197322645 ], [ -0.172021202070993, 51.480138141189911 ], [ -0.167894393100302, 51.481091687708933 ], [ -0.165806723008758, 51.481399867064404 ], [ -0.165763463130416, 51.481508899144274 ], [ -0.165032760022196, 51.481593686794895 ], [ -0.164880891164625, 51.481466314067141 ], [ -0.152790672613287, 51.483171204309279 ], [ -0.15022256524317, 51.483494918337001 ], [ -0.150187703249317, 51.483395450481545 ], [ -0.150016780876193, 51.483561813706807 ], [ -0.149251109956013, 51.483654944140461 ], [ -0.146163402170065, 51.483578292612052 ], [ -0.140276855036625, 51.482768374755402 ], [ -0.137354320567738, 51.482739972218639 ], [ -0.137307100018108, 51.482449661923191 ], [ -0.136914767860788, 51.482464111818437 ], [ -0.136733413532495, 51.482814637540521 ], [ -0.133197295942721, 51.483598299447472 ], [ -0.131998683474955, 51.48367633072823 ], [ -0.131685711570753, 51.484004069142067 ], [ -0.13072128305764, 51.484448218548671 ], [ -0.128455592932355, 51.485048751893011 ], [ -0.128171704411385, 51.484735775734158 ], [ -0.126363659622485, 51.484465899302165 ], [ -0.127049008661334, 51.483627950235913 ], [ -0.127496435284953, 51.482022729365802 ], [ -0.129947502100577, 51.481182372476127 ], [ -0.130188953276734, 51.480666452818923 ], [ -0.131544364160885, 51.479251946490187 ], [ -0.133645963374029, 51.476242332976931 ], [ -0.134111617579117, 51.475276748435121 ], [ -0.134952873425081, 51.4747047167237 ], [ -0.135230530713781, 51.474287381573859 ], [ -0.134449112743055, 51.473922442570441 ], [ -0.134721956414393, 51.473305396972691 ], [ -0.135787127747901, 51.472714439910064 ], [ -0.13625855766547, 51.47270035232264 ], [ -0.136917994910444, 51.473090318871975 ], [ -0.138349148623961, 51.471962002584505 ], [ -0.138678635837061, 51.471862020625878 ], [ -0.1387465734097, 51.471997088342299 ], [ -0.139502065741988, 51.471795955090776 ], [ -0.139316189157867, 51.471516034446864 ], [ -0.139866864615967, 51.471323338681998 ], [ -0.14034259644973, 51.471592568783016 ], [ -0.141784359200741, 51.47090861196817 ], [ -0.1414956650908, 51.470678322858305 ], [ -0.142676823584315, 51.470063963084201 ], [ -0.143100363069228, 51.470519400534485 ], [ -0.150618665618325, 51.467614932280668 ], [ -0.150470343470506, 51.465977745299675 ], [ -0.15123139881471, 51.465884535584188 ], [ -0.15073173528134, 51.462859650795714 ], [ -0.149702597600332, 51.461324568889111 ], [ -0.149390425757438, 51.459361959297517 ], [ -0.148340749290718, 51.457305869605094 ], [ -0.147651083495421, 51.452972242107975 ], [ -0.147377972827612, 51.452963430128115 ], [ -0.147729947886655, 51.452339511161902 ], [ -0.143612247264197, 51.451166491338427 ], [ -0.142322594127347, 51.450991389346605 ], [ -0.142583701558657, 51.45033816832801 ], [ -0.143360131887091, 51.449505164295552 ], [ -0.144795179354881, 51.448542295711796 ], [ -0.145696438765719, 51.445869568879601 ], [ -0.145406916219885, 51.444917169241258 ], [ -0.14362070411495, 51.441838606149119 ], [ -0.137885103052742, 51.441695475842231 ], [ -0.135903988396234, 51.442005707008661 ], [ -0.137011376727457, 51.440252667080905 ], [ -0.137371857072565, 51.440340228502677 ], [ -0.137477182963412, 51.440191725502572 ], [ -0.137259856757789, 51.439733245991427 ], [ -0.137683684142643, 51.438581731914084 ], [ -0.138306806510287, 51.438048476471216 ], [ -0.139737107705397, 51.437302316188422 ], [ -0.139972897193847, 51.436881606715012 ], [ -0.139648057485778, 51.435315333744072 ], [ -0.139110196576402, 51.434814000530061 ], [ -0.137857541656801, 51.433776142160852 ], [ -0.136931859430278, 51.433932292074516 ], [ -0.136455555683322, 51.433828499320541 ], [ -0.135264140371806, 51.430334800924193 ], [ -0.138398494041973, 51.430555484750478 ], [ -0.138922116894362, 51.424572912141578 ], [ -0.138530550434956, 51.422669248308289 ], [ -0.13785188918254, 51.421106338503726 ], [ -0.140405452903823, 51.419249437071549 ], [ -0.142024285922932, 51.418484659255981 ], [ -0.144480230912599, 51.417752000298236 ], [ -0.145778445325433, 51.418225775607745 ], [ -0.146813596467909, 51.418910300845369 ], [ -0.147669948583101, 51.41900207449617 ], [ -0.149341210815095, 51.419855798474728 ], [ -0.150284242880221, 51.420081113143787 ], [ -0.151327598646111, 51.419852076672129 ], [ -0.15684131587866, 51.421510827576967 ], [ -0.159592103171447, 51.422566623136973 ], [ -0.159678339728438, 51.422424994748027 ], [ -0.159882813593396, 51.422634135994279 ], [ -0.159973030457064, 51.421927833943691 ], [ -0.160361782797195, 51.421917749839636 ], [ -0.16159915277189, 51.419864368626889 ], [ -0.165093606334642, 51.420092687576634 ], [ -0.164833425898405, 51.42034040690676 ], [ -0.167138572557161, 51.420602193171703 ], [ -0.168424996306728, 51.420910966450357 ], [ -0.171017252072401, 51.42187229043671 ], [ -0.173597153568304, 51.42318227643603 ], [ -0.173722840499335, 51.42302416678254 ], [ -0.175586400655437, 51.423688066923624 ], [ -0.17800029966234, 51.4242229069365 ], [ -0.181939850187269, 51.424735509939687 ], [ -0.183232373407577, 51.425548697554738 ], [ -0.184092707807081, 51.426379455386396 ], [ -0.184552634634885, 51.427623059428441 ], [ -0.184523822034449, 51.429475083490104 ], [ -0.184154047284287, 51.431218410806153 ], [ -0.184407031184747, 51.431368908640195 ], [ -0.184580226632264, 51.431935425407993 ], [ -0.185761584547073, 51.433164116122931 ], [ -0.186424427867219, 51.432955854339312 ], [ -0.187289298692345, 51.432986318565241 ], [ -0.187419442525523, 51.43209716789282 ], [ -0.188358370329072, 51.43210988511732 ], [ -0.189254176662728, 51.431830569580306 ], [ -0.189088915051938, 51.431607698611835 ], [ -0.189796771324273, 51.431351553488199 ], [ -0.191062127326934, 51.433042805754717 ], [ -0.191145450566947, 51.433628608061206 ], [ -0.190779376053492, 51.433899929117381 ], [ -0.190265972110848, 51.434804748448073 ], [ -0.189267428497786, 51.438117473210482 ], [ -0.189215893268052, 51.438547420532345 ], [ -0.190667363107522, 51.438919643844891 ], [ -0.1897591326136, 51.440055769074469 ], [ -0.190070844128749, 51.440797072399143 ], [ -0.190039741193811, 51.441474630496664 ], [ -0.194548135103496, 51.440739322134185 ], [ -0.194610492761477, 51.440836502794404 ], [ -0.20425571271294, 51.438960435686717 ], [ -0.212545826004646, 51.437831783902439 ], [ -0.215734688401642, 51.437746377748823 ], [ -0.216531466470427, 51.438345715123518 ], [ -0.217846512549615, 51.438679554708258 ], [ -0.220438184840608, 51.438449152400374 ], [ -0.224276852635065, 51.438860771042229 ], [ -0.224507809482765, 51.438581904417497 ], [ -0.225505885370166, 51.438742696227948 ], [ -0.231074237703658, 51.438182993370233 ], [ -0.240711629524086, 51.43522022064338 ], [ -0.25108405712539, 51.432566180716776 ], [ -0.251026253192583, 51.433439388880373 ], [ -0.251254495531335, 51.434168488519092 ], [ -0.25311045883958, 51.43529864171618 ], [ -0.253456077844384, 51.435893699188689 ], [ -0.253512157073757, 51.436649004558809 ], [ -0.254090535711754, 51.437290691540689 ], [ -0.242729209623215, 51.441918420844353 ], [ -0.241629258393745, 51.443132999153988 ], [ -0.244500011417691, 51.446360264007893 ], [ -0.247326310270656, 51.449180330131995 ], [ -0.259113038980856, 51.454932177751573 ], [ -0.258954696552599, 51.455991835495901 ], [ -0.258340838665015, 51.45733338470901 ], [ -0.256809857488591, 51.45985010050299 ], [ -0.258043409452874, 51.460268598657834 ], [ -0.25660099687529, 51.462384664581826 ], [ -0.255536260977189, 51.463465007144279 ], [ -0.252915500629803, 51.465216381567508 ], [ -0.248641901436239, 51.46504561376193 ], [ -0.245048305383335, 51.465238273697175 ], [ -0.24301495419858, 51.465177246781835 ], [ -0.235573997256836, 51.464412652877108 ], [ -0.233314197826576, 51.46399104823157 ], [ -0.233649623893725, 51.466041888929901 ], [ -0.232830601732654, 51.46663384137603 ], [ -0.233447471815047, 51.468144879169039 ], [ -0.23289099967797, 51.470772185127373 ], [ -0.233025038015338, 51.472035847517382 ], [ -0.232695429280838, 51.472554241188163 ], [ -0.232108775224896, 51.472793589358965 ], [ -0.230968800700691, 51.472819559806553 ], [ -0.229582691256619, 51.472173662986968 ], [ -0.228766702863635, 51.47212536966552 ], [ -0.227072335147264, 51.471446909169842 ], [ -0.223728188165805, 51.470762326872055 ], [ -0.22335137461186, 51.470899598180296 ], [ -0.223425138253282, 51.471521196446815 ] ] ] } },
{ "type": "Feature", "properties": { "NAME": "Hammersmith and Fulham", "GSS_CODE": "E09000013" }, "geometry": { "type": "Polygon", "coordinates": [ [ [ -0.244562352529746, 51.488702170634419 ], [ -0.245434275050972, 51.489477776843536 ], [ -0.245609178138269, 51.490212376724756 ], [ -0.245358766253247, 51.492720213298988 ], [ -0.2445567854941, 51.496084864067107 ], [ -0.244776628481856, 51.496099844672834 ], [ -0.244763438379355, 51.497343298072039 ], [ -0.244420550930668, 51.497943355166967 ], [ -0.245004469440064, 51.497894543083326 ], [ -0.245292524336228, 51.498384443452856 ], [ -0.249234550719237, 51.496949717783373 ], [ -0.251320733382084, 51.499845822285117 ], [ -0.253144826801361, 51.50146376092254 ], [ -0.253365815771347, 51.502881556211726 ], [ -0.255090331852942, 51.50431993043825 ], [ -0.25486800385076, 51.50444431453198 ], [ -0.254539714068804, 51.504174153776681 ], [ -0.253659165050804, 51.504291435742267 ], [ -0.253764408272112, 51.504553782128447 ], [ -0.252543674985265, 51.504711851582407 ], [ -0.252515339628896, 51.504510899016118 ], [ -0.25124639731933, 51.504648453416195 ], [ -0.249928952139347, 51.504434566913638 ], [ -0.249868954669416, 51.504609023396526 ], [ -0.249487406668715, 51.504563762798256 ], [ -0.249431051703776, 51.50468072208492 ], [ -0.249280363996163, 51.504439275094825 ], [ -0.248080807072913, 51.504608405118397 ], [ -0.248011150365803, 51.504358275162907 ], [ -0.24570266449184, 51.50462501418081 ], [ -0.246513728175344, 51.506731472609665 ], [ -0.245086769563039, 51.506741603876847 ], [ -0.246053931338446, 51.509961860171444 ], [ -0.246650239625244, 51.511245896949696 ], [ -0.2490918580286, 51.514055622263378 ], [ -0.250604821634632, 51.518540216024753 ], [ -0.250721465565406, 51.519483457356813 ], [ -0.250305035578748, 51.520157070044725 ], [ -0.251923440954844, 51.52223505717145 ], [ -0.252639092525139, 51.524777970527161 ], [ -0.252303542306924, 51.525334095380813 ], [ -0.250295320433557, 51.527179966073263 ], [ -0.250621087452715, 51.527782816829514 ], [ -0.250066060301091, 51.528196280458758 ], [ -0.250468476107605, 51.528341664378125 ], [ -0.249644561202494, 51.529074840639765 ], [ -0.246955686709226, 51.53072975030274 ], [ -0.246048827379388, 51.531030028591672 ], [ -0.245406443936126, 51.531050996419225 ], [ -0.245269031093061, 51.531212602130694 ], [ -0.246994511381582, 51.531783336172595 ], [ -0.246311358428125, 51.532752393995246 ], [ -0.243230208238856, 51.53177918102115 ], [ -0.237350079368354, 51.532018299582873 ], [ -0.234423838212656, 51.532637033256314 ], [ -0.231394066761617, 51.531088768730612 ], [ -0.228503091742124, 51.530352734341584 ], [ -0.228727694780994, 51.529877731017933 ], [ -0.227412120483762, 51.527892123612531 ], [ -0.227195158252123, 51.52479276463599 ], [ -0.226619862328824, 51.524795758951001 ], [ -0.226729383657115, 51.521976500008378 ], [ -0.228070911306828, 51.521357413073027 ], [ -0.228301542341874, 51.521097419483382 ], [ -0.225677517191611, 51.518887890489431 ], [ -0.222604014645692, 51.515642758722954 ], [ -0.219937085092817, 51.511184341217984 ], [ -0.219286491142985, 51.50957471374565 ], [ -0.217888648081511, 51.50975940952069 ], [ -0.218053287643501, 51.510230416263717 ], [ -0.217209702089854, 51.510392049923141 ], [ -0.216841767351116, 51.509444050580136 ], [ -0.216430733409585, 51.509120368183915 ], [ -0.215817066058529, 51.50911463170339 ], [ -0.215202896383307, 51.507646715322494 ], [ -0.216144544654407, 51.507518960535499 ], [ -0.216227388754181, 51.506947402717387 ], [ -0.215963408909139, 51.506401144038634 ], [ -0.216388174974101, 51.506446271842037 ], [ -0.217990726175096, 51.506146004784966 ], [ -0.217040523609395, 51.504500336672997 ], [ -0.214966513435416, 51.502301611842697 ], [ -0.214133060212233, 51.500770100538737 ], [ -0.213062620508858, 51.49984735744269 ], [ -0.210270062110153, 51.498127683562842 ], [ -0.208001400208726, 51.496022078425469 ], [ -0.207388487166206, 51.496148497435733 ], [ -0.206719227992213, 51.495544763471656 ], [ -0.20478381202166, 51.4946078133936 ], [ -0.203027895552837, 51.493321076804122 ], [ -0.201835316448328, 51.491851412757292 ], [ -0.202387033549003, 51.491668331606888 ], [ -0.200623243172981, 51.490073894191177 ], [ -0.19790201105855, 51.487850533526583 ], [ -0.196448165377128, 51.487205903030457 ], [ -0.195987877654404, 51.487372377792781 ], [ -0.194143350942428, 51.486227120976778 ], [ -0.18819498072449, 51.480879253868338 ], [ -0.186729840019665, 51.479765816296954 ], [ -0.186549937490974, 51.47987184343954 ], [ -0.186364291408602, 51.479723293692302 ], [ -0.185632392967832, 51.478787541885701 ], [ -0.183880867843486, 51.477418744949347 ], [ -0.18412596944216, 51.477338910617696 ], [ -0.184108427621421, 51.477164184317104 ], [ -0.18242490865257, 51.477094037064184 ], [ -0.180659914655191, 51.47766017048589 ], [ -0.179436099155867, 51.477617794966726 ], [ -0.180823791198761, 51.472998296276359 ], [ -0.183719142412705, 51.468366174143391 ], [ -0.184819055436789, 51.467388635030801 ], [ -0.186381192912227, 51.466444314839812 ], [ -0.190521106940725, 51.465225047805603 ], [ -0.193709477582837, 51.464837175297724 ], [ -0.197172487075171, 51.464967811235297 ], [ -0.197268899613899, 51.465224680959317 ], [ -0.197550063699881, 51.465031168511004 ], [ -0.199880946583184, 51.464993240157959 ], [ -0.202391099918748, 51.465302427071201 ], [ -0.206242228957473, 51.466330800461826 ], [ -0.210741041933362, 51.467221455013402 ], [ -0.210554337007338, 51.467724882945575 ], [ -0.211006667876843, 51.467313634698719 ], [ -0.215493593003066, 51.468956595184714 ], [ -0.21668777366914, 51.469569167216655 ], [ -0.221948341230273, 51.473878219309732 ], [ -0.222869887308269, 51.47532379092474 ], [ -0.223549483948255, 51.477216211833522 ], [ -0.224063235384891, 51.48171123161957 ], [ -0.223685501313931, 51.481906941293154 ], [ -0.225021001675084, 51.484269698322322 ], [ -0.226727531360453, 51.486613770039028 ], [ -0.228600913429023, 51.488410897334731 ], [ -0.228630388454858, 51.488802513810079 ], [ -0.230857171513513, 51.489437722602503 ], [ -0.233137979536119, 51.490316498415751 ], [ -0.235056842844369, 51.490461395524051 ], [ -0.238258682818396, 51.490357567551406 ], [ -0.240558699380852, 51.490106138325871 ], [ -0.243089835554577, 51.489462460140942 ], [ -0.244562352529746, 51.488702170634419 ] ] ] } },
{ "type": "Feature", "properties": { "NAME": "Kensington and Chelsea", "GSS_CODE": "E09000020" }, "geometry": { "type": "Polygon", "coordinates": [ [ [ -0.183880867843486, 51.477418744949347 ], [ -0.185632392967832, 51.478787541885701 ], [ -0.186364291408602, 51.479723293692302 ], [ -0.186549937490974, 51.47987184343954 ], [ -0.186729840019665, 51.479765816296954 ], [ -0.18819498072449, 51.480879253868338 ], [ -0.194494362125136, 51.486493307939206 ], [ -0.195987877654404, 51.487372377792781 ], [ -0.196448165377128, 51.487205903030457 ], [ -0.198298944423586, 51.488121910768747 ], [ -0.202387033549003, 51.491668331606888 ], [ -0.201835316448328, 51.491851412757292 ], [ -0.203027895552837, 51.493321076804122 ], [ -0.20478381202166, 51.4946078133936 ], [ -0.206719227992213, 51.495544763471656 ], [ -0.207388487166206, 51.496148497435733 ], [ -0.208001400208726, 51.496022078425469 ], [ -0.210270062110153, 51.498127683562842 ], [ -0.213062620508858, 51.49984735744269 ], [ -0.214133060212233, 51.500770100538737 ], [ -0.214966513435416, 51.502301611842697 ], [ -0.217040523609395, 51.504500336672997 ], [ -0.217990726175096, 51.506146004784966 ], [ -0.216388174974101, 51.506446271842037 ], [ -0.215963408909139, 51.506401144038634 ], [ -0.216227388754181, 51.506947402717387 ], [ -0.216144544654407, 51.507518960535499 ], [ -0.215202896383307, 51.507646715322494 ], [ -0.215817066058529, 51.50911463170339 ], [ -0.216430733409585, 51.509120368183915 ], [ -0.216841767351116, 51.509444050580136 ], [ -0.217209702089854, 51.510392049923141 ], [ -0.218053287643501, 51.510230416263717 ], [ -0.217888648081511, 51.50975940952069 ], [ -0.219286491142985, 51.50957471374565 ], [ -0.219937085092817, 51.511184341217984 ], [ -0.222604014645692, 51.515642758722954 ], [ -0.225677517191611, 51.518887890489431 ], [ -0.228301542341874, 51.521097419483382 ], [ -0.228070911306828, 51.521357413073027 ], [ -0.226729383657115, 51.521976500008378 ], [ -0.226619862328824, 51.524795758951001 ], [ -0.227195158252123, 51.52479276463599 ], [ -0.227412120483762, 51.527892123612531 ], [ -0.228727694780994, 51.529877731017933 ], [ -0.228503091742124, 51.530352734341584 ], [ -0.227588011948516, 51.530156366683883 ], [ -0.227685224072355, 51.529917738713159 ], [ -0.225465333419428, 51.530019964473404 ], [ -0.2254465646686, 51.530168954197826 ], [ -0.223803793922006, 51.529963345219478 ], [ -0.221526610610528, 51.529278693831898 ], [ -0.217979013141962, 51.528640350230049 ], [ -0.21581510445862, 51.527827817041498 ], [ -0.215923159804009, 51.527497640842363 ], [ -0.215572975009883, 51.526719867036547 ], [ -0.213315685283083, 51.526896829378025 ], [ -0.210277982803702, 51.526681465330718 ], [ -0.206976002524285, 51.526185016830091 ], [ -0.206178232895004, 51.525942614209491 ], [ -0.203881484090313, 51.523458833909821 ], [ -0.201639340375448, 51.522741955850677 ], [ -0.201528007276256, 51.52198218748952 ], [ -0.20063397286685, 51.520710435921799 ], [ -0.200767980655987, 51.520821299908413 ], [ -0.20266905287362, 51.520899003868834 ], [ -0.203766766984924, 51.520622665543861 ], [ -0.201488114374519, 51.517799197278819 ], [ -0.200747479860972, 51.517976679795261 ], [ -0.199893992274574, 51.516775684185973 ], [ -0.199207744434559, 51.514551212447763 ], [ -0.195072585937157, 51.515031695346295 ], [ -0.194064975551507, 51.511756424071216 ], [ -0.192984738168743, 51.511813524550959 ], [ -0.192143741516828, 51.509868086946049 ], [ -0.187933515918165, 51.510179000336592 ], [ -0.184259203041342, 51.50179335253879 ], [ -0.182061259058837, 51.501448163413386 ], [ -0.180336082659279, 51.501460975779281 ], [ -0.179570784756402, 51.497778368345841 ], [ -0.17356694651983, 51.498220971467795 ], [ -0.171499553119818, 51.498687839302335 ], [ -0.168414542802236, 51.49902098080473 ], [ -0.168051202927497, 51.498884015281881 ], [ -0.167643829429675, 51.498300332822318 ], [ -0.165803681268565, 51.499241857748338 ], [ -0.165505721365413, 51.498696748166566 ], [ -0.162598969758129, 51.500292374413618 ], [ -0.161023836208504, 51.501589583493008 ], [ -0.158468625771306, 51.502248206201465 ], [ -0.158517114816141, 51.501259792357907 ], [ -0.157874142714817, 51.499017755002392 ], [ -0.156096496674451, 51.497762341348597 ], [ -0.15567839740948, 51.495628138452311 ], [ -0.155319399392089, 51.495064056856592 ], [ -0.156013734057761, 51.494494060219402 ], [ -0.155015220780039, 51.493856073099565 ], [ -0.156008902221578, 51.493221543265562 ], [ -0.154817960786829, 51.491962742130717 ], [ -0.155821066872225, 51.491450660482691 ], [ -0.155196294802605, 51.490048791317633 ], [ -0.155873887608552, 51.48960622592957 ], [ -0.150366711212053, 51.486232721163653 ], [ -0.150003791142115, 51.485484212854601 ], [ -0.169060550936389, 51.482935383480211 ], [ -0.171603020853913, 51.48245618656378 ], [ -0.173906527900117, 51.481756494088685 ], [ -0.174088580460472, 51.481922093523359 ], [ -0.175532431743439, 51.481686482424919 ], [ -0.177838661567893, 51.480265556238002 ], [ -0.17754951704194, 51.48007671621194 ], [ -0.178787584379172, 51.478931421835576 ], [ -0.179308526244673, 51.47800069366145 ], [ -0.180821854066923, 51.477933357564361 ], [ -0.182100317608813, 51.477398347486329 ], [ -0.183880867843486, 51.477418744949347 ] ] ] } },
{ "type": "Feature", "properties": { "NAME": "Westminster", "GSS_CODE": "E09000033" }, "geometry": { "type": "Polygon", "coordinates": [ [ [ -0.150003791142115, 51.485484212854601 ], [ -0.150366711212053, 51.486232721163653 ], [ -0.155873887608552, 51.48960622592957 ], [ -0.155196294802605, 51.490048791317633 ], [ -0.155821066872225, 51.491450660482691 ], [ -0.154817960786829, 51.491962742130717 ], [ -0.156008902221578, 51.493221543265562 ], [ -0.155015220780039, 51.493856073099565 ], [ -0.156013734057761, 51.494494060219402 ], [ -0.155319399392089, 51.495064056856592 ], [ -0.15567839740948, 51.495628138452311 ], [ -0.156096496674451, 51.497762341348597 ], [ -0.157874142714817, 51.499017755002392 ], [ -0.158517114816141, 51.501259792357907 ], [ -0.158468625771306, 51.502248206201465 ], [ -0.161023836208504, 51.501589583493008 ], [ -0.162598969758129, 51.500292374413618 ], [ -0.165505721365413, 51.498696748166566 ], [ -0.165803681268565, 51.499241857748338 ], [ -0.167643829429675, 51.498300332822318 ], [ -0.168051202927497, 51.498884015281881 ], [ -0.168414542802236, 51.49902098080473 ], [ -0.171499553119818, 51.498687839302335 ], [ -0.17356694651983, 51.498220971467795 ], [ -0.179570784756402, 51.497778368345841 ], [ -0.180336082659279, 51.501460975779281 ], [ -0.182061259058837, 51.501448163413386 ], [ -0.184259203041342, 51.50179335253879 ], [ -0.187933515918165, 51.510179000336592 ], [ -0.192143741516828, 51.509868086946049 ], [ -0.192984738168743, 51.511813524550959 ], [ -0.194064975551507, 51.511756424071216 ], [ -0.195072585937157, 51.515031695346295 ], [ -0.199207744434559, 51.514551212447763 ], [ -0.199893992274574, 51.516775684185973 ], [ -0.200747479860972, 51.517976679795261 ], [ -0.201488114374519, 51.517799197278819 ], [ -0.203766766984924, 51.520622665543861 ], [ -0.20266905287362, 51.520899003868834 ], [ -0.200767980655987, 51.520821299908413 ], [ -0.20063397286685, 51.520710435921799 ], [ -0.201528007276256, 51.52198218748952 ], [ -0.201639340375448, 51.522741955850677 ], [ -0.203881484090313, 51.523458833909821 ], [ -0.205691211314589, 51.525533204647431 ], [ -0.206507855605564, 51.526065454986025 ], [ -0.210277982803702, 51.526681465330718 ], [ -0.212698407663112, 51.526866743434731 ], [ -0.215572975009883, 51.526719867036547 ], [ -0.215923159804009, 51.527497640842363 ], [ -0.21581510445862, 51.527827817041498 ], [ -0.216028870568452, 51.527928186079876 ], [ -0.21607639959508, 51.529072742226234 ], [ -0.21588365133741, 51.529725356824635 ], [ -0.215314092074961, 51.52991182820746 ], [ -0.215129449646, 51.530172496285381 ], [ -0.215268823281959, 51.531364311082193 ], [ -0.21326777360598, 51.531766384792093 ], [ -0.211051413645667, 51.531959215316149 ], [ -0.207648159114264, 51.532819996244307 ], [ -0.205309925823058, 51.532956902061393 ], [ -0.202992186522306, 51.532902536951887 ], [ -0.201689319788261, 51.532559744382922 ], [ -0.201108018087953, 51.531907874414102 ], [ -0.199562919499805, 51.531237616210092 ], [ -0.198298074848447, 51.530444848905226 ], [ -0.197940441670374, 51.529935780149671 ], [ -0.198074730991063, 51.528615957357601 ], [ -0.197798791889112, 51.527900417863577 ], [ -0.197021450213631, 51.527944225769495 ], [ -0.196568704195895, 51.527654004893485 ], [ -0.192558520264941, 51.532628941275462 ], [ -0.192382338721139, 51.533254796841831 ], [ -0.193035258725954, 51.533988745483562 ], [ -0.191483479998499, 51.536289373094206 ], [ -0.188773543052145, 51.534523717896327 ], [ -0.187751178996047, 51.535033985444514 ], [ -0.184468131793717, 51.538074818085548 ], [ -0.180180947788537, 51.539561384312371 ], [ -0.178379246249704, 51.539793303379902 ], [ -0.173921606714031, 51.539476710867703 ], [ -0.174141436090376, 51.538199609979522 ], [ -0.17351092965994, 51.537632264228833 ], [ -0.171981215050904, 51.538382686479665 ], [ -0.170890202196697, 51.537792862711655 ], [ -0.16954284487937, 51.538597353392625 ], [ -0.168044149423604, 51.537890534169875 ], [ -0.164961033042178, 51.535779480901198 ], [ -0.16048679308017, 51.53728128793211 ], [ -0.159438119402574, 51.536361098119841 ], [ -0.154994642407223, 51.537310143379777 ], [ -0.152732394383946, 51.537519137415195 ], [ -0.14719580062818, 51.525041094332906 ], [ -0.145815556767702, 51.525270174989537 ], [ -0.145198510213709, 51.523994277657394 ], [ -0.144154773510963, 51.52399575380494 ], [ -0.14417896109557, 51.524641797057761 ], [ -0.143496428698571, 51.524622903347165 ], [ -0.143521201377233, 51.523907493385892 ], [ -0.14290110192759, 51.523877894010049 ], [ -0.138206815620245, 51.520041018226792 ], [ -0.137033115274166, 51.518884830983858 ], [ -0.136321905037879, 51.519146904830635 ], [ -0.135851754348115, 51.518694304730026 ], [ -0.135258244702754, 51.518933063696032 ], [ -0.134070379015563, 51.517561699847498 ], [ -0.133622525101204, 51.517728129774675 ], [ -0.132568888325433, 51.517164614779553 ], [ -0.132474733393643, 51.516717986398731 ], [ -0.130831772819073, 51.517101874068032 ], [ -0.13036943076308, 51.51649560385183 ], [ -0.130438374002934, 51.515938267671523 ], [ -0.129361421416048, 51.5134832250884 ], [ -0.128869466287325, 51.513389948880878 ], [ -0.127602631070987, 51.512652128592364 ], [ -0.127352768590489, 51.512665225261856 ], [ -0.122894150355954, 51.515144232980902 ], [ -0.122098187399839, 51.51462791020797 ], [ -0.121843355576517, 51.514866628040394 ], [ -0.119493134192276, 51.514505239182668 ], [ -0.118700430799348, 51.514715541694621 ], [ -0.118623920093489, 51.514963407515062 ], [ -0.114718323984361, 51.516040048570765 ], [ -0.113859251767575, 51.514820338090608 ], [ -0.111606772859888, 51.515338034176068 ], [ -0.111101484933261, 51.513825446048131 ], [ -0.111980678698157, 51.513684930379753 ], [ -0.11173861819799, 51.51319543645522 ], [ -0.112337544642187, 51.513036017609743 ], [ -0.112213941315529, 51.512888349078487 ], [ -0.112414865969901, 51.512769284350099 ], [ -0.111530447040949, 51.511642669972886 ], [ -0.11157436461154, 51.510754913874976 ], [ -0.112608593870844, 51.510767065407634 ], [ -0.115125161672435, 51.510444237420572 ], [ -0.118533331293792, 51.509501688172236 ], [ -0.119949931344895, 51.508766333949531 ], [ -0.12036272250676, 51.508295446597849 ], [ -0.120499160068706, 51.508341696571762 ], [ -0.122364404906965, 51.506015528620146 ], [ -0.123623145858818, 51.501822669568966 ], [ -0.123599248371541, 51.50065055891676 ], [ -0.123749732290507, 51.500634981467599 ], [ -0.124515490110877, 51.496055636323511 ], [ -0.124903375804077, 51.49271211395493 ], [ -0.125601028830213, 51.491332119296594 ], [ -0.126818775349581, 51.489808455322866 ], [ -0.127304199473073, 51.48952754743123 ], [ -0.128549975736661, 51.488090641819113 ], [ -0.132109449005868, 51.48590015568729 ], [ -0.134380480633564, 51.485274457649751 ], [ -0.134896862943323, 51.48518555255913 ], [ -0.134989607695724, 51.485312923399135 ], [ -0.136627993184089, 51.484941499308398 ], [ -0.139911155319516, 51.48481827067863 ], [ -0.145514103608925, 51.485630914458355 ], [ -0.148986591655329, 51.485563481407993 ], [ -0.14912534048871, 51.486227522051678 ], [ -0.149675484023303, 51.486086928144289 ], [ -0.14925519567886, 51.485866273226371 ], [ -0.149264449979415, 51.485530997742025 ], [ -0.150003791142115, 51.485484212854601 ] ] ] } },
{ "type": "Feature", "properties": { "NAME": "Camden", "GSS_CODE": "E09000007" }, "geometry": { "type": "Polygon", "coordinates": [ [ [ -0.142412312385109, 51.56927757276415 ], [ -0.14253644951083, 51.568922538491464 ], [ -0.141890160349795, 51.568317007543151 ], [ -0.141145570212895, 51.56541684547895 ], [ -0.140681602605269, 51.564552515446358 ], [ -0.140817224328269, 51.563632939720826 ], [ -0.140597464485898, 51.562547667218169 ], [ -0.141043260476845, 51.56123913703054 ], [ -0.140937758744407, 51.560217722748369 ], [ -0.137272337214249, 51.555475423136215 ], [ -0.135255925996455, 51.554587311317739 ], [ -0.134379502916064, 51.553620178211425 ], [ -0.13102707298259, 51.55151114608357 ], [ -0.130162805387611, 51.549617949599849 ], [ -0.129137549949508, 51.548838144378223 ], [ -0.127972351926854, 51.548306087737451 ], [ -0.127088595567194, 51.547453884251155 ], [ -0.125689930710926, 51.542110697071124 ], [ -0.124297571519496, 51.539813344321189 ], [ -0.123075478362041, 51.538497980142502 ], [ -0.122520934209767, 51.537361447775339 ], [ -0.122329080675854, 51.535821559680777 ], [ -0.122556070918537, 51.530725546166444 ], [ -0.11989594576237, 51.530937428852901 ], [ -0.117102892177913, 51.530282038295411 ], [ -0.116052881895106, 51.529873105858066 ], [ -0.115806973341612, 51.529543627237231 ], [ -0.115432379288469, 51.527722021030236 ], [ -0.113760358538815, 51.526633129876458 ], [ -0.112949346861219, 51.526408761383216 ], [ -0.114253379680355, 51.52551699196129 ], [ -0.113612106763089, 51.524534589265322 ], [ -0.112357875029656, 51.523699689275055 ], [ -0.109244424514375, 51.522927443571632 ], [ -0.108991225345182, 51.523019581917993 ], [ -0.108274398898882, 51.522089885876682 ], [ -0.107020507035107, 51.5221892572158 ], [ -0.106036428609141, 51.520684207625443 ], [ -0.105489475530306, 51.51913675136273 ], [ -0.105349881185242, 51.518540988934809 ], [ -0.107826604002507, 51.517765346903914 ], [ -0.111626442077031, 51.518207868793525 ], [ -0.113821029738322, 51.51825756872924 ], [ -0.113719089229357, 51.517933996769045 ], [ -0.112133271481267, 51.516199002205987 ], [ -0.111707864255634, 51.515298296069744 ], [ -0.113859251767575, 51.514820338090608 ], [ -0.114718323984361, 51.516040048570765 ], [ -0.118623920093489, 51.514963407515062 ], [ -0.118700430799348, 51.514715541694621 ], [ -0.119493134192276, 51.514505239182668 ], [ -0.121843355576517, 51.514866628040394 ], [ -0.122098187399839, 51.51462791020797 ], [ -0.122894150355954, 51.515144232980902 ], [ -0.127352768590489, 51.512665225261856 ], [ -0.127602631070987, 51.512652128592364 ], [ -0.128869466287325, 51.513389948880878 ], [ -0.129361421416048, 51.5134832250884 ], [ -0.130438374002934, 51.515938267671523 ], [ -0.13036943076308, 51.51649560385183 ], [ -0.130831772819073, 51.517101874068032 ], [ -0.132474733393643, 51.516717986398731 ], [ -0.132568888325433, 51.517164614779553 ], [ -0.133622525101204, 51.517728129774675 ], [ -0.134070379015563, 51.517561699847498 ], [ -0.135258244702754, 51.518933063696032 ], [ -0.135851754348115, 51.518694304730026 ], [ -0.136321905037879, 51.519146904830635 ], [ -0.137033115274166, 51.518884830983858 ], [ -0.138206815620245, 51.520041018226792 ], [ -0.14290110192759, 51.523877894010049 ], [ -0.143521201377233, 51.523907493385892 ], [ -0.143496428698571, 51.524622903347165 ], [ -0.14417896109557, 51.524641797057761 ], [ -0.144154773510963, 51.52399575380494 ], [ -0.145198510213709, 51.523994277657394 ], [ -0.145815556767702, 51.525270174989537 ], [ -0.14719580062818, 51.525041094332906 ], [ -0.152732394383946, 51.537519137415195 ], [ -0.154994642407223, 51.537310143379777 ], [ -0.159438119402574, 51.536361098119841 ], [ -0.16048679308017, 51.53728128793211 ], [ -0.164961033042178, 51.535779480901198 ], [ -0.168044149423604, 51.537890534169875 ], [ -0.16954284487937, 51.538597353392625 ], [ -0.170890202196697, 51.537792862711655 ], [ -0.171981215050904, 51.538382686479665 ], [ -0.17351092965994, 51.537632264228833 ], [ -0.174141436090376, 51.538199609979522 ], [ -0.173921606714031, 51.539476710867703 ], [ -0.178764605313239, 51.539784898514391 ], [ -0.180180947788537, 51.539561384312371 ], [ -0.181600618959049, 51.539145466795169 ], [ -0.184468131793717, 51.538074818085548 ], [ -0.187751178996047, 51.535033985444514 ], [ -0.188773543052145, 51.534523717896327 ], [ -0.189425550209489, 51.535061637854881 ], [ -0.191082141793444, 51.535937876491182 ], [ -0.201228955490482, 51.544603405448505 ], [ -0.206813705523656, 51.54983344063659 ], [ -0.211729925349327, 51.553530603062335 ], [ -0.213501320948187, 51.555186105649916 ], [ -0.21169768020159, 51.55615498400617 ], [ -0.210031115833014, 51.55675364210709 ], [ -0.208845105051016, 51.555731095419382 ], [ -0.205966107473671, 51.556419988962695 ], [ -0.205815225741891, 51.555305325246451 ], [ -0.200551410092558, 51.556147333785887 ], [ -0.199410001767591, 51.556192769963289 ], [ -0.199660220237539, 51.556979845807241 ], [ -0.19912619685322, 51.557717118899376 ], [ -0.198533228989398, 51.558156736113936 ], [ -0.198479123881186, 51.558759293998598 ], [ -0.197984632098176, 51.559115892043756 ], [ -0.197623228865739, 51.558879237010224 ], [ -0.196680231641082, 51.559231637028866 ], [ -0.196944542831119, 51.559880452436595 ], [ -0.196919579098599, 51.560621040738283 ], [ -0.196594625517017, 51.56073924240421 ], [ -0.19485196295031, 51.560481341582687 ], [ -0.194481776102669, 51.560758006650602 ], [ -0.193982194686401, 51.560913979622995 ], [ -0.193788777483764, 51.560843559595789 ], [ -0.192319962246858, 51.561538532455948 ], [ -0.191406473081748, 51.561581107888607 ], [ -0.190766365858879, 51.561823925751817 ], [ -0.190144566087799, 51.563495012734343 ], [ -0.189900317812213, 51.564958801572907 ], [ -0.189252091847385, 51.565513521673118 ], [ -0.188701217173808, 51.565578757099544 ], [ -0.188414965529763, 51.565810837713563 ], [ -0.187192856043472, 51.566210109444256 ], [ -0.186167547240602, 51.566920849423596 ], [ -0.183811366315181, 51.567498584644547 ], [ -0.183481790297503, 51.567766851562745 ], [ -0.183718877091754, 51.567972850104383 ], [ -0.180833771397426, 51.569436180792039 ], [ -0.180974564761743, 51.569668568383861 ], [ -0.178284553873555, 51.570036891054045 ], [ -0.178078316154592, 51.570431152566741 ], [ -0.176514277435542, 51.57006604723545 ], [ -0.175157363634427, 51.569429874220191 ], [ -0.174406861902079, 51.569253639906798 ], [ -0.17373091987152, 51.569917551240714 ], [ -0.17365181920632, 51.570775093370777 ], [ -0.173073657296425, 51.571482786964708 ], [ -0.171358438773973, 51.572403868679935 ], [ -0.169913442799655, 51.572775208873288 ], [ -0.166853587180058, 51.572967546035898 ], [ -0.16409019104416, 51.572499004619047 ], [ -0.160545556561202, 51.572795996828546 ], [ -0.158862745059871, 51.572193193028831 ], [ -0.150350712616439, 51.57157374173979 ], [ -0.148067496426565, 51.570800352152759 ], [ -0.14385538851123, 51.569912792572659 ], [ -0.142412312385109, 51.56927757276415 ] ] ] } },
{ "type": "Feature", "properties": { "NAME": "Tower Hamlets", "GSS_CODE": "E09000030" }, "geometry": { "type": "Polygon", "coordinates": [ [ [ -0.079379425911181, 51.50784278233796 ], [ -0.078721234268508, 51.50882748088727 ], [ -0.079099205011722, 51.509057587481195 ], [ -0.078882546918065, 51.509411943561346 ], [ -0.078515173123972, 51.509443694107773 ], [ -0.077789454890789, 51.510114339186863 ], [ -0.076919173214293, 51.510213378923829 ], [ -0.076895391017667, 51.510504348706199 ], [ -0.076285572398527, 51.51054380701099 ], [ -0.076082077715181, 51.51010612714299 ], [ -0.075781396598341, 51.510128172080378 ], [ -0.075584049861004, 51.50974994322263 ], [ -0.074834477233828, 51.509993930208779 ], [ -0.072990936640186, 51.510104837881627 ], [ -0.072759676297591, 51.510360024494027 ], [ -0.073664148842596, 51.514131086896356 ], [ -0.076819148431122, 51.51659197468333 ], [ -0.078146869464833, 51.518468905740441 ], [ -0.078082623795748, 51.518967840018924 ], [ -0.07942972586782, 51.51884512544067 ], [ -0.078730547167615, 51.521039551936354 ], [ -0.078236459819303, 51.521853378378182 ], [ -0.076717896739997, 51.522211571459941 ], [ -0.076453858960324, 51.522012102944956 ], [ -0.076079494911621, 51.522378255360742 ], [ -0.07571860566321, 51.52358723132761 ], [ -0.075915414953142, 51.524321555628212 ], [ -0.076443040743359, 51.524287045148739 ], [ -0.076635606014777, 51.526388168191914 ], [ -0.076315321740265, 51.527146384544196 ], [ -0.077253274894387, 51.527296651569998 ], [ -0.07563528530686, 51.528435554525672 ], [ -0.074373566496831, 51.530012826765628 ], [ -0.07226540638059, 51.530839687515702 ], [ -0.066313239712578, 51.531226417967687 ], [ -0.065140252495776, 51.533217814090968 ], [ -0.064980689653799, 51.532900442208174 ], [ -0.062238002229891, 51.533247243200606 ], [ -0.062838018045027, 51.534634815043098 ], [ -0.062850286311919, 51.534991123328062 ], [ -0.06247039131994, 51.535516309971364 ], [ -0.06170149999923, 51.535286886824053 ], [ -0.060371210132392, 51.534289204254584 ], [ -0.059063302999472, 51.534088618491033 ], [ -0.058112627956402, 51.534201478394756 ], [ -0.054703591552915, 51.535158458146611 ], [ -0.052836025431802, 51.534928736939207 ], [ -0.05239455181946, 51.535914188781938 ], [ -0.051765104309325, 51.536269734454116 ], [ -0.050956829873982, 51.536456842242472 ], [ -0.049551383858699, 51.53631118315819 ], [ -0.048428451868246, 51.535696298433912 ], [ -0.047574769239167, 51.535529218898425 ], [ -0.04692323466626, 51.535490495912022 ], [ -0.044788943790151, 51.535832630121511 ], [ -0.043970517461453, 51.536424187162126 ], [ -0.0434697377253, 51.536501265357131 ], [ -0.041437192736905, 51.53746102835153 ], [ -0.037156687025316, 51.541431652653664 ], [ -0.037762637928342, 51.541794299405232 ], [ -0.035872791902765, 51.543015340723834 ], [ -0.034537153875677, 51.543655724648595 ], [ -0.033173131435636, 51.54468589607329 ], [ -0.030950716039582, 51.543482275348175 ], [ -0.029474738503515, 51.543029444496653 ], [ -0.029006938094153, 51.542274300815116 ], [ -0.026506613020339, 51.54289951587257 ], [ -0.025762781394068, 51.543158576767198 ], [ -0.025612682811421, 51.543361081961642 ], [ -0.025348521764848, 51.543233437101165 ], [ -0.019228129236537, 51.543594273706759 ], [ -0.016571534446097, 51.543364139760435 ], [ -0.016092544392084, 51.54253951096117 ], [ -0.016515282594673, 51.541507113206187 ], [ -0.016787171271056, 51.541257219045278 ], [ -0.017751664817444, 51.540931801406508 ], [ -0.017879534008871, 51.540179481676404 ], [ -0.018916325393716, 51.539350790494616 ], [ -0.019426986702126, 51.53828389668827 ], [ -0.021089934306074, 51.537346155015712 ], [ -0.021170384131758, 51.536521990058702 ], [ -0.020867806404219, 51.536217431294546 ], [ -0.020142424816619, 51.535986669932846 ], [ -0.019346256168338, 51.53519446861506 ], [ -0.018963231408019, 51.534119677234209 ], [ -0.017987915904991, 51.533270484739042 ], [ -0.018232504895754, 51.532452691366586 ], [ -0.017443925942619, 51.531487945898753 ], [ -0.016472072553512, 51.530992208784518 ], [ -0.014578822161048, 51.530399937559046 ], [ -0.013966140558433, 51.529934538279335 ], [ -0.010928586517602, 51.529400163663432 ], [ -0.010212451420394, 51.528398827181604 ], [ -0.008726452631638, 51.527596645192261 ], [ -0.007524538627056, 51.526199460515457 ], [ -0.007548978699247, 51.525639633761458 ], [ -0.007981014060404, 51.524956336598088 ], [ -0.008153218788426, 51.523586982902934 ], [ -0.007862542220791, 51.522881518787642 ], [ -0.008339759356059, 51.522780812109644 ], [ -0.008585871770434, 51.521798497192655 ], [ -0.009316758846809, 51.521797415392342 ], [ -0.009043252160809, 51.521193862435041 ], [ -0.009118657592309, 51.51972934002643 ], [ -0.007550778639389, 51.518927548831087 ], [ -0.00666602204358, 51.518228174083731 ], [ -0.006303523534883, 51.51768335237508 ], [ -0.006226624726938, 51.516737815810451 ], [ -0.00574989499842, 51.516300760709008 ], [ -0.005318392632748, 51.516214287390383 ], [ -0.004315427213765, 51.516407653719469 ], [ -0.003436035453202, 51.517565330277868 ], [ -0.002677451083674, 51.517772734593883 ], [ 0.000060290181687, 51.516469804158881 ], [ 0.002743586164967, 51.515473489195713 ], [ 0.003271606849374, 51.51512364904432 ], [ 0.00361450759008, 51.514660963607412 ], [ 0.003444937480684, 51.514081134948512 ], [ 0.00315772842827, 51.513612126746111 ], [ 0.002647665471613, 51.513385229379082 ], [ 0.002650847360281, 51.512866297579571 ], [ 0.001868789415639, 51.511727687256197 ], [ 0.001731171598586, 51.511152706267033 ], [ 0.001396620954666, 51.511115251096477 ], [ 0.002173830333708, 51.510500374934978 ], [ 0.003601727345865, 51.510362681345711 ], [ 0.004395552161537, 51.510619796521119 ], [ 0.005029361574189, 51.511696177723728 ], [ 0.00557826577801, 51.513595039224917 ], [ 0.006166018462966, 51.513916816710882 ], [ 0.006877496082293, 51.513774250405454 ], [ 0.007215006078408, 51.513353911899991 ], [ 0.007357208001143, 51.512654545141345 ], [ 0.006544804657183, 51.511221524618648 ], [ 0.005643692691717, 51.510392525466912 ], [ 0.005599497874512, 51.509911273361261 ], [ 0.00638067554478, 51.509355652576481 ], [ 0.008730944183263, 51.508958410596449 ], [ 0.009206172705576, 51.508361248545448 ], [ 0.00906229618716, 51.507744116930084 ], [ 0.008678498058328, 51.507307351504927 ], [ 0.006811655049455, 51.50778355076848 ], [ 0.005834114882941, 51.508198650421789 ], [ 0.005614445350993, 51.508053128740379 ], [ 0.003700161380585, 51.50836912024856 ], [ 0.003429534362949, 51.507981662638933 ], [ 0.003059625457497, 51.508221791037485 ], [ 0.002856356118002, 51.508088573884251 ], [ 0.001412331641874, 51.507988228018469 ], [ -0.001743030988509, 51.50744132359425 ], [ -0.002794511983667, 51.507023989451127 ], [ -0.005358502663006, 51.50503528146379 ], [ -0.005749162973499, 51.505097679959199 ], [ -0.005520196559458, 51.504830300658028 ], [ -0.006706885455694, 51.503854987445202 ], [ -0.006587034727204, 51.503596658926618 ], [ -0.007148062958689, 51.503155660880907 ], [ -0.007681831971989, 51.501489394161325 ], [ -0.008883596077852, 51.501355130885834 ], [ -0.008984105402278, 51.501230939879292 ], [ -0.007801157731332, 51.500801682753298 ], [ -0.007653128011618, 51.500066264343744 ], [ -0.007833949781494, 51.499950632892443 ], [ -0.007644737137342, 51.499895260823237 ], [ -0.007292978364416, 51.498281392139937 ], [ -0.007005147373151, 51.498307075825686 ], [ -0.005657014207714, 51.495855230833662 ], [ -0.006215976319684, 51.495624631078996 ], [ -0.005995257650334, 51.495598396379108 ], [ -0.005394961575188, 51.49466373848545 ], [ -0.004772212627286, 51.494540735437852 ], [ -0.003270371135918, 51.492150092819188 ], [ -0.003045004280186, 51.490681344279452 ], [ -0.003253599394593, 51.489830589940446 ], [ -0.003692266689741, 51.488955874986765 ], [ -0.004308775295089, 51.488395332839708 ], [ -0.004506529326249, 51.488253915900323 ], [ -0.005195265739246, 51.488546207132018 ], [ -0.005324845384124, 51.488448592515425 ], [ -0.004668690290274, 51.488102900257289 ], [ -0.00652635027573, 51.487123717316599 ], [ -0.009838873623018, 51.486339169519248 ], [ -0.009940366344936, 51.486489271610616 ], [ -0.010287602810114, 51.486453797972118 ], [ -0.0102325974178, 51.486294593095487 ], [ -0.011063112424432, 51.486175591658828 ], [ -0.014053970855082, 51.485961900486394 ], [ -0.016406641328855, 51.486148304700066 ], [ -0.01820312080626, 51.486472742519268 ], [ -0.021397924562847, 51.487470028155904 ], [ -0.023872380216722, 51.48893979336993 ], [ -0.024952585270619, 51.489809599131995 ], [ -0.02588221082247, 51.490864806469951 ], [ -0.027424914100724, 51.493770220614337 ], [ -0.02682541445681, 51.493941786348671 ], [ -0.025514940903259, 51.493930519139347 ], [ -0.025568959786863, 51.49411397986669 ], [ -0.027710518321202, 51.494262427109078 ], [ -0.027884948660828, 51.494893948036868 ], [ -0.027485514997511, 51.497638984742217 ], [ -0.027468936228369, 51.499491193835411 ], [ -0.027750035708963, 51.499487828352819 ], [ -0.027764584228719, 51.499751557916539 ], [ -0.027463636986044, 51.499747395468447 ], [ -0.027394784902469, 51.502176053192713 ], [ -0.026997030298712, 51.503111792208607 ], [ -0.025859306620482, 51.503064768298344 ], [ -0.02579604194967, 51.503194996071706 ], [ -0.026876615730684, 51.503364258400957 ], [ -0.027221360828737, 51.503656024637657 ], [ -0.028090339058876, 51.505355862267834 ], [ -0.027674560962353, 51.50544059548951 ], [ -0.02776658676434, 51.505645377034099 ], [ -0.028143686749542, 51.505588769631331 ], [ -0.028871309970685, 51.506291636977693 ], [ -0.027936232890503, 51.506588860978376 ], [ -0.028014707135514, 51.506707084970621 ], [ -0.029079548396598, 51.506474989737832 ], [ -0.030023400026718, 51.507444068574614 ], [ -0.030414377927188, 51.507233013436732 ], [ -0.031555008614195, 51.507816901997913 ], [ -0.029913193062549, 51.508863055053126 ], [ -0.031501581097108, 51.508421210043281 ], [ -0.031597975683232, 51.508190817820811 ], [ -0.032663012451154, 51.508222177635787 ], [ -0.033247874553451, 51.508461299559336 ], [ -0.033158624884033, 51.508592893874152 ], [ -0.033391546089528, 51.508538347748001 ], [ -0.035929836099193, 51.509128535729722 ], [ -0.036126973846175, 51.509403414607078 ], [ -0.036405626987351, 51.509223731395998 ], [ -0.037476778987928, 51.509415218551759 ], [ -0.037496366970578, 51.509563025511731 ], [ -0.037896517824042, 51.509473499618636 ], [ -0.038733463816433, 51.509682638986348 ], [ -0.041444209266969, 51.509850239179663 ], [ -0.041564153989953, 51.510010512420592 ], [ -0.041749140451299, 51.509998313861338 ], [ -0.041599786951552, 51.509784493230967 ], [ -0.043838097446447, 51.509643794371605 ], [ -0.043801323463591, 51.509493004154244 ], [ -0.045045416329639, 51.50948317382602 ], [ -0.046716890925861, 51.508814095761494 ], [ -0.046886831053665, 51.508985088029831 ], [ -0.047827579784983, 51.508654535104661 ], [ -0.049119795106145, 51.507989900645626 ], [ -0.049675667569919, 51.50803241873674 ], [ -0.049398691723052, 51.507600662849242 ], [ -0.049808578286003, 51.507585897186587 ], [ -0.052351318212693, 51.506183038425355 ], [ -0.052712982474081, 51.506183648549367 ], [ -0.053048476468359, 51.505986884745361 ], [ -0.052910094970968, 51.50588656779513 ], [ -0.053843053227465, 51.505364294961559 ], [ -0.054009966367167, 51.505471379083225 ], [ -0.054202520334961, 51.505348677354149 ], [ -0.054052771709682, 51.505244576100196 ], [ -0.054857683911393, 51.504852362059928 ], [ -0.056437946408519, 51.503678047307211 ], [ -0.058494000383983, 51.50296931358821 ], [ -0.059882775911301, 51.502839422458749 ], [ -0.062633697034952, 51.503071046913803 ], [ -0.062818973562078, 51.503289030930041 ], [ -0.063173211938242, 51.503192366054755 ], [ -0.065151127004135, 51.503849102223363 ], [ -0.065221207557097, 51.503759433079473 ], [ -0.06688792761564, 51.504143924786952 ], [ -0.068006334638012, 51.504444722432801 ], [ -0.067975990809061, 51.504957700178288 ], [ -0.068457968255726, 51.504566367778814 ], [ -0.070017459177254, 51.505068650064096 ], [ -0.07128368139326, 51.505623641317221 ], [ -0.071402457142017, 51.506018571120016 ], [ -0.071569127268677, 51.505825273225248 ], [ -0.072405788201697, 51.506043159632213 ], [ -0.072653849734595, 51.505901556490649 ], [ -0.072642477487843, 51.506034460014696 ], [ -0.07339930328109, 51.50626631463485 ], [ -0.073699619250007, 51.506184019563555 ], [ -0.074596891507054, 51.506434359818655 ], [ -0.074501815194667, 51.506604557397985 ], [ -0.078581304001859, 51.507529356894757 ], [ -0.079379425911181, 51.50784278233796 ] ] ] } },
{ "type": "Feature", "properties": { "NAME": "Islington", "GSS_CODE": "E09000019" }, "geometry": { "type": "Polygon", "coordinates": [ [ [ -0.13717890734076, 51.555396604707845 ], [ -0.141005901210383, 51.560350991275854 ], [ -0.141018067080557, 51.561397004820627 ], [ -0.140597464485898, 51.562547667218169 ], [ -0.140817224328269, 51.563632939720826 ], [ -0.140681602605269, 51.564552515446358 ], [ -0.141145570212895, 51.56541684547895 ], [ -0.141890160349795, 51.568317007543151 ], [ -0.14253644951083, 51.568922538491464 ], [ -0.142415838784854, 51.569120261114797 ], [ -0.140706166096529, 51.569397127856824 ], [ -0.133112109421713, 51.573016507832101 ], [ -0.131389701606512, 51.573563709432946 ], [ -0.127496470947526, 51.574153601071032 ], [ -0.126155420078095, 51.574022486439873 ], [ -0.124880938316118, 51.574097447827626 ], [ -0.123775321909774, 51.574662485789844 ], [ -0.119539402092602, 51.575508314828191 ], [ -0.119263968160742, 51.574978741926003 ], [ -0.11889021063182, 51.574733551983869 ], [ -0.119567015529726, 51.574384701611834 ], [ -0.117585263116493, 51.574147900153882 ], [ -0.115585284820355, 51.572572695433571 ], [ -0.116127823398553, 51.572190235002999 ], [ -0.115405643287125, 51.571891779407011 ], [ -0.115606005463688, 51.571618029540012 ], [ -0.11514272920646, 51.571410057207999 ], [ -0.115043074855025, 51.570574855729831 ], [ -0.110337264620138, 51.568420110705738 ], [ -0.108614450608, 51.567375305420462 ], [ -0.104871463799707, 51.564635154857662 ], [ -0.104463582851456, 51.564832695586162 ], [ -0.104510704106443, 51.56470576362964 ], [ -0.098587622136035, 51.560837582068444 ], [ -0.096032180246932, 51.561226882665913 ], [ -0.093635304925662, 51.560514425813331 ], [ -0.091591392534001, 51.560160166954368 ], [ -0.090292553028119, 51.557793789371438 ], [ -0.090403339857758, 51.554150030578171 ], [ -0.09003741877249, 51.554138678732322 ], [ -0.089299657837322, 51.553740887545807 ], [ -0.088588488562693, 51.553947821610279 ], [ -0.087552347426946, 51.55282305901499 ], [ -0.085504396951039, 51.552161980628917 ], [ -0.08028760762988, 51.551909475160997 ], [ -0.079333268428233, 51.551588109856937 ], [ -0.078683968206359, 51.550942606069668 ], [ -0.076728901172005, 51.54811839164794 ], [ -0.076377889919828, 51.546352797746508 ], [ -0.076839387486335, 51.546079796813665 ], [ -0.08383827220685, 51.546603479834566 ], [ -0.083660629183289, 51.545064654452972 ], [ -0.086617391281391, 51.537255241931724 ], [ -0.08770128533265, 51.537025621238435 ], [ -0.093284577484524, 51.534334215048212 ], [ -0.097033608451364, 51.532982366185323 ], [ -0.095112857630283, 51.530051998315521 ], [ -0.095405319223193, 51.529193463785596 ], [ -0.088780421928473, 51.527442771438814 ], [ -0.088310233437025, 51.527069112764231 ], [ -0.087804130935792, 51.52610765317462 ], [ -0.087439912718832, 51.525957834299568 ], [ -0.086795377635246, 51.52578905436814 ], [ -0.085020669068367, 51.526203427108463 ], [ -0.084750980788938, 51.525415772460335 ], [ -0.085443392306514, 51.524511634185394 ], [ -0.085111054075244, 51.524427074669987 ], [ -0.085139331257045, 51.523924852420784 ], [ -0.084223509676264, 51.523900905437074 ], [ -0.08444129380499, 51.522489932885478 ], [ -0.085067103831414, 51.520629699050971 ], [ -0.086227409979143, 51.518808758672769 ], [ -0.090004268317469, 51.519970112460001 ], [ -0.089693459940546, 51.520715029976159 ], [ -0.092374468354482, 51.521027541204774 ], [ -0.092516763985468, 51.521485777722539 ], [ -0.093301537521459, 51.521333074503815 ], [ -0.09361532724907, 51.521585470091281 ], [ -0.094344662406742, 51.521483116374355 ], [ -0.095088625745192, 51.523137240108618 ], [ -0.096469797567737, 51.522821542912233 ], [ -0.096786275986575, 51.523321268370069 ], [ -0.09797241116561, 51.522877392385233 ], [ -0.097383667506252, 51.521854384303985 ], [ -0.09767012856106, 51.520722372890752 ], [ -0.100430083996155, 51.520108848748748 ], [ -0.105349881185242, 51.518540988934809 ], [ -0.106036428609141, 51.520684207625443 ], [ -0.107020507035107, 51.5221892572158 ], [ -0.108274398898882, 51.522089885876682 ], [ -0.108991225345182, 51.523019581917993 ], [ -0.109244424514375, 51.522927443571632 ], [ -0.112357875029656, 51.523699689275055 ], [ -0.113612106763089, 51.524534589265322 ], [ -0.114253379680355, 51.52551699196129 ], [ -0.112949346861219, 51.526408761383216 ], [ -0.113760358538815, 51.526633129876458 ], [ -0.115432379288469, 51.527722021030236 ], [ -0.115806973341612, 51.529543627237231 ], [ -0.116052881895106, 51.529873105858066 ], [ -0.117102892177913, 51.530282038295411 ], [ -0.11989594576237, 51.530937428852901 ], [ -0.122556070918537, 51.530725546166444 ], [ -0.122329080675854, 51.535821559680777 ], [ -0.122520934209767, 51.537361447775339 ], [ -0.123075478362041, 51.538497980142502 ], [ -0.124297571519496, 51.539813344321189 ], [ -0.125689930710926, 51.542110697071124 ], [ -0.127204063447898, 51.547662554441885 ], [ -0.127972351926854, 51.548306087737451 ], [ -0.129137549949508, 51.548838144378223 ], [ -0.130162805387611, 51.549617949599849 ], [ -0.13102707298259, 51.55151114608357 ], [ -0.134379502916064, 51.553620178211425 ], [ -0.135255925996455, 51.554587311317739 ], [ -0.13717890734076, 51.555396604707845 ] ] ] } },
{ "type": "Feature", "properties": { "NAME": "Hackney", "GSS_CODE": "E09000012" }, "geometry": { "type": "Polygon", "coordinates": [ [ [ -0.097798953013627, 51.573616604225379 ], [ -0.096613078165336, 51.573814992591899 ], [ -0.094710384476936, 51.573588977769639 ], [ -0.09358305324282, 51.573974430404434 ], [ -0.09138971426693, 51.574003522056039 ], [ -0.089981048209679, 51.574386162525776 ], [ -0.086872117682486, 51.574292353346053 ], [ -0.087231619543602, 51.574701077241919 ], [ -0.085853252141618, 51.57487643588928 ], [ -0.085689183190007, 51.575037422699388 ], [ -0.083611832151498, 51.575189659912475 ], [ -0.080876789624041, 51.575640447706981 ], [ -0.077545727975805, 51.57523431607715 ], [ -0.076246663920641, 51.574931561243503 ], [ -0.075784258402072, 51.575492305445579 ], [ -0.075323747462495, 51.575324686662 ], [ -0.075175503065783, 51.575554261518022 ], [ -0.074448522518759, 51.575681718241839 ], [ -0.070933977105245, 51.575690538853308 ], [ -0.066737752705318, 51.576357067931021 ], [ -0.066782902249767, 51.576619493689208 ], [ -0.061184138603307, 51.577784276026321 ], [ -0.06000451449541, 51.575423129473315 ], [ -0.058864751574909, 51.57375505290635 ], [ -0.058430836752667, 51.572524891245081 ], [ -0.056770647623417, 51.571355358807516 ], [ -0.056399178519957, 51.570794367581399 ], [ -0.055869562675444, 51.570558082931655 ], [ -0.054980278341901, 51.570499282089393 ], [ -0.054439044708305, 51.570298768442122 ], [ -0.053293902362981, 51.568662918321884 ], [ -0.050787929787222, 51.567538614247262 ], [ -0.047483502567917, 51.565183381175203 ], [ -0.04662042199687, 51.564078219780178 ], [ -0.047329117279414, 51.563027996338185 ], [ -0.047072396152467, 51.56255431257231 ], [ -0.045726325471001, 51.56225043318144 ], [ -0.045103966320549, 51.561758064637402 ], [ -0.043735022002229, 51.561719061365814 ], [ -0.042539116298214, 51.561379879963425 ], [ -0.040191552716398, 51.561787621178169 ], [ -0.0388378067709, 51.561160701117736 ], [ -0.036416522419761, 51.561504186690335 ], [ -0.035263335803189, 51.561279851201753 ], [ -0.03330798205911, 51.560621208736272 ], [ -0.032177970367202, 51.560763228694896 ], [ -0.030486226536829, 51.561317561316315 ], [ -0.02917046113138, 51.561283776789693 ], [ -0.025890887493938, 51.559922920002379 ], [ -0.025138950387962, 51.559396789445628 ], [ -0.024278200934144, 51.558485737617779 ], [ -0.023968671101731, 51.557372638558768 ], [ -0.023033951219507, 51.55727056306489 ], [ -0.018471119045216, 51.555175650864861 ], [ -0.018075611893752, 51.554086261767708 ], [ -0.01795046270858, 51.554210943139999 ], [ -0.017504257603891, 51.553392271758916 ], [ -0.017167826766949, 51.551575476741689 ], [ -0.018995692961092, 51.551601859406617 ], [ -0.018941921481898, 51.550482272112056 ], [ -0.017458791843607, 51.547537319816975 ], [ -0.016527213793381, 51.543885861161662 ], [ -0.016571534446097, 51.543364139760435 ], [ -0.019228129236537, 51.543594273706759 ], [ -0.025348521764848, 51.543233437101165 ], [ -0.025612682811421, 51.543361081961642 ], [ -0.025762781394068, 51.543158576767198 ], [ -0.026506613020339, 51.54289951587257 ], [ -0.029006938094153, 51.542274300815116 ], [ -0.029652127321496, 51.543129544083477 ], [ -0.030950716039582, 51.543482275348175 ], [ -0.032920368703897, 51.54462770252627 ], [ -0.03326302683107, 51.544674813567092 ], [ -0.034537153875677, 51.543655724648595 ], [ -0.035872791902765, 51.543015340723834 ], [ -0.037762637928342, 51.541794299405232 ], [ -0.037156687025316, 51.541431652653664 ], [ -0.041437192736905, 51.53746102835153 ], [ -0.0434697377253, 51.536501265357131 ], [ -0.043970517461453, 51.536424187162126 ], [ -0.044860664948413, 51.535807747024528 ], [ -0.04692323466626, 51.535490495912022 ], [ -0.047574769239167, 51.535529218898425 ], [ -0.048428451868246, 51.535696298433912 ], [ -0.049551383858699, 51.53631118315819 ], [ -0.050956829873982, 51.536456842242472 ], [ -0.051765104309325, 51.536269734454116 ], [ -0.05239455181946, 51.535914188781938 ], [ -0.052836025431802, 51.534928736939207 ], [ -0.054703591552915, 51.535158458146611 ], [ -0.058112627956402, 51.534201478394756 ], [ -0.059063302999472, 51.534088618491033 ], [ -0.060371210132392, 51.534289204254584 ], [ -0.06170149999923, 51.535286886824053 ], [ -0.06247039131994, 51.535516309971364 ], [ -0.062850286311919, 51.534991123328062 ], [ -0.062838018045027, 51.534634815043098 ], [ -0.062238002229891, 51.533247243200606 ], [ -0.064980689653799, 51.532900442208174 ], [ -0.065140252495776, 51.533217814090968 ], [ -0.066313239712578, 51.531226417967687 ], [ -0.071633280584345, 51.530922820116579 ], [ -0.073772958022338, 51.530340186616748 ], [ -0.07464962130034, 51.529791644917118 ], [ -0.075680325080441, 51.528393129125106 ], [ -0.077253274894387, 51.527296651569998 ], [ -0.076315321740265, 51.527146384544196 ], [ -0.076635606014777, 51.526388168191914 ], [ -0.076443040743359, 51.524287045148739 ], [ -0.075915414953142, 51.524321555628212 ], [ -0.07571860566321, 51.52358723132761 ], [ -0.076187069339959, 51.522151608552718 ], [ -0.076453858960324, 51.522012102944956 ], [ -0.076717896739997, 51.522211571459941 ], [ -0.077922818534487, 51.521941761885664 ], [ -0.078236459819303, 51.521853378378182 ], [ -0.078471456871669, 51.521510115295818 ], [ -0.081050361777234, 51.52195340363123 ], [ -0.081762266655494, 51.520757347070536 ], [ -0.083325471881766, 51.51981440269968 ], [ -0.085217864565076, 51.5203345065256 ], [ -0.084523727486273, 51.522071326580331 ], [ -0.084223509676264, 51.523900905437074 ], [ -0.085139331257045, 51.523924852420784 ], [ -0.085111054075244, 51.524427074669987 ], [ -0.085443392306514, 51.524511634185394 ], [ -0.084750980788938, 51.525415772460335 ], [ -0.085020669068367, 51.526203427108463 ], [ -0.086795377635246, 51.52578905436814 ], [ -0.087439912718832, 51.525957834299568 ], [ -0.087804130935792, 51.52610765317462 ], [ -0.088310233437025, 51.527069112764231 ], [ -0.088780421928473, 51.527442771438814 ], [ -0.095405319223193, 51.529193463785596 ], [ -0.095112857630283, 51.530051998315521 ], [ -0.097033608451364, 51.532982366185323 ], [ -0.093284577484524, 51.534334215048212 ], [ -0.08770128533265, 51.537025621238435 ], [ -0.086617391281391, 51.537255241931724 ], [ -0.083660629183289, 51.545064654452972 ], [ -0.08383827220685, 51.546603479834566 ], [ -0.076839387486335, 51.546079796813665 ], [ -0.076377889919828, 51.546352797746508 ], [ -0.076441068762141, 51.547316934180841 ], [ -0.076916247190305, 51.548429906639043 ], [ -0.078683968206359, 51.550942606069668 ], [ -0.079724828854555, 51.551812138489666 ], [ -0.083217644667406, 51.552139030755008 ], [ -0.08463244583476, 51.552041637029937 ], [ -0.085404362829022, 51.552139665423518 ], [ -0.087552347426946, 51.55282305901499 ], [ -0.088588488562693, 51.553947821610279 ], [ -0.089299657837322, 51.553740887545807 ], [ -0.09003741877249, 51.554138678732322 ], [ -0.090403339857758, 51.554150030578171 ], [ -0.090292553028119, 51.557793789371438 ], [ -0.091591392534001, 51.560160166954368 ], [ -0.093635304925662, 51.560514425813331 ], [ -0.096032180246932, 51.561226882665913 ], [ -0.098587622136035, 51.560837582068444 ], [ -0.104510704106443, 51.56470576362964 ], [ -0.100700344914418, 51.567125173134016 ], [ -0.096055345504167, 51.570654081347811 ], [ -0.096762113563391, 51.571594469959201 ], [ -0.097798953013627, 51.573616604225379 ] ] ] } },
{ "type": "Feature", "properties": { "NAME": "Haringey", "GSS_CODE": "E09000014" }, "geometry": { "type": "Polygon", "coordinates": [ [ [ -0.096613078165336, 51.573814992591899 ], [ -0.097798953013627, 51.573616604225379 ], [ -0.096762113563391, 51.571594469959201 ], [ -0.096055345504167, 51.570654081347811 ], [ -0.100700344914418, 51.567125173134016 ], [ -0.104307166220583, 51.564812183657565 ], [ -0.104871463799707, 51.564635154857662 ], [ -0.108614450608, 51.567375305420462 ], [ -0.110337264620138, 51.568420110705738 ], [ -0.115043074855025, 51.570574855729831 ], [ -0.11514272920646, 51.571410057207999 ], [ -0.115606005463688, 51.571618029540012 ], [ -0.115405643287125, 51.571891779407011 ], [ -0.116127823398553, 51.572190235002999 ], [ -0.115585284820355, 51.572572695433571 ], [ -0.117585263116493, 51.574147900153882 ], [ -0.119567015529726, 51.574384701611834 ], [ -0.11889021063182, 51.574733551983869 ], [ -0.119263968160742, 51.574978741926003 ], [ -0.119539402092602, 51.575508314828191 ], [ -0.123775321909774, 51.574662485789844 ], [ -0.124880938316118, 51.574097447827626 ], [ -0.126155420078095, 51.574022486439873 ], [ -0.127496470947526, 51.574153601071032 ], [ -0.131389701606512, 51.573563709432946 ], [ -0.133112109421713, 51.573016507832101 ], [ -0.140706166096529, 51.569397127856824 ], [ -0.142415838784854, 51.569120261114797 ], [ -0.142412312385109, 51.56927757276415 ], [ -0.14385538851123, 51.569912792572659 ], [ -0.148067496426565, 51.570800352152759 ], [ -0.150350712616439, 51.57157374173979 ], [ -0.158862745059871, 51.572193193028831 ], [ -0.160454990022676, 51.572787383210908 ], [ -0.164300783307856, 51.572501399937664 ], [ -0.167372989582378, 51.572970263304676 ], [ -0.169913442799655, 51.572775208873288 ], [ -0.171285248413341, 51.57242970528776 ], [ -0.171181501466033, 51.573612386081535 ], [ -0.169484005509421, 51.573981584268452 ], [ -0.169590966710222, 51.576348250662093 ], [ -0.169753438400867, 51.576399343623869 ], [ -0.169345605831153, 51.57742620731505 ], [ -0.168088445524399, 51.576926395815242 ], [ -0.167084278317762, 51.578210115936692 ], [ -0.167360880074723, 51.578258498510216 ], [ -0.166838378926961, 51.578654095843866 ], [ -0.167219781831403, 51.581299317704421 ], [ -0.16689605716196, 51.581955201607315 ], [ -0.16621563341894, 51.582041689141796 ], [ -0.166372342357431, 51.582164635653044 ], [ -0.1657466642461, 51.58322135457734 ], [ -0.164908046599814, 51.583543660124541 ], [ -0.165050270696682, 51.583596241295119 ], [ -0.164629430774995, 51.583938564885266 ], [ -0.163746277480931, 51.584326709334007 ], [ -0.162505975179579, 51.584515020364478 ], [ -0.161223455044493, 51.585355503917583 ], [ -0.159642929000994, 51.584460266764395 ], [ -0.157966112185831, 51.585733359675714 ], [ -0.157922033547447, 51.586216458192915 ], [ -0.157182274021539, 51.586197650702033 ], [ -0.157429992064588, 51.586568429530374 ], [ -0.158704990279451, 51.586630704436025 ], [ -0.15864053572666, 51.58797495372837 ], [ -0.160273118178203, 51.587977176769847 ], [ -0.160096214425442, 51.58810389382861 ], [ -0.160169222486412, 51.589691294096127 ], [ -0.159768213057148, 51.589719178081097 ], [ -0.159846779930339, 51.590204199919043 ], [ -0.159480803440601, 51.591579690362664 ], [ -0.158689264653948, 51.592053762390655 ], [ -0.15886396276105, 51.592374833163937 ], [ -0.159675422186478, 51.592265263532326 ], [ -0.16026578957321, 51.593840091381338 ], [ -0.160970765621559, 51.594830408958018 ], [ -0.161786521798734, 51.597476153294529 ], [ -0.156395637724776, 51.605342650168595 ], [ -0.155987209274196, 51.605443243575955 ], [ -0.156141326067235, 51.605096761023205 ], [ -0.154643739327144, 51.604136221983822 ], [ -0.153312243785169, 51.602678300903435 ], [ -0.153463559162773, 51.600870517530588 ], [ -0.153030479070048, 51.599230688686873 ], [ -0.151374587864982, 51.597445711060615 ], [ -0.147412715650321, 51.598862489992918 ], [ -0.147503069130006, 51.599019484268183 ], [ -0.144495023086385, 51.600126591173293 ], [ -0.144199343945407, 51.601110179249268 ], [ -0.143154127277861, 51.602449699706241 ], [ -0.142179544336326, 51.603224708242173 ], [ -0.142090558163865, 51.604591040659336 ], [ -0.143103464875314, 51.606346194704344 ], [ -0.143450610723495, 51.608846170160334 ], [ -0.136199630600143, 51.610808500802513 ], [ -0.135283185516768, 51.611214789193085 ], [ -0.131314392020936, 51.61033156948843 ], [ -0.128692401228945, 51.609538934561193 ], [ -0.126336477857675, 51.609301721313962 ], [ -0.125355208767461, 51.610018034548986 ], [ -0.124897529568218, 51.609944180570565 ], [ -0.12501647573991, 51.609861552135058 ], [ -0.123543282413387, 51.608706767747968 ], [ -0.1231465247578, 51.608766968160914 ], [ -0.11920309754729, 51.608363935494722 ], [ -0.11873624703996, 51.608652304086547 ], [ -0.117517243939229, 51.608200226039827 ], [ -0.117289459758208, 51.608434871364551 ], [ -0.115907096860938, 51.6083011849434 ], [ -0.115916395048741, 51.608425429366022 ], [ -0.113838368099549, 51.608350690957145 ], [ -0.110876820770116, 51.608476618031077 ], [ -0.110823522562963, 51.608612444853989 ], [ -0.110454842381233, 51.608552556035889 ], [ -0.110534878423239, 51.608364104558149 ], [ -0.109889593433625, 51.608253000533068 ], [ -0.103514776127642, 51.608427142213145 ], [ -0.102538587018533, 51.608043575892161 ], [ -0.102203965947205, 51.608414049312245 ], [ -0.101510773946444, 51.608517043360088 ], [ -0.097485539335679, 51.608521111517241 ], [ -0.097681017834612, 51.608923543417973 ], [ -0.097263410778966, 51.608894293591078 ], [ -0.09680984336657, 51.609137828955596 ], [ -0.09581239032187, 51.609297903500391 ], [ -0.095592960912369, 51.609261071610668 ], [ -0.095157534530935, 51.60865690905672 ], [ -0.093580462600118, 51.609000894237859 ], [ -0.092486422609755, 51.60884643519541 ], [ -0.092471583055748, 51.609097082859329 ], [ -0.09144312569159, 51.608790808502455 ], [ -0.090908857801438, 51.608788414857244 ], [ -0.090876647970774, 51.60890209487691 ], [ -0.085851584730362, 51.608468651700512 ], [ -0.076673077132893, 51.608410335979521 ], [ -0.070869880404106, 51.608791702140053 ], [ -0.069675201670313, 51.608662353145505 ], [ -0.068357296592264, 51.608680238938391 ], [ -0.067994714111491, 51.60881815081823 ], [ -0.067508225872859, 51.608642882521202 ], [ -0.067140366594869, 51.608938972219342 ], [ -0.066304145318587, 51.608667115430848 ], [ -0.065045285650901, 51.608587019628978 ], [ -0.054379338774232, 51.608863027890024 ], [ -0.05290996937604, 51.608505041566914 ], [ -0.052915726076638, 51.608100475486012 ], [ -0.051776192631386, 51.607899019423968 ], [ -0.050231063906678, 51.607355395752492 ], [ -0.041447834482903, 51.605634578073513 ], [ -0.043540373725183, 51.602813459972893 ], [ -0.046468785583659, 51.599788602211277 ], [ -0.05072433199231, 51.59637836174371 ], [ -0.051251525435211, 51.594957309314324 ], [ -0.052294853021528, 51.593957576961579 ], [ -0.052532903292944, 51.592442693999928 ], [ -0.053479212442646, 51.590468352520993 ], [ -0.053377482718338, 51.589606082557474 ], [ -0.052230164360508, 51.588044831312793 ], [ -0.05223272453651, 51.587579961126956 ], [ -0.054652464406036, 51.585984359972961 ], [ -0.055728659657993, 51.584275633360875 ], [ -0.057347320410044, 51.583180174863521 ], [ -0.057947510277801, 51.582441932271053 ], [ -0.060906953981251, 51.580905492259717 ], [ -0.061719083201068, 51.580272347910459 ], [ -0.062211713790806, 51.579651008291179 ], [ -0.062261295967363, 51.579231876933989 ], [ -0.061184138603307, 51.577784276026321 ], [ -0.066782902249767, 51.576619493689208 ], [ -0.066737752705318, 51.576357067931021 ], [ -0.070933977105245, 51.575690538853308 ], [ -0.074448522518759, 51.575681718241839 ], [ -0.075175503065783, 51.575554261518022 ], [ -0.075323747462495, 51.575324686662 ], [ -0.075784258402072, 51.575492305445579 ], [ -0.076246663920641, 51.574931561243503 ], [ -0.077545727975805, 51.57523431607715 ], [ -0.080876789624041, 51.575640447706981 ], [ -0.083611832151498, 51.575189659912475 ], [ -0.085689183190007, 51.575037422699388 ], [ -0.085853252141618, 51.57487643588928 ], [ -0.087231619543602, 51.574701077241919 ], [ -0.086872117682486, 51.574292353346053 ], [ -0.089981048209679, 51.574386162525776 ], [ -0.09138971426693, 51.574003522056039 ], [ -0.09358305324282, 51.573974430404434 ], [ -0.094710384476936, 51.573588977769639 ], [ -0.096613078165336, 51.573814992591899 ] ] ] } },
{ "type": "Feature", "properties": { "NAME": "Newham", "GSS_CODE": "E09000025" }, "geometry": { "type": "MultiPolygon", "coordinates": [ [ [ [ 0.075487387615787, 51.529823736627783 ], [ 0.075459137385646, 51.529868300967351 ], [ 0.075489563878422, 51.529839885061982 ], [ 0.075487387615787, 51.529823736627783 ] ] ], [ [ [ -0.007856973105881, 51.523009119839386 ], [ -0.008143266024528, 51.523418651334858 ], [ -0.007981014060404, 51.524956336598088 ], [ -0.007468422341783, 51.525998870487733 ], [ -0.008586165632241, 51.527474661349117 ], [ -0.010212451420394, 51.528398827181604 ], [ -0.010928586517602, 51.529400163663432 ], [ -0.013966140558433, 51.529934538279335 ], [ -0.014578822161048, 51.530399937559046 ], [ -0.016472072553512, 51.530992208784518 ], [ -0.017443925942619, 51.531487945898753 ], [ -0.018232504895754, 51.532452691366586 ], [ -0.017987915904991, 51.533270484739042 ], [ -0.018963231408019, 51.534119677234209 ], [ -0.019346256168338, 51.53519446861506 ], [ -0.020142424816619, 51.535986669932846 ], [ -0.020867806404219, 51.536217431294546 ], [ -0.021170384131758, 51.536521990058702 ], [ -0.021089934306074, 51.537346155015712 ], [ -0.019426986702126, 51.53828389668827 ], [ -0.018916325393716, 51.539350790494616 ], [ -0.017879534008871, 51.540179481676404 ], [ -0.017751664817444, 51.540931801406508 ], [ -0.016634948192202, 51.541375146515179 ], [ -0.016092544392084, 51.54253951096117 ], [ -0.016540244184377, 51.543188254772922 ], [ -0.016527213793381, 51.543885861161662 ], [ -0.017458791843607, 51.547537319816975 ], [ -0.018941921481898, 51.550482272112056 ], [ -0.018995692961092, 51.551601859406617 ], [ -0.017167826766949, 51.551575476741689 ], [ -0.017137154655417, 51.551385214467565 ], [ -0.016970458797066, 51.551403979175127 ], [ -0.016951307204304, 51.551579011171341 ], [ -0.013148328111306, 51.552058719949841 ], [ -0.010595225556207, 51.552619757359032 ], [ -0.009471863307215, 51.55221581926326 ], [ -0.008676123078991, 51.549925386121359 ], [ -0.006302742303323, 51.550402151896506 ], [ -0.003822304182804, 51.551148625401147 ], [ -0.003662138390461, 51.550919286073757 ], [ -0.000351290074052, 51.551719896858621 ], [ 0.003081012521039, 51.552097486320868 ], [ 0.003227956638389, 51.551896240300067 ], [ 0.003798641007115, 51.551982715447515 ], [ 0.003842790355262, 51.551805705895788 ], [ 0.004983250583697, 51.551892333746437 ], [ 0.004945800467949, 51.55212318502646 ], [ 0.005175572226066, 51.552132746979105 ], [ 0.005231282735183, 51.551825146172028 ], [ 0.005734855008398, 51.551861501013668 ], [ 0.005760674230398, 51.551235172622754 ], [ 0.005503125392186, 51.550659551040006 ], [ 0.005779544655157, 51.550647631277002 ], [ 0.009508221877825, 51.551237586664044 ], [ 0.009640257891461, 51.551582440625438 ], [ 0.010821210547211, 51.552260033437243 ], [ 0.009622309872452, 51.553433431808635 ], [ 0.011110245660478, 51.554398023497264 ], [ 0.01162132368917, 51.553917148212264 ], [ 0.014573840513749, 51.554954594502874 ], [ 0.016254270385519, 51.553222521072563 ], [ 0.016720426421023, 51.553390764454704 ], [ 0.016944910990311, 51.553182772384389 ], [ 0.019338995483691, 51.554182037446623 ], [ 0.021532207840214, 51.554878066367131 ], [ 0.020341634622658, 51.55626725509336 ], [ 0.022476459252953, 51.556164826362973 ], [ 0.022575136765347, 51.5566981875075 ], [ 0.023057606718189, 51.556875117375277 ], [ 0.023527459280087, 51.556637702016133 ], [ 0.023762411612801, 51.555528453290101 ], [ 0.02527654674948, 51.55554818732795 ], [ 0.025341814533355, 51.554062374270998 ], [ 0.027546757870561, 51.554339031133033 ], [ 0.029436386109958, 51.554336933687409 ], [ 0.032296696350188, 51.554590472328954 ], [ 0.035345579051461, 51.555254332434146 ], [ 0.046300854502311, 51.554813763371492 ], [ 0.046091801329128, 51.555298517653256 ], [ 0.044653932398919, 51.55688291515407 ], [ 0.044395896635004, 51.557562761398614 ], [ 0.042851068439433, 51.55837293212852 ], [ 0.043029119383553, 51.558450765703498 ], [ 0.04192858925767, 51.561450992760172 ], [ 0.050318453792663, 51.563988986774717 ], [ 0.051506362275737, 51.562203859727212 ], [ 0.053068295148157, 51.561549748491117 ], [ 0.053568207993875, 51.561021222747186 ], [ 0.054097564387471, 51.560858181229882 ], [ 0.054517565676482, 51.559613434551281 ], [ 0.055705442661744, 51.559337234621609 ], [ 0.056332128878178, 51.558901797611398 ], [ 0.056337718053453, 51.558577963066014 ], [ 0.056877816572473, 51.558717773848784 ], [ 0.057122936989834, 51.55810736922443 ], [ 0.058261279284702, 51.557853593969256 ], [ 0.058375454263166, 51.557538645335569 ], [ 0.059020665870798, 51.557163119494888 ], [ 0.059075162425531, 51.556964323891933 ], [ 0.059588045784578, 51.556949026277977 ], [ 0.060155703918121, 51.55642197975466 ], [ 0.063588770173683, 51.557306776049273 ], [ 0.064731772000964, 51.556328943561482 ], [ 0.064961906610988, 51.556409424470054 ], [ 0.066587919944039, 51.554727035676585 ], [ 0.066946393692777, 51.55302469668964 ], [ 0.067796230307417, 51.553060978995617 ], [ 0.068682017142949, 51.547817001325797 ], [ 0.068711278490553, 51.546331788181512 ], [ 0.068454880787008, 51.544749095023661 ], [ 0.066854988212682, 51.541747648284009 ], [ 0.066667209980077, 51.540531543915357 ], [ 0.06696574410295, 51.539609026322083 ], [ 0.068887848833443, 51.537188471932005 ], [ 0.068255950884807, 51.536990984109117 ], [ 0.068238631341556, 51.53644992728568 ], [ 0.067931572385917, 51.536197249704998 ], [ 0.068042357280867, 51.536096376553374 ], [ 0.068300147305891, 51.536248304771597 ], [ 0.0694570554025, 51.536289949478579 ], [ 0.071724438902285, 51.532905526925475 ], [ 0.071916816103548, 51.532950689704826 ], [ 0.072508557680711, 51.531185752210646 ], [ 0.072712916949291, 51.529272981991113 ], [ 0.073165718244031, 51.529370194599259 ], [ 0.073962186803797, 51.529288668545782 ], [ 0.075185371971511, 51.529523327032365 ], [ 0.07640745464591, 51.529226520949038 ], [ 0.077636367964463, 51.529175083087402 ], [ 0.078471293989434, 51.528830256762852 ], [ 0.078018103552438, 51.528629654862939 ], [ 0.077545944112382, 51.528867334170066 ], [ 0.077990816008328, 51.528473664436852 ], [ 0.078826678796879, 51.528434572433781 ], [ 0.080138244046255, 51.527508446772444 ], [ 0.083243097841978, 51.526548669394046 ], [ 0.085197050061306, 51.525612872782332 ], [ 0.086366090679476, 51.52561006874997 ], [ 0.087172154661809, 51.525897884325843 ], [ 0.087694637903966, 51.525848117980246 ], [ 0.087682075479099, 51.526014707778515 ], [ 0.088804445976479, 51.526251917827778 ], [ 0.089265444472486, 51.526150182136412 ], [ 0.089983755259684, 51.525560048751458 ], [ 0.09204937937635, 51.525617646658304 ], [ 0.092270193033879, 51.52489968156317 ], [ 0.092104467081314, 51.523988971900003 ], [ 0.090781140111847, 51.523990087521142 ], [ 0.091407756836749, 51.523822441280217 ], [ 0.091808427131546, 51.52350594447941 ], [ 0.091734900625757, 51.522625064474241 ], [ 0.093026274645442, 51.521550770223158 ], [ 0.093371263285637, 51.521026628928851 ], [ 0.094410330991724, 51.520330022294281 ], [ 0.094008125269227, 51.518255374607733 ], [ 0.094792133647426, 51.516336701263981 ], [ 0.095540083011454, 51.515643484263137 ], [ 0.096280132459911, 51.51546928760613 ], [ 0.096762742852302, 51.515150408819295 ], [ 0.096564038344751, 51.51509191095581 ], [ 0.095714195768278, 51.515448826598693 ], [ 0.094468889641212, 51.515008843810598 ], [ 0.091604469162314, 51.514713742557973 ], [ 0.090301654879175, 51.514716287244752 ], [ 0.090502285821315, 51.51428195665433 ], [ 0.088230775129903, 51.513713613717343 ], [ 0.086543746438248, 51.513097959157349 ], [ 0.083772880900369, 51.511785718071373 ], [ 0.083369876220797, 51.511544677343423 ], [ 0.08333047799133, 51.511186565280262 ], [ 0.08371766613878, 51.510986341579603 ], [ 0.081078439564723, 51.508605154845476 ], [ 0.08033576978101, 51.508404303551529 ], [ 0.078054113127045, 51.505165089688155 ], [ 0.07767239949707, 51.505009983126257 ], [ 0.077082683852741, 51.505033918935325 ], [ 0.077069496803232, 51.504839009145051 ], [ 0.07778030922269, 51.504562928471465 ], [ 0.076908842889616, 51.503809483153162 ], [ 0.076466675193068, 51.503909039874785 ], [ 0.076285210113255, 51.503816030184197 ], [ 0.076750309391415, 51.503523622481644 ], [ 0.076230456759992, 51.503308907405113 ], [ 0.075341452252131, 51.502263495686684 ], [ 0.073988899649279, 51.50211476357147 ], [ 0.074729850334853, 51.501582773062559 ], [ 0.073900868249557, 51.500588446753476 ], [ 0.073632016007159, 51.500379173035462 ], [ 0.070854616074583, 51.499501098321083 ], [ 0.070448887016245, 51.499672830599884 ], [ 0.070595872432257, 51.499450811438784 ], [ 0.069942172035301, 51.499492028578857 ], [ 0.069981714824549, 51.499283597343229 ], [ 0.068946070455751, 51.499131011571031 ], [ 0.068806520383285, 51.499358293118497 ], [ 0.068581990330926, 51.499331678696102 ], [ 0.068634267418429, 51.499086152917066 ], [ 0.060326116367699, 51.49837181373303 ], [ 0.058854203868657, 51.498384176990989 ], [ 0.049465360023781, 51.499587308780249 ], [ 0.043345801428379, 51.499963884157999 ], [ 0.038168136573469, 51.499881329574684 ], [ 0.035042648746168, 51.499582196681921 ], [ 0.034999622150335, 51.499683662000187 ], [ 0.031581476094145, 51.499185380348109 ], [ 0.031517974655426, 51.499053388037758 ], [ 0.031395997855876, 51.499161615346758 ], [ 0.028712987600334, 51.498766519543921 ], [ 0.026355586693146, 51.498630122615545 ], [ 0.024552388462181, 51.498709828875569 ], [ 0.024414936770085, 51.498306630010958 ], [ 0.023662417598925, 51.498394258365046 ], [ 0.023633782020203, 51.498983775861007 ], [ 0.022453600348625, 51.499174997777224 ], [ 0.022324002026299, 51.498948817749891 ], [ 0.02060548540707, 51.499314769713791 ], [ 0.017791107407511, 51.50057544800196 ], [ 0.016030016919717, 51.501807163366863 ], [ 0.015501597209559, 51.502599511352336 ], [ 0.015181245032198, 51.502490809393393 ], [ 0.014602037589854, 51.503014244665891 ], [ 0.014873320385573, 51.503219113987555 ], [ 0.014516613027134, 51.50310294139836 ], [ 0.013825333036486, 51.503699340212322 ], [ 0.013107704880463, 51.504417588557963 ], [ 0.013411546291779, 51.504903373882506 ], [ 0.012043115602149, 51.505241604582778 ], [ 0.010002865574299, 51.50655535273615 ], [ 0.009896789480678, 51.50679727571859 ], [ 0.009732945630713, 51.506741631121351 ], [ 0.009618985837052, 51.507066421721099 ], [ 0.010517854730122, 51.508564485608893 ], [ 0.009391716403715, 51.509401221773082 ], [ 0.006528391024505, 51.510060849780089 ], [ 0.0079800459609, 51.511938856527244 ], [ 0.008199187038726, 51.512596066678611 ], [ 0.008152478058162, 51.513238044854063 ], [ 0.007251632450216, 51.514318199802346 ], [ 0.006356418962229, 51.514576320162774 ], [ 0.005220242280929, 51.514172196241283 ], [ 0.004195637503459, 51.513222997047968 ], [ 0.004072324731795, 51.511726923824767 ], [ 0.003726994999308, 51.511017006940975 ], [ 0.002676966741475, 51.510865879802104 ], [ 0.002689816296269, 51.511520327463501 ], [ 0.003553542800034, 51.512713291902038 ], [ 0.004485786909953, 51.514579529846117 ], [ 0.003958168759523, 51.515332240599193 ], [ 0.002929474156526, 51.515932538228292 ], [ -0.001700223860004, 51.517936841295203 ], [ -0.002643011378613, 51.518559905434287 ], [ -0.002420771254769, 51.518203608104358 ], [ -0.004024641557636, 51.517981817081861 ], [ -0.004876728708039, 51.516954065357304 ], [ -0.005163316863962, 51.516926566559761 ], [ -0.005502771000827, 51.517734485065596 ], [ -0.006419177397245, 51.518797710192331 ], [ -0.008560860600812, 51.520058893508448 ], [ -0.008635372868327, 51.520829030485963 ], [ -0.007206659867527, 51.522881168205181 ], [ -0.007099813321067, 51.524436879919364 ], [ -0.0063590556527, 51.525917071247314 ], [ -0.002086456147287, 51.527027804896136 ], [ -0.001500447504653, 51.527438677887453 ], [ 0.000670288743692, 51.528283851541268 ], [ 0.000865174141689, 51.529210367666238 ], [ 0.001789319742401, 51.530327674057368 ], [ 0.001473287347979, 51.530452669304601 ], [ 0.001236144661076, 51.53102864812157 ], [ 0.000729872006253, 51.53066229108957 ], [ -0.000768625381263, 51.528150115159235 ], [ -0.001413126174767, 51.52791829694646 ], [ -0.002324409353816, 51.527157754924161 ], [ -0.003666736917898, 51.526891045486018 ], [ -0.003828812571495, 51.527107828959814 ], [ -0.004062503430367, 51.527104611669543 ], [ -0.0045496087538, 51.526548161082339 ], [ -0.005955852862888, 51.526236650449455 ], [ -0.006589276312792, 51.526356228257676 ], [ -0.006964545153428, 51.527105397981785 ], [ -0.007384790404256, 51.527055884248924 ], [ -0.007470122895168, 51.527214705155792 ], [ -0.007951558585747, 51.527216587650642 ], [ -0.00687367743701, 51.525950996584243 ], [ -0.007660690068851, 51.524533637092617 ], [ -0.007658415799067, 51.523264735582522 ], [ -0.007848088191329, 51.523278748447787 ], [ -0.007856973105881, 51.523009119839386 ] ] ] ] } },
{ "type": "Feature", "properties": { "NAME": "Barking and Dagenham", "GSS_CODE": "E09000002" }, "geometry": { "type": "MultiPolygon", "coordinates": [ [ [ [ 0.07526932379252, 51.529942702204274 ], [ 0.072712916949291, 51.529272981991113 ], [ 0.072508557680711, 51.531185752210646 ], [ 0.071916816103548, 51.532950689704826 ], [ 0.071724438902285, 51.532905526925475 ], [ 0.0694570554025, 51.536289949478579 ], [ 0.068300147305891, 51.536248304771597 ], [ 0.068042357280867, 51.536096376553374 ], [ 0.067931572385917, 51.536197249704998 ], [ 0.068238631341556, 51.53644992728568 ], [ 0.068255950884807, 51.536990984109117 ], [ 0.068887848833443, 51.537188471932005 ], [ 0.06696574410295, 51.539609026322083 ], [ 0.066649049726473, 51.540862795969801 ], [ 0.067048528058609, 51.542167795103659 ], [ 0.068327194595032, 51.54441411952309 ], [ 0.069367071650365, 51.544128696303481 ], [ 0.069001066722997, 51.543627063678187 ], [ 0.069008499771378, 51.542678200617871 ], [ 0.068592920056617, 51.542132477490838 ], [ 0.069095100993555, 51.541376325584373 ], [ 0.068503283151337, 51.540919141466716 ], [ 0.069415398229677, 51.540298742850062 ], [ 0.069067732852161, 51.539374128731644 ], [ 0.069125832259231, 51.538811058563887 ], [ 0.069348046525825, 51.538655161556392 ], [ 0.07014328390168, 51.538669906567335 ], [ 0.070481974724631, 51.538475081546331 ], [ 0.07102902899698, 51.537152485670809 ], [ 0.07291981489157, 51.534525582234025 ], [ 0.072663417531664, 51.534055296613062 ], [ 0.073018962473621, 51.533692901094788 ], [ 0.072886567926174, 51.53350819192827 ], [ 0.074230401864136, 51.532524910274113 ], [ 0.075357005770935, 51.531173156876157 ], [ 0.075676392938579, 51.52969988922839 ], [ 0.07526932379252, 51.529942702204274 ] ] ], [ [ [ 0.069714518892887, 51.544062315366588 ], [ 0.071787648699979, 51.543568889158131 ], [ 0.071938737377063, 51.543815319050765 ], [ 0.073220458609157, 51.543774687991331 ], [ 0.075541821017942, 51.544015110535668 ], [ 0.076794829025018, 51.544610734342911 ], [ 0.077034272995564, 51.544389770231206 ], [ 0.077473952344778, 51.544575328095796 ], [ 0.077909378214153, 51.544034347109893 ], [ 0.078230546917062, 51.544277756259383 ], [ 0.081399149959566, 51.545131642228263 ], [ 0.081708411579696, 51.545334785949933 ], [ 0.081652328054117, 51.545591174804677 ], [ 0.082154190198342, 51.545653310638748 ], [ 0.085989099295574, 51.547385525954255 ], [ 0.090390838944804, 51.547946555327421 ], [ 0.090845802011267, 51.548211826568881 ], [ 0.091490999293877, 51.548284856991344 ], [ 0.091686006316186, 51.549108712323019 ], [ 0.092596594638764, 51.549652720471279 ], [ 0.092238167071352, 51.548631243183344 ], [ 0.093232475734458, 51.546097335086927 ], [ 0.093502272195427, 51.545847917781352 ], [ 0.097492682315587, 51.547313496853917 ], [ 0.099739179825286, 51.548427077744492 ], [ 0.104225149128817, 51.549807120392963 ], [ 0.106182294066289, 51.550958143015968 ], [ 0.107384990854311, 51.551981502388195 ], [ 0.108269850693825, 51.552057329631829 ], [ 0.108401932013575, 51.552698837379914 ], [ 0.111105237564989, 51.552482056393821 ], [ 0.111911262162108, 51.552661792408053 ], [ 0.112353871881075, 51.552999145620433 ], [ 0.112358863988945, 51.55351164320134 ], [ 0.114727983456976, 51.555325966358055 ], [ 0.114160233116436, 51.555619471303054 ], [ 0.114104704287078, 51.555821909846401 ], [ 0.112724724811587, 51.55651942829622 ], [ 0.11314018350204, 51.55683028931233 ], [ 0.113328691286749, 51.55731789832987 ], [ 0.11715216410158, 51.556892847023001 ], [ 0.117133314170597, 51.557387789201485 ], [ 0.118937664084231, 51.557348019246248 ], [ 0.120487754192208, 51.558541229486515 ], [ 0.117479780701496, 51.559163002530539 ], [ 0.119751068642077, 51.562492473341933 ], [ 0.11887335967978, 51.562730449534811 ], [ 0.119033186628282, 51.563064791339158 ], [ 0.124730342802349, 51.564197358598044 ], [ 0.12664956319768, 51.56528398352156 ], [ 0.127621664659339, 51.566140455729432 ], [ 0.128451898459467, 51.56643025170375 ], [ 0.129302524933837, 51.566476867044159 ], [ 0.129729932618348, 51.567718204680588 ], [ 0.129615277209314, 51.568630353742819 ], [ 0.130457759538757, 51.570322784757344 ], [ 0.130386737873119, 51.570686482716255 ], [ 0.129989333959853, 51.570798013910142 ], [ 0.129902744220596, 51.57153879085314 ], [ 0.13155856465033, 51.571828863183356 ], [ 0.13088684523979, 51.573357244087077 ], [ 0.130074276129065, 51.573077935323468 ], [ 0.129418477949518, 51.573960338078372 ], [ 0.129172379466702, 51.576321805420108 ], [ 0.131611196170539, 51.577086872907394 ], [ 0.131075610572481, 51.578688319148462 ], [ 0.130854631904685, 51.579086214946784 ], [ 0.130682823052612, 51.579054263158028 ], [ 0.130799672368291, 51.579361491952596 ], [ 0.133532596639939, 51.579961108151622 ], [ 0.133462389198449, 51.580218678211288 ], [ 0.132535009813644, 51.581312868106856 ], [ 0.127754680135046, 51.581627165403923 ], [ 0.128057453942008, 51.582855479294395 ], [ 0.127630852104671, 51.583889287173548 ], [ 0.127220125253413, 51.583934503228974 ], [ 0.127356042847589, 51.58443383413924 ], [ 0.12637461618164, 51.586724986952468 ], [ 0.131003839013078, 51.58751960136258 ], [ 0.129555966027942, 51.590052162055564 ], [ 0.137560286580326, 51.593876028459377 ], [ 0.146563321370026, 51.599436476202577 ], [ 0.148179760360218, 51.598959959036016 ], [ 0.147657586198146, 51.596798666375918 ], [ 0.148152801366085, 51.596767120614786 ], [ 0.148059637180926, 51.596353360793671 ], [ 0.149814872016599, 51.597075711408607 ], [ 0.151130829262529, 51.59543739692915 ], [ 0.150572250746502, 51.591284886124711 ], [ 0.151081457976888, 51.590114587177929 ], [ 0.151199243001715, 51.589124123043177 ], [ 0.150928294667895, 51.58375501069338 ], [ 0.15062562657028, 51.583061819937015 ], [ 0.1496597674555, 51.582354700930495 ], [ 0.148383225362378, 51.580752187025283 ], [ 0.147448327319206, 51.58079178267262 ], [ 0.147032234070548, 51.576374052560716 ], [ 0.146983595154747, 51.575678901545224 ], [ 0.148035946697094, 51.575775647486886 ], [ 0.148111022457433, 51.575623194329381 ], [ 0.147896172450409, 51.573117242249701 ], [ 0.14896089165934, 51.573232637977547 ], [ 0.149290313649142, 51.570273372772448 ], [ 0.149658913347983, 51.570102951138267 ], [ 0.149752298248306, 51.569696564561667 ], [ 0.146642272161823, 51.569415378847026 ], [ 0.146760467107242, 51.568769332706445 ], [ 0.147112514025418, 51.568768286309442 ], [ 0.147371326047915, 51.56856480903658 ], [ 0.148749142670535, 51.568620518372235 ], [ 0.149329975598759, 51.568116175085265 ], [ 0.149864950400038, 51.568077596501958 ], [ 0.150359344007846, 51.567821234379387 ], [ 0.15083651753764, 51.567781012875322 ], [ 0.151136190509056, 51.568015626403472 ], [ 0.151436582167649, 51.567990334236214 ], [ 0.155217767123303, 51.565469498386932 ], [ 0.156316811886452, 51.565032936851516 ], [ 0.159767941696349, 51.563078267796904 ], [ 0.160677407371019, 51.562084002776331 ], [ 0.161869583698205, 51.561606104398528 ], [ 0.166340538406891, 51.563270037078908 ], [ 0.168597012422039, 51.563600651792854 ], [ 0.17122796658272, 51.564613143904985 ], [ 0.172853875924256, 51.564880704851824 ], [ 0.173388027413581, 51.565098329367018 ], [ 0.176272798571962, 51.56471391679429 ], [ 0.178632635924864, 51.564939903517747 ], [ 0.183480560860665, 51.564633949374425 ], [ 0.185153090166513, 51.565511086669297 ], [ 0.185146700935773, 51.56474591464967 ], [ 0.183983466975773, 51.563867391108992 ], [ 0.182618766131036, 51.561311841901443 ], [ 0.183580107397629, 51.560568229899403 ], [ 0.184539840055388, 51.560213130786359 ], [ 0.184766393411983, 51.559852795036008 ], [ 0.184803122927314, 51.558963617330356 ], [ 0.184401575699212, 51.557960298319941 ], [ 0.184407696186263, 51.557636441659746 ], [ 0.185019172144299, 51.556819294440551 ], [ 0.18474209233369, 51.556426071450112 ], [ 0.185870318530022, 51.556337608220318 ], [ 0.186454609568679, 51.555886968922813 ], [ 0.186891044235143, 51.55578261022459 ], [ 0.187573801686187, 51.555129588767926 ], [ 0.187707534515412, 51.554850114763944 ], [ 0.187531857371847, 51.55452605068092 ], [ 0.188038590764503, 51.554353829487837 ], [ 0.18788402136773, 51.554078832947795 ], [ 0.18850651680961, 51.553854090556904 ], [ 0.188613528820082, 51.553619178933729 ], [ 0.189665747056899, 51.553121122690762 ], [ 0.19018987680417, 51.552650903378364 ], [ 0.189581292101172, 51.551452723697572 ], [ 0.189205885269853, 51.551385089425168 ], [ 0.187461202336857, 51.550197304200616 ], [ 0.186347894768503, 51.547946461198222 ], [ 0.185784305673444, 51.547232139067937 ], [ 0.184927361552508, 51.54698731079489 ], [ 0.182564656903341, 51.545838841725192 ], [ 0.180364616144234, 51.544108161701722 ], [ 0.179809012816765, 51.543195819923881 ], [ 0.179658982410058, 51.541354170923789 ], [ 0.179246641363557, 51.540330350476857 ], [ 0.178117195367731, 51.539569848732484 ], [ 0.177256714958272, 51.539488701222155 ], [ 0.175007182029498, 51.538493558324298 ], [ 0.173919445375288, 51.537607242463011 ], [ 0.172354562873001, 51.535602948729803 ], [ 0.171917531993194, 51.53478279916424 ], [ 0.171908954896929, 51.534269465309407 ], [ 0.170762249453095, 51.532625214650949 ], [ 0.168481756979015, 51.530938071069293 ], [ 0.167974902364118, 51.530739705740501 ], [ 0.16746141612575, 51.52997670879779 ], [ 0.166817781737601, 51.529690937483075 ], [ 0.166446900419171, 51.529076381692697 ], [ 0.165450296117403, 51.528431112657962 ], [ 0.165113996992228, 51.52775476273996 ], [ 0.164443730485486, 51.527058496257347 ], [ 0.164476698528572, 51.526780907548094 ], [ 0.163982817264648, 51.526064296716157 ], [ 0.164017724421316, 51.525584332809018 ], [ 0.162939422861744, 51.523882089681223 ], [ 0.162237423464822, 51.522209770420268 ], [ 0.162238066775437, 51.521310471512471 ], [ 0.159491323404131, 51.515477044405038 ], [ 0.158936857936214, 51.513840657568132 ], [ 0.15869287418102, 51.51218596308874 ], [ 0.158262925660782, 51.511962759727133 ], [ 0.155958140605777, 51.512201199286238 ], [ 0.155660540808495, 51.51233886536 ], [ 0.154875194325122, 51.512280456582531 ], [ 0.151367762572401, 51.51281158355139 ], [ 0.147468636714476, 51.513841687752496 ], [ 0.146687764467505, 51.514123971482924 ], [ 0.146483377850736, 51.51434444051533 ], [ 0.145943153844568, 51.514288679239563 ], [ 0.145143369927846, 51.514598277172325 ], [ 0.145246904993418, 51.514746564006636 ], [ 0.145796948122438, 51.514581823835066 ], [ 0.145802493055466, 51.514914458120977 ], [ 0.145508218058048, 51.515154555767502 ], [ 0.144325989567307, 51.515454057630009 ], [ 0.143883020405536, 51.514829958625995 ], [ 0.14356127835171, 51.515129906281658 ], [ 0.140166354822581, 51.516838500640894 ], [ 0.140322658994142, 51.51697503729487 ], [ 0.139492504058822, 51.517438028624198 ], [ 0.136317629357649, 51.518465333363565 ], [ 0.133922766540517, 51.518790409089902 ], [ 0.133133095403071, 51.519042185622965 ], [ 0.132329236900524, 51.518774428886729 ], [ 0.130180827325679, 51.519161493590829 ], [ 0.127146742249604, 51.519443182666826 ], [ 0.122442382675101, 51.518989743068651 ], [ 0.120595076367192, 51.518413446627314 ], [ 0.119161431605565, 51.518146194621266 ], [ 0.117032845347286, 51.517035355711123 ], [ 0.116754494226229, 51.517062862058651 ], [ 0.114342175888972, 51.516016448197142 ], [ 0.114448290675981, 51.515693491541079 ], [ 0.10904721450962, 51.514249378562958 ], [ 0.10668061137537, 51.513936698993106 ], [ 0.104522744284988, 51.514086952796717 ], [ 0.101928342696282, 51.514554343907626 ], [ 0.101340371109827, 51.514399413050114 ], [ 0.099345778709725, 51.514810134572663 ], [ 0.09556841369705, 51.516982903773751 ], [ 0.095303928119912, 51.517532592349887 ], [ 0.095256004087325, 51.518875172397827 ], [ 0.09549317702579, 51.519111941672271 ], [ 0.095399988722314, 51.519656770919859 ], [ 0.095790641699987, 51.520096732153092 ], [ 0.095669546133925, 51.520567420121715 ], [ 0.095416998714148, 51.520561141169409 ], [ 0.092804683094108, 51.522628462300098 ], [ 0.093090104198472, 51.525111670300547 ], [ 0.092786212010872, 51.525903960878495 ], [ 0.092031021284485, 51.526663833541512 ], [ 0.09175881082022, 51.526732537216802 ], [ 0.091432916755198, 51.526227559448721 ], [ 0.090482280045965, 51.526088932019306 ], [ 0.08968074839674, 51.526656270664496 ], [ 0.088832083423682, 51.526855739617247 ], [ 0.086505480664155, 51.526167838437139 ], [ 0.085636385048515, 51.52607808067981 ], [ 0.083082395254243, 51.527228678443826 ], [ 0.080632348554138, 51.527879177076017 ], [ 0.078090378639879, 51.529710202235464 ], [ 0.076829635535093, 51.529759510534639 ], [ 0.076339576738028, 51.529921063406988 ], [ 0.07545610569323, 51.531988843804328 ], [ 0.073942863074787, 51.533272795044589 ], [ 0.07437315668919, 51.533825433796203 ], [ 0.073970567051587, 51.534199456589413 ], [ 0.073662496205218, 51.534083501341463 ], [ 0.073426278748478, 51.53424774787058 ], [ 0.073328034659719, 51.534655956186121 ], [ 0.072586795480914, 51.535383978337592 ], [ 0.0712833282562, 51.537322454501457 ], [ 0.070427399761232, 51.539115427772686 ], [ 0.070320826714798, 51.538896087695313 ], [ 0.069627809191828, 51.538782418929451 ], [ 0.069497596770594, 51.538868348637152 ], [ 0.069454575795673, 51.539509389711476 ], [ 0.069906076699281, 51.540910583448444 ], [ 0.068941957402146, 51.542069667780609 ], [ 0.069391664179698, 51.542541047350774 ], [ 0.069338301077085, 51.543558166144763 ], [ 0.069714518892887, 51.544062315366588 ] ] ] ] } },
{ "type": "Feature", "properties": { "NAME": "City of London", "GSS_CODE": "E09000001" }, "geometry": { "type": "Polygon", "coordinates": [ [ [ -0.11157436461154, 51.510754913874976 ], [ -0.111530447040949, 51.511642669972886 ], [ -0.112414865969901, 51.512769284350099 ], [ -0.112213941315529, 51.512888349078487 ], [ -0.112337544642187, 51.513036017609743 ], [ -0.11173861819799, 51.51319543645522 ], [ -0.111980678698157, 51.513684930379753 ], [ -0.111101484933261, 51.513825446048131 ], [ -0.111137713732737, 51.513960018342459 ], [ -0.111868719047571, 51.515799971414218 ], [ -0.113821029738322, 51.51825756872924 ], [ -0.111626442077031, 51.518207868793525 ], [ -0.107826604002507, 51.517765346903914 ], [ -0.100430083996155, 51.520108848748748 ], [ -0.09767012856106, 51.520722372890752 ], [ -0.097383667506252, 51.521854384303985 ], [ -0.09797241116561, 51.522877392385233 ], [ -0.096786275986575, 51.523321268370069 ], [ -0.096469797567737, 51.522821542912233 ], [ -0.095088625745192, 51.523137240108618 ], [ -0.094344662406742, 51.521483116374355 ], [ -0.09361532724907, 51.521585470091281 ], [ -0.093301537521459, 51.521333074503815 ], [ -0.092516763985468, 51.521485777722539 ], [ -0.092374468354482, 51.521027541204774 ], [ -0.089693459940546, 51.520715029976159 ], [ -0.090004268317469, 51.519970112460001 ], [ -0.086227409979143, 51.518808758672769 ], [ -0.085217864565076, 51.5203345065256 ], [ -0.083325471881766, 51.51981440269968 ], [ -0.081762266655494, 51.520757347070536 ], [ -0.081050361777234, 51.52195340363123 ], [ -0.078471456871669, 51.521510115295818 ], [ -0.07942972586782, 51.51884512544067 ], [ -0.078082623795748, 51.518967840018924 ], [ -0.078146869464833, 51.518468905740441 ], [ -0.076819148431122, 51.51659197468333 ], [ -0.073664148842596, 51.514131086896356 ], [ -0.072749283837416, 51.510640422507556 ], [ -0.072990936640186, 51.510104837881627 ], [ -0.074834477233828, 51.509993930208779 ], [ -0.075584049861004, 51.50974994322263 ], [ -0.075781396598341, 51.510128172080378 ], [ -0.076082077715181, 51.51010612714299 ], [ -0.076285572398527, 51.51054380701099 ], [ -0.076895391017667, 51.510504348706199 ], [ -0.076919173214293, 51.510213378923829 ], [ -0.077789454890789, 51.510114339186863 ], [ -0.078515173123972, 51.509443694107773 ], [ -0.078882546918065, 51.509411943561346 ], [ -0.079099205011722, 51.509057587481195 ], [ -0.078721234268508, 51.50882748088727 ], [ -0.079443653352391, 51.507788979363596 ], [ -0.08153098845837, 51.508389675295845 ], [ -0.083606501761113, 51.508552201908671 ], [ -0.083686770778305, 51.508390747809479 ], [ -0.086654879546624, 51.508711682776898 ], [ -0.087940159823726, 51.508990730865975 ], [ -0.090060008925232, 51.508990200898566 ], [ -0.095322669360181, 51.510134210260418 ], [ -0.095240059087946, 51.510560015384634 ], [ -0.095661632730913, 51.51054168208352 ], [ -0.095807969854881, 51.510246404264109 ], [ -0.096149529369577, 51.51021148274544 ], [ -0.097774953569721, 51.510595760768723 ], [ -0.099711123624773, 51.51075124483561 ], [ -0.11157436461154, 51.510754913874976 ] ] ] } },
{ "type": "Feature", "properties": { "NAME": "Hounslow", "GSS_CODE": "E09000018" }, "geometry": { "type": "Polygon", "coordinates": [ [ [ -0.244562352529746, 51.488702170634419 ], [ -0.245622737802825, 51.488320573743273 ], [ -0.24749207102923, 51.487276627471033 ], [ -0.247698469031473, 51.487303092067336 ], [ -0.249733482285383, 51.485691466311337 ], [ -0.249519429001432, 51.485564175837325 ], [ -0.250700457887976, 51.483795903933256 ], [ -0.251466178613326, 51.481926108472322 ], [ -0.251310264922079, 51.478245879697305 ], [ -0.252496982682709, 51.475417465898715 ], [ -0.254324738321498, 51.473143526692418 ], [ -0.255185537257096, 51.472773261098453 ], [ -0.255234814303143, 51.472576160756851 ], [ -0.257939030187921, 51.471666767300349 ], [ -0.260586108350978, 51.471310398150884 ], [ -0.262439432614383, 51.471342372841264 ], [ -0.264636495683854, 51.471612309897225 ], [ -0.266517814411755, 51.47219766846397 ], [ -0.268981750786082, 51.473445347949323 ], [ -0.270635176687955, 51.474615379150976 ], [ -0.271313590122988, 51.475219781342233 ], [ -0.27121051527615, 51.475318077530737 ], [ -0.271498691420823, 51.475313333439779 ], [ -0.271730836141266, 51.475495704280462 ], [ -0.272885429217534, 51.47672309472015 ], [ -0.273822539958953, 51.478105538314765 ], [ -0.27549327878989, 51.481496877136024 ], [ -0.276938914371108, 51.483339088673318 ], [ -0.278081828648703, 51.484235332849416 ], [ -0.28142505961137, 51.486179072627948 ], [ -0.283594294151029, 51.486905054627414 ], [ -0.28647176495549, 51.487528941874523 ], [ -0.28719624196794, 51.487837173246575 ], [ -0.287216506411018, 51.487642334546194 ], [ -0.288377729650337, 51.487750111805681 ], [ -0.291960057532325, 51.487554152771409 ], [ -0.292754484152054, 51.487456013760188 ], [ -0.295506397060423, 51.486622884424754 ], [ -0.298986727901259, 51.485255321164622 ], [ -0.300462374481014, 51.483955736895638 ], [ -0.299992949904805, 51.484146764943809 ], [ -0.299588793770577, 51.483551005626815 ], [ -0.299781533020105, 51.483286726712592 ], [ -0.300534771525109, 51.483790427206905 ], [ -0.301192319272606, 51.483536478085313 ], [ -0.301078024150333, 51.483434107721699 ], [ -0.300517651113351, 51.483592346892515 ], [ -0.300162489660358, 51.483344405183189 ], [ -0.300229632741426, 51.48320419815532 ], [ -0.304270650357071, 51.482395837496952 ], [ -0.304159351520259, 51.482212582128767 ], [ -0.300561182570447, 51.482847509991572 ], [ -0.300108252705475, 51.482711455082004 ], [ -0.300558717778241, 51.482100207948385 ], [ -0.300879565002002, 51.481992452563389 ], [ -0.300769790013253, 51.481846084705701 ], [ -0.303565185003045, 51.47990553754483 ], [ -0.304003808728139, 51.479844439338123 ], [ -0.304144862810229, 51.479613576804987 ], [ -0.304482639255346, 51.479825285767994 ], [ -0.304336461956056, 51.479611851321032 ], [ -0.304503384305214, 51.479149359143037 ], [ -0.305250244476687, 51.478309476759812 ], [ -0.305624096614695, 51.478324770864916 ], [ -0.305430162394202, 51.478156508785865 ], [ -0.306066667531755, 51.477145969773481 ], [ -0.306981008035704, 51.476253642182101 ], [ -0.307630148397282, 51.475872743510067 ], [ -0.30824699752981, 51.475702696249762 ], [ -0.309640329526203, 51.474861320306971 ], [ -0.311721447078231, 51.474071197466564 ], [ -0.312087571350591, 51.473787813033859 ], [ -0.318793537089248, 51.471588399261087 ], [ -0.320202972646499, 51.471319044514104 ], [ -0.321501126753137, 51.470511235540044 ], [ -0.322060703159839, 51.470603772640629 ], [ -0.322145247705968, 51.470497074006772 ], [ -0.321578992662841, 51.470429620339701 ], [ -0.322384447100203, 51.468961002780809 ], [ -0.321879845051323, 51.467959225808862 ], [ -0.321997467321689, 51.466244264925244 ], [ -0.321734491492415, 51.465406907926706 ], [ -0.323230341341626, 51.465405827986899 ], [ -0.323845902844704, 51.465147555698216 ], [ -0.324876259752327, 51.464294516303454 ], [ -0.326669691583327, 51.461745607678097 ], [ -0.326883558373692, 51.461172248337974 ], [ -0.326362692341344, 51.460811414038332 ], [ -0.326722968688605, 51.45997397030542 ], [ -0.326237560840466, 51.459785395797816 ], [ -0.326463954194429, 51.459341706169425 ], [ -0.326001991814679, 51.458866608311013 ], [ -0.326156663482663, 51.458652100158744 ], [ -0.325570244775499, 51.458116773150131 ], [ -0.32573949990001, 51.457897078367665 ], [ -0.326168602530183, 51.457814180572598 ], [ -0.326910774461644, 51.457042436424196 ], [ -0.327268617691969, 51.456979200223017 ], [ -0.328411936663961, 51.457952295773943 ], [ -0.329055212167685, 51.45803520281121 ], [ -0.330367799486045, 51.457882147594539 ], [ -0.33141569949801, 51.457290080008185 ], [ -0.332344087288618, 51.456382469278317 ], [ -0.332470947787554, 51.455863614910605 ], [ -0.333030199829066, 51.455407560932727 ], [ -0.333632032100982, 51.455244361831681 ], [ -0.333709511917034, 51.45548825724552 ], [ -0.336293121797482, 51.455686810401062 ], [ -0.336983518022628, 51.45463100869005 ], [ -0.337561641531119, 51.454842435284824 ], [ -0.337950845852856, 51.455420767604032 ], [ -0.337736987579489, 51.45548338007756 ], [ -0.33855510867101, 51.456101961618252 ], [ -0.338973012520648, 51.455890267496144 ], [ -0.34063049491668, 51.457258097071502 ], [ -0.340724744166737, 51.457953641779447 ], [ -0.340134004411169, 51.459239281790424 ], [ -0.341723863944066, 51.459021682450349 ], [ -0.342679680649349, 51.458107185004152 ], [ -0.34505433068752, 51.457919515366356 ], [ -0.346040887043373, 51.457267102482788 ], [ -0.348704625122403, 51.456765107305309 ], [ -0.352839376640174, 51.45686193574501 ], [ -0.352841998182339, 51.457388924685496 ], [ -0.353461170237102, 51.45818265424041 ], [ -0.356431330998654, 51.458405973082066 ], [ -0.359817810282076, 51.458219594645463 ], [ -0.362867456881114, 51.457670520380901 ], [ -0.364441981880738, 51.4575953777615 ], [ -0.365063594071538, 51.457802778207565 ], [ -0.367828946804347, 51.457433054359129 ], [ -0.368460835760868, 51.456868137688552 ], [ -0.372463264809042, 51.457246589909879 ], [ -0.372693932139186, 51.456993510033072 ], [ -0.373045361821726, 51.457473182480925 ], [ -0.375275485688127, 51.456283847235312 ], [ -0.383786764228517, 51.449509758794569 ], [ -0.384567562984361, 51.449895500287042 ], [ -0.387797484222768, 51.449433691803144 ], [ -0.386318282311129, 51.448202073995724 ], [ -0.386452490809282, 51.447252531938389 ], [ -0.386266490655616, 51.446732013204539 ], [ -0.382870760789141, 51.44504861659663 ], [ -0.379790178114608, 51.444388308848012 ], [ -0.379631564280486, 51.444275510785573 ], [ -0.379812598719668, 51.443917419646901 ], [ -0.379391609116081, 51.443574387697147 ], [ -0.379629759085072, 51.443228776395095 ], [ -0.379090733186486, 51.442805878311724 ], [ -0.378244272099573, 51.442491129544841 ], [ -0.37737730244193, 51.442430574333038 ], [ -0.376905358887047, 51.442592198228866 ], [ -0.376412184831219, 51.443027792996141 ], [ -0.3739531426746, 51.443024285523563 ], [ -0.373670260507113, 51.443129169071078 ], [ -0.373415513643004, 51.443576151832694 ], [ -0.372893746721189, 51.443640850170418 ], [ -0.370993399218676, 51.443181027929505 ], [ -0.369420770802062, 51.4423687365734 ], [ -0.366850817552918, 51.441643248780096 ], [ -0.37789183058877, 51.436802184819584 ], [ -0.377933723752825, 51.436309983112295 ], [ -0.376138156692641, 51.435539657268798 ], [ -0.37820308338392, 51.434716666374996 ], [ -0.382936470260438, 51.432350521964985 ], [ -0.386821183871389, 51.429723423300722 ], [ -0.387910513186654, 51.428732164089624 ], [ -0.387985534735181, 51.428644171419847 ], [ -0.387445038049393, 51.428510844195131 ], [ -0.387147462766467, 51.428178528919233 ], [ -0.3880887166654, 51.427878541777993 ], [ -0.388382257339869, 51.427998579422507 ], [ -0.384112304633159, 51.422672064565013 ], [ -0.384398163569057, 51.421988987539279 ], [ -0.385392911101592, 51.420739265525604 ], [ -0.391129853581704, 51.423162461841898 ], [ -0.392770354554396, 51.423467327706547 ], [ -0.392906268512559, 51.423283049281231 ], [ -0.391771696258121, 51.4227836988386 ], [ -0.391363471731915, 51.422325781065425 ], [ -0.394281680021763, 51.423190393550485 ], [ -0.397803076516428, 51.423549715272927 ], [ -0.401481926380916, 51.423355350573743 ], [ -0.405382947876893, 51.422479575027062 ], [ -0.405931677469984, 51.42266508733168 ], [ -0.408462752913419, 51.423834315742901 ], [ -0.409027985521533, 51.425450719923845 ], [ -0.410179997563096, 51.42628375429684 ], [ -0.41088983222109, 51.427341886627396 ], [ -0.411586434896639, 51.427662463111282 ], [ -0.413107418065207, 51.427854817155406 ], [ -0.412474025712837, 51.428781444095229 ], [ -0.414373750062429, 51.429295440329184 ], [ -0.413827456682513, 51.430074878930519 ], [ -0.416063077866997, 51.43069500527362 ], [ -0.416165422698099, 51.430564200834553 ], [ -0.417921712046594, 51.431027642189825 ], [ -0.417315527276529, 51.431917793215952 ], [ -0.417725923448065, 51.432031241296485 ], [ -0.418377543447557, 51.431866482931689 ], [ -0.419099976704154, 51.432359115871932 ], [ -0.421449914216072, 51.432088641326786 ], [ -0.423600904839996, 51.431160803410954 ], [ -0.423520030602452, 51.430877356821377 ], [ -0.424214256179704, 51.430978412679785 ], [ -0.425882660542163, 51.430778717863596 ], [ -0.427506834017145, 51.430819400241866 ], [ -0.427852652599037, 51.429252180804646 ], [ -0.429445941993054, 51.429394934822355 ], [ -0.429555611734697, 51.428797515504726 ], [ -0.433736149793688, 51.429168179039159 ], [ -0.440004394994498, 51.430626687840366 ], [ -0.440148697823869, 51.432810141948437 ], [ -0.439773432063044, 51.434619795175955 ], [ -0.447737887842413, 51.435003387159405 ], [ -0.446309630328799, 51.439996771078789 ], [ -0.452129379481159, 51.438773470389783 ], [ -0.456488399398743, 51.438107064068838 ], [ -0.455412088046322, 51.442119631788664 ], [ -0.457464560155368, 51.442999122765471 ], [ -0.457334735967779, 51.445314723491244 ], [ -0.457643228266355, 51.447562353690472 ], [ -0.45748235770422, 51.449090721222831 ], [ -0.457921173779953, 51.449222385422217 ], [ -0.461502267173508, 51.448992470299906 ], [ -0.46134052976271, 51.452391220789266 ], [ -0.459858905725111, 51.45223958147907 ], [ -0.459559271758108, 51.452675366631603 ], [ -0.459314695228851, 51.452715315872638 ], [ -0.458876087565986, 51.456038485299423 ], [ -0.458660937111559, 51.456315316325153 ], [ -0.457335082240909, 51.455681010716141 ], [ -0.455779233115022, 51.455252281387992 ], [ -0.455370750956621, 51.455286466741335 ], [ -0.455432717660337, 51.45562539201795 ], [ -0.453988871691807, 51.455460688245559 ], [ -0.454092158354318, 51.455044809198924 ], [ -0.453783404871133, 51.45485369888879 ], [ -0.449421934592168, 51.453844719070929 ], [ -0.444003987676191, 51.453266677472008 ], [ -0.441479839076624, 51.45680758058122 ], [ -0.440316590219556, 51.456645538546674 ], [ -0.43615367929764, 51.456905717487167 ], [ -0.435061511264718, 51.456854277025656 ], [ -0.434747587107275, 51.457110862669317 ], [ -0.436633732499774, 51.457684555701178 ], [ -0.435661962749949, 51.459373831945157 ], [ -0.433598860526054, 51.461739132367214 ], [ -0.421725682178639, 51.466702818240584 ], [ -0.420290412679656, 51.46678330529452 ], [ -0.42016165279449, 51.467134967033878 ], [ -0.41967930920629, 51.467302917548757 ], [ -0.411154483533165, 51.469881804709743 ], [ -0.411333195238031, 51.470457034322138 ], [ -0.412978508532851, 51.471422603520651 ], [ -0.413280140485125, 51.471983307304264 ], [ -0.414238975011027, 51.472650915232592 ], [ -0.414747497380471, 51.473391560375909 ], [ -0.415540185088968, 51.473702615598128 ], [ -0.415844823546912, 51.474011569400048 ], [ -0.415695855244635, 51.474903388518449 ], [ -0.41495042428168, 51.476053317870132 ], [ -0.41496616972651, 51.476720756986118 ], [ -0.415603095956013, 51.478578174009442 ], [ -0.4167441595286, 51.480434301072911 ], [ -0.416828605301988, 51.48086527116525 ], [ -0.416478481111382, 51.482117661813454 ], [ -0.416867240528339, 51.482452926400967 ], [ -0.416191151968424, 51.483053472659378 ], [ -0.414686681011719, 51.485654387703377 ], [ -0.414025639679972, 51.486068086039246 ], [ -0.414081831972389, 51.486192039829184 ], [ -0.414633745353856, 51.486225579523811 ], [ -0.414535484911064, 51.486525491699737 ], [ -0.41398500167332, 51.487197862851652 ], [ -0.413365141561485, 51.487254222707037 ], [ -0.413007989223406, 51.488248429689719 ], [ -0.412637801106655, 51.48858062928398 ], [ -0.411408249185943, 51.494988943272666 ], [ -0.410565962473081, 51.496218461517437 ], [ -0.410891435490277, 51.497712886417325 ], [ -0.409680836774541, 51.499960724317724 ], [ -0.409285264432964, 51.500315049712768 ], [ -0.406980145401599, 51.499610245515136 ], [ -0.406905197314528, 51.499693754629476 ], [ -0.404840112421543, 51.499213377250591 ], [ -0.39228989311004, 51.495859657703683 ], [ -0.387104712500689, 51.494687812205079 ], [ -0.385169837103443, 51.494652195335163 ], [ -0.383337409601801, 51.49485625396094 ], [ -0.381846313575016, 51.49522505631932 ], [ -0.377893330592615, 51.496604718806466 ], [ -0.377651541950848, 51.496516847106506 ], [ -0.377885435080764, 51.49544730361059 ], [ -0.377073033775984, 51.495282296765261 ], [ -0.375839953997478, 51.495401910014742 ], [ -0.373806807792125, 51.491933289202869 ], [ -0.372420280634328, 51.490984252936656 ], [ -0.371947946763554, 51.490980394704955 ], [ -0.371724343173199, 51.49078755313915 ], [ -0.371872484836593, 51.490470383508736 ], [ -0.367921644962611, 51.491793088510846 ], [ -0.368377585842623, 51.492296706283582 ], [ -0.366974590050418, 51.492778949086343 ], [ -0.365800816836559, 51.493658231836214 ], [ -0.365381977698087, 51.493325974757603 ], [ -0.363732364220666, 51.494699474668849 ], [ -0.363626676066275, 51.495478531070681 ], [ -0.362998143555423, 51.495932862917009 ], [ -0.3619181478511, 51.496080544226558 ], [ -0.358027721596601, 51.497785035572448 ], [ -0.354609450681671, 51.498252389044218 ], [ -0.350700204508272, 51.499108401156398 ], [ -0.349788213276216, 51.499029029958876 ], [ -0.34725786923681, 51.49792601418558 ], [ -0.34211388208802, 51.496040563636491 ], [ -0.338637358506383, 51.49624675026012 ], [ -0.334705937995666, 51.496205381564458 ], [ -0.331772708176113, 51.495695195791313 ], [ -0.329975866911666, 51.495075230790739 ], [ -0.327418180798619, 51.496036931095958 ], [ -0.326158506971706, 51.495029803563689 ], [ -0.324758237943303, 51.496012455336526 ], [ -0.324025405792073, 51.495764587773436 ], [ -0.323434137687101, 51.495899115012946 ], [ -0.320536935066719, 51.494882893795314 ], [ -0.319211380389986, 51.494222750532252 ], [ -0.315788569886744, 51.495903773038862 ], [ -0.31529144985931, 51.495554924160686 ], [ -0.315732762703217, 51.495346345746611 ], [ -0.314475385820697, 51.494362504183051 ], [ -0.31510375804527, 51.493964180244326 ], [ -0.31441403948823, 51.493448000351982 ], [ -0.313936186093306, 51.493593102062661 ], [ -0.311924632276725, 51.491969822237238 ], [ -0.308403339633628, 51.49358446771317 ], [ -0.305440773899083, 51.494538051619976 ], [ -0.305822505311558, 51.495354676714499 ], [ -0.305850950072908, 51.496180585368855 ], [ -0.3013556259297, 51.495226219160827 ], [ -0.301110523356414, 51.494417852996236 ], [ -0.297553438672119, 51.494889626805055 ], [ -0.29994556556777, 51.497812671594048 ], [ -0.300718299733796, 51.499348073776119 ], [ -0.294050012584531, 51.50156230495967 ], [ -0.292058233076845, 51.50146227738103 ], [ -0.288699616657316, 51.500849499024433 ], [ -0.286810544465293, 51.500662755441581 ], [ -0.284732112769403, 51.501068506696022 ], [ -0.28321064522531, 51.50164333867145 ], [ -0.280783553042338, 51.502850531478821 ], [ -0.279678448745325, 51.50193149347696 ], [ -0.277896039498227, 51.499488185968694 ], [ -0.276738881407027, 51.498539579071789 ], [ -0.272949510599182, 51.4965270967392 ], [ -0.271557860848611, 51.494888864790553 ], [ -0.270050073409516, 51.494228173617849 ], [ -0.267675550043277, 51.493935940599634 ], [ -0.261470084129847, 51.494641739479917 ], [ -0.255434447972416, 51.494931590418517 ], [ -0.255512803314771, 51.496275321842901 ], [ -0.255118286815408, 51.496344989021502 ], [ -0.255026658252164, 51.496971295433205 ], [ -0.252786588762842, 51.499905437263251 ], [ -0.253023152664883, 51.501405296493964 ], [ -0.251320733382084, 51.499845822285117 ], [ -0.249234550719237, 51.496949717783373 ], [ -0.245292524336228, 51.498384443452856 ], [ -0.245004469440064, 51.497894543083326 ], [ -0.244420550930668, 51.497943355166967 ], [ -0.244763438379355, 51.497343298072039 ], [ -0.244776628481856, 51.496099844672834 ], [ -0.2445567854941, 51.496084864067107 ], [ -0.245358766253247, 51.492720213298988 ], [ -0.245609178138269, 51.490212376724756 ], [ -0.245434275050972, 51.489477776843536 ], [ -0.244562352529746, 51.488702170634419 ] ] ] } }
]
}
