{
"type": "FeatureCollection",
"name": "london_oa_boundaries",
"crs": { "type": "name", "properties": { "name": "urn:ogc:def:crs:OGC:1.3:CRS84" } },
"features": [
{ "type": "Feature", "properties": { "opportunityarea": "Brent Cross/Cricklewood", "boroughs": "Barnet, Brent" }, "geometry": { "type": "Polygon", "coordinates": [ [ [ -0.214287828883379, 51.55587696588892 ], [ -0.211327006253016, 51.557122352933632 ], [ -0.212427117000745, 51.558298980164054 ], [ -0.210880207352319, 51.55902703902558 ], [ -0.209752534581965, 51.56006757491852 ], [ -0.206899231762285, 51.560701392511575 ], [ -0.205285158368399, 51.560862354312661 ], [ -0.20356462427419, 51.561457668091784 ], [ -0.207871671427272, 51.568909717676533 ], [ -0.20903910950985, 51.570272949802998 ], [ -0.213438521712048, 51.574274296095282 ], [ -0.21541669903644, 51.575473506947461 ], [ -0.220540227787912, 51.577741219401204 ], [ -0.223976790979946, 51.578981001733624 ], [ -0.224926197030851, 51.579459324564851 ], [ -0.226602433962932, 51.578862937516028 ], [ -0.227470358760452, 51.578375051696618 ], [ -0.23183250472908, 51.577642832948541 ], [ -0.232865788817688, 51.57711092659676 ], [ -0.235800734991862, 51.577080825842494 ], [ -0.237177206974302, 51.576915962945755 ], [ -0.238101250494187, 51.578052565235474 ], [ -0.239644261165815, 51.581286314644011 ], [ -0.241777904407558, 51.580798697227685 ], [ -0.24262535784188, 51.580449459317556 ], [ -0.243191710637695, 51.580439423590484 ], [ -0.245193424545411, 51.579123880849167 ], [ -0.245310827462316, 51.578782319329129 ], [ -0.24505952514713, 51.578732170397849 ], [ -0.244650448520169, 51.578141454039311 ], [ -0.24353687770561, 51.577280379530563 ], [ -0.241989276395694, 51.576477798368749 ], [ -0.241833872190728, 51.576262055879965 ], [ -0.241949860497089, 51.575957605511356 ], [ -0.24220280292852, 51.575961394492815 ], [ -0.242189693228755, 51.575144570835398 ], [ -0.241362052822821, 51.573823888909395 ], [ -0.240221445400267, 51.573667544312052 ], [ -0.239415486615743, 51.573330743218385 ], [ -0.237495817057798, 51.572912227452449 ], [ -0.235792962066984, 51.573434020094517 ], [ -0.233442531592825, 51.571979987969364 ], [ -0.228819042266255, 51.567968023117167 ], [ -0.22672055121144, 51.566793458625327 ], [ -0.221955026909355, 51.562940974347228 ], [ -0.218650216213998, 51.559417914164811 ], [ -0.214287828883379, 51.55587696588892 ] ] ] } },
{ "type": "Feature", "properties": { "opportunityarea": "Canada Water", "boroughs": "Southwark" }, "geometry": { "type": "Polygon", "coordinates": [ [ [ -0.058965027705264, 51.497295231615624 ], [ -0.058462429641947, 51.495430915406281 ], [ -0.057898185619106, 51.495411952691668 ], [ -0.057783278150012, 51.49515032722438 ], [ -0.059316067842608, 51.495004352967769 ], [ -0.057901402429918, 51.494302273350307 ], [ -0.057655138801858, 51.493825228128578 ], [ -0.057041923924664, 51.494000264571575 ], [ -0.054115207986181, 51.491726874786394 ], [ -0.050810360729537, 51.491634408516198 ], [ -0.051245308177932, 51.491289046911064 ], [ -0.051181681528946, 51.491109986456735 ], [ -0.049890630487869, 51.491098861828135 ], [ -0.045526307548097, 51.491730392239234 ], [ -0.045223140740527, 51.491531782862197 ], [ -0.044923952465851, 51.491565092874474 ], [ -0.044516106927974, 51.491148254472371 ], [ -0.044135403038699, 51.491373939812341 ], [ -0.044431744689895, 51.491593115019484 ], [ -0.043989803029549, 51.491784245040371 ], [ -0.044110002603756, 51.491920202680284 ], [ -0.039817592385451, 51.492945407489906 ], [ -0.039122101150635, 51.492894043725308 ], [ -0.038133255726612, 51.492333154390366 ], [ -0.037317744972316, 51.492153371010993 ], [ -0.029923077920834, 51.493533142630341 ], [ -0.030207532660703, 51.496418345383063 ], [ -0.029385818147716, 51.502833886914274 ], [ -0.029932399176323, 51.505244769527188 ], [ -0.030821509252593, 51.506185769274879 ], [ -0.031892426538349, 51.506785224005895 ], [ -0.03428992323049, 51.507672027858774 ], [ -0.036281756929186, 51.508177374992187 ], [ -0.038343028310904, 51.508538749700477 ], [ -0.041024274497783, 51.508632652243158 ], [ -0.04459031435015, 51.508231064085081 ], [ -0.04827150641099, 51.506540223175868 ], [ -0.054893268399358, 51.502759703277519 ], [ -0.057048392646526, 51.502074157414732 ], [ -0.058735877775853, 51.501804712697442 ], [ -0.057916305916349, 51.499713902705501 ], [ -0.058787252966123, 51.499566951230669 ], [ -0.058430712873751, 51.498829978313687 ], [ -0.058686574814117, 51.498802389290645 ], [ -0.058587637022586, 51.498360328731927 ], [ -0.059339932009959, 51.498329718564023 ], [ -0.059247100382691, 51.497486533953776 ], [ -0.058965027705264, 51.497295231615624 ] ] ] } },
{ "type": "Feature", "properties": { "opportunityarea": "Charlton Riverside", "boroughs": "Greenwich" }, "geometry": { "type": "Polygon", "coordinates": [ [ [ 0.044797010142158, 51.49520543623057 ], [ 0.040376154615094, 51.495440991198322 ], [ 0.037473036867696, 51.495032094650448 ], [ 0.036572739650992, 51.49472845053085 ], [ 0.035616486219541, 51.49484259898378 ], [ 0.032196402119645, 51.494204908710088 ], [ 0.02952874114043, 51.493791734482421 ], [ 0.029417609341193, 51.493940658547444 ], [ 0.028376708715946, 51.493701418000995 ], [ 0.028349800183742, 51.493824039877786 ], [ 0.024320030656454, 51.493826645761779 ], [ 0.023598968844159, 51.493942311859463 ], [ 0.023722177781073, 51.494302396483796 ], [ 0.022198546911525, 51.494502119957943 ], [ 0.021984747916556, 51.49388631761277 ], [ 0.021539854736798, 51.493949881653919 ], [ 0.021752237613436, 51.494422884912716 ], [ 0.019323905606744, 51.4947985230407 ], [ 0.019007563598227, 51.494624443106069 ], [ 0.018796674117569, 51.494068866945788 ], [ 0.019468332339003, 51.493947051715061 ], [ 0.018628763132448, 51.490268132508795 ], [ 0.017984135550504, 51.490334353616319 ], [ 0.017498832800349, 51.488009079102589 ], [ 0.019645789157484, 51.487972118925192 ], [ 0.019673775131752, 51.487273386262629 ], [ 0.021602298960219, 51.487223957209665 ], [ 0.021539248485048, 51.486683694143373 ], [ 0.021983258846707, 51.486671409707377 ], [ 0.024590458831897, 51.487197460816546 ], [ 0.029283357316486, 51.487603596406842 ], [ 0.030885361761297, 51.48788823577042 ], [ 0.031301511833311, 51.487383796625913 ], [ 0.031146162860411, 51.487325109575025 ], [ 0.031290605086952, 51.487072714202931 ], [ 0.029572619849916, 51.486826837861365 ], [ 0.029477869798494, 51.486681477949695 ], [ 0.028676483007708, 51.48652997027142 ], [ 0.028731225807778, 51.486437147836654 ], [ 0.030658649738523, 51.486732133007955 ], [ 0.030839549751015, 51.486620466476836 ], [ 0.03145680363419, 51.486719097018856 ], [ 0.031579196600687, 51.486392484803488 ], [ 0.032332744194615, 51.486509566483349 ], [ 0.031418006841971, 51.48795250941658 ], [ 0.034889229963729, 51.488572196809592 ], [ 0.035043640759852, 51.488734891888583 ], [ 0.036648991847571, 51.489092895258317 ], [ 0.039997902503882, 51.490265807986773 ], [ 0.040034692186132, 51.4904305437774 ], [ 0.042229323606272, 51.491458094102903 ], [ 0.043329067312936, 51.491696186429529 ], [ 0.04531239412989, 51.492433732806852 ], [ 0.045438059093294, 51.492780295238411 ], [ 0.044939851883759, 51.493487237303071 ], [ 0.044797010142158, 51.49520543623057 ] ] ] } },
{ "type": "Feature", "properties": { "opportunityarea": "City Fringe/Tech City", "boroughs": "Hackney, Islington, Tower Hamlets" }, "geometry": { "type": "Polygon", "coordinates": [ [ [ -0.091389563839194, 51.52816177884781 ], [ -0.091570207954722, 51.528001955668529 ], [ -0.090763783039589, 51.525199904214418 ], [ -0.089935762082341, 51.52331206597065 ], [ -0.090611229414248, 51.523153842560212 ], [ -0.090459342606599, 51.522909094458797 ], [ -0.090911356185675, 51.522760862263631 ], [ -0.090291815727537, 51.522275406418316 ], [ -0.090870186012367, 51.52217901795462 ], [ -0.091015909189328, 51.522389391927327 ], [ -0.091517979719073, 51.522291926616482 ], [ -0.091498600657645, 51.521737652148687 ], [ -0.092553801618012, 51.521638451266909 ], [ -0.092327715827664, 51.520995261931567 ], [ -0.089726947189971, 51.520691962714224 ], [ -0.090010320906725, 51.51997152393389 ], [ -0.086187238904866, 51.518736198689183 ], [ -0.085217820597669, 51.520334523792975 ], [ -0.083325501445028, 51.519814385197648 ], [ -0.081762282192955, 51.520757320346945 ], [ -0.08105037656, 51.521953394880519 ], [ -0.07847139887408, 51.521510123338253 ], [ -0.079429741405966, 51.518845098717392 ], [ -0.078082594231069, 51.518967857519627 ], [ -0.078146855817562, 51.518468887531675 ], [ -0.076918081530068, 51.51670693028759 ], [ -0.073969104116677, 51.514453569317403 ], [ -0.073664118521193, 51.514131122368681 ], [ -0.073267379429604, 51.512944751457042 ], [ -0.072721271148705, 51.510210098419876 ], [ -0.073797390686974, 51.509324013016602 ], [ -0.074124532130687, 51.507497486853048 ], [ -0.074733108635072, 51.506431641148765 ], [ -0.068414924501149, 51.504373235125179 ], [ -0.06780623705475, 51.505056699781662 ], [ -0.068099311320163, 51.505178036119602 ], [ -0.06792092572928, 51.505732476896533 ], [ -0.067233292877557, 51.506363398145133 ], [ -0.066689412990042, 51.506615048217895 ], [ -0.066590399945063, 51.507486174907335 ], [ -0.058512066568806, 51.507674287228951 ], [ -0.058818113212969, 51.50967055958693 ], [ -0.056643316977366, 51.50979978224278 ], [ -0.05363242902966, 51.509718387550585 ], [ -0.053572087368403, 51.512023325572002 ], [ -0.052885904097074, 51.517066041858278 ], [ -0.052865502519532, 51.519389265764268 ], [ -0.052732174134796, 51.519773086662369 ], [ -0.052549458054321, 51.519763308586541 ], [ -0.052863626603238, 51.520327441604998 ], [ -0.05208094581674, 51.520493434451566 ], [ -0.052397350658941, 51.521406500656944 ], [ -0.054175239827835, 51.52264418188733 ], [ -0.053900820359003, 51.522708035766684 ], [ -0.053951320362501, 51.524395137882614 ], [ -0.055041180104089, 51.524262804735265 ], [ -0.054984219158667, 51.524734825549466 ], [ -0.055620087940481, 51.526914389395017 ], [ -0.055682165433937, 51.528585044900673 ], [ -0.056838424699705, 51.531365215455288 ], [ -0.057408525505523, 51.533543856670953 ], [ -0.057838025396912, 51.533519503546714 ], [ -0.057249203796222, 51.533552908482442 ], [ -0.057261673682265, 51.533868574574448 ], [ -0.05405257234249, 51.534470033567359 ], [ -0.054087032794331, 51.534815911250426 ], [ -0.053885212574938, 51.534923684463969 ], [ -0.05430807158753, 51.535099705551929 ], [ -0.054864721124964, 51.535057427688869 ], [ -0.057246969153246, 51.53442049316542 ], [ -0.057393888011863, 51.534949027876614 ], [ -0.057044541094922, 51.537345634922104 ], [ -0.056303024144343, 51.537300447025352 ], [ -0.056272384678639, 51.537749172277167 ], [ -0.055723567081652, 51.53798927951572 ], [ -0.055302176510121, 51.537942466458816 ], [ -0.055298131419354, 51.538650996103797 ], [ -0.052279869528711, 51.538898395776386 ], [ -0.05277694270979, 51.540091167614129 ], [ -0.053283044715802, 51.540006161468362 ], [ -0.053104507118848, 51.539550917103462 ], [ -0.054332939785569, 51.53933098959817 ], [ -0.054515250074621, 51.53978189723783 ], [ -0.054873219118084, 51.539735064925594 ], [ -0.054743123362557, 51.540148157645724 ], [ -0.054460195767228, 51.540322813560394 ], [ -0.055220057926812, 51.540554768867239 ], [ -0.055399455929313, 51.540820253877612 ], [ -0.055483642310358, 51.543916360161447 ], [ -0.054553946810108, 51.543987427899992 ], [ -0.054690460759532, 51.544500145623381 ], [ -0.05453151553789, 51.544616445530913 ], [ -0.051759014021112, 51.544921855703848 ], [ -0.052281007885554, 51.546543330973343 ], [ -0.051953879528103, 51.545997149481103 ], [ -0.051702388097665, 51.545991534327356 ], [ -0.051561130441188, 51.545562527013914 ], [ -0.050961922637837, 51.545634738543171 ], [ -0.051151400349219, 51.546640989129287 ], [ -0.049615952129056, 51.546810646905577 ], [ -0.049545032248856, 51.546708867983021 ], [ -0.048862496797625, 51.546738335643695 ], [ -0.048766365625985, 51.546950786903686 ], [ -0.047578677342158, 51.546924372400291 ], [ -0.047119370921712, 51.546772711509355 ], [ -0.046540062598705, 51.546169008423021 ], [ -0.045470984564647, 51.546433217989119 ], [ -0.046029203161353, 51.547182038973155 ], [ -0.046607189808756, 51.547322551134585 ], [ -0.047173597386066, 51.547951278389192 ], [ -0.047842076140286, 51.547952181959118 ], [ -0.047986082083367, 51.547363388715759 ], [ -0.051461244139775, 51.547435638074255 ], [ -0.052390065479759, 51.548517183642417 ], [ -0.053793026281905, 51.551720675114559 ], [ -0.05561027522944, 51.55140280409239 ], [ -0.054839695378791, 51.54953575644452 ], [ -0.057132485256104, 51.549556662907293 ], [ -0.057142571017946, 51.549853143592259 ], [ -0.05735004389443, 51.549829071027482 ], [ -0.057394390129136, 51.550002588262323 ], [ -0.057996832839244, 51.549950351639943 ], [ -0.058199178192748, 51.550619140794197 ], [ -0.059101175805317, 51.550511893776076 ], [ -0.05943607200903, 51.549816032706374 ], [ -0.061123224539891, 51.549027817659969 ], [ -0.060503964280354, 51.547971783937491 ], [ -0.059837892871023, 51.54818695124429 ], [ -0.060044166222375, 51.547796875191182 ], [ -0.059596264512301, 51.547222109605002 ], [ -0.068976947611225, 51.547759593974362 ], [ -0.068850052818106, 51.548037542023899 ], [ -0.070304715779712, 51.548053564477023 ], [ -0.070418708224373, 51.548664962787669 ], [ -0.070826697095146, 51.548651439192746 ], [ -0.070808361116163, 51.548438437138422 ], [ -0.073548698966275, 51.548420357700735 ], [ -0.073862435538741, 51.548605755434444 ], [ -0.074057610639768, 51.548455861728584 ], [ -0.074343645677233, 51.548590283336736 ], [ -0.07412731352875, 51.550041040951903 ], [ -0.074732773985383, 51.55006580701523 ], [ -0.074811770842751, 51.550673658650126 ], [ -0.075679262697028, 51.55045002018889 ], [ -0.075786084396362, 51.549525082871973 ], [ -0.077179871853828, 51.54931051388769 ], [ -0.076962993976823, 51.54893747402101 ], [ -0.077247902448211, 51.548915525848962 ], [ -0.076351183244991, 51.547182937386687 ], [ -0.076350302013385, 51.546318542446897 ], [ -0.076725522097432, 51.546077732338077 ], [ -0.077171613284633, 51.546102310320727 ], [ -0.077195598167744, 51.54540921705761 ], [ -0.07843270647174, 51.545557324551325 ], [ -0.078539560273565, 51.545312931044137 ], [ -0.075947281424411, 51.545039129666243 ], [ -0.076580451674614, 51.538858929737046 ], [ -0.078662935290432, 51.53899662293788 ], [ -0.07918676955141, 51.537139239421109 ], [ -0.081379026603995, 51.537418660135977 ], [ -0.081405177407637, 51.537265890887504 ], [ -0.085259116764857, 51.537836433997384 ], [ -0.085149735983066, 51.53824162385709 ], [ -0.08607007539384, 51.538341424620263 ], [ -0.086375866581505, 51.537422870856275 ], [ -0.093332524959276, 51.534041837824198 ], [ -0.096088129544929, 51.533041689450222 ], [ -0.095633135362434, 51.53239584304881 ], [ -0.096490825049067, 51.532174042755123 ], [ -0.09509541187607, 51.530024728409046 ], [ -0.094378233823684, 51.530096143810567 ], [ -0.093966520734502, 51.528868169026815 ], [ -0.091389563839194, 51.52816177884781 ] ], [ [ -0.054420467153556, 51.551601445226957 ], [ -0.05441947364499, 51.551602417932223 ], [ -0.054370335675963, 51.551608707164419 ], [ -0.054420467153556, 51.551601445226957 ] ], [ [ -0.055725585861499, 51.538003152543723 ], [ -0.055723567081652, 51.53798927951572 ], [ -0.055740648830976, 51.537998555202215 ], [ -0.055725585861499, 51.538003152543723 ] ] ] } },
{ "type": "Feature", "properties": { "opportunityarea": "Paddington", "boroughs": "Westminster" }, "geometry": { "type": "Polygon", "coordinates": [ [ [ -0.179939150024067, 51.519967186838969 ], [ -0.180961253972426, 51.520746664786955 ], [ -0.182676265477334, 51.519954178385085 ], [ -0.184999654365577, 51.519533684977709 ], [ -0.180978570114089, 51.516755348859057 ], [ -0.180217899862736, 51.51716789297295 ], [ -0.176930165170519, 51.514868097513265 ], [ -0.169096275419064, 51.519258638174463 ], [ -0.169980370363214, 51.51982514596498 ], [ -0.179939150024067, 51.519967186838969 ] ] ] } },
{ "type": "Feature", "properties": { "opportunityarea": "Colindale/Burnt Oak", "boroughs": "Barnet, Brent" }, "geometry": { "type": "Polygon", "coordinates": [ [ [ -0.260164698959666, 51.595937954348003 ], [ -0.261445327480646, 51.595583442005513 ], [ -0.264669523937759, 51.598113424367817 ], [ -0.267138586466529, 51.600369187860203 ], [ -0.267813028031755, 51.600032042029881 ], [ -0.263633264608179, 51.596492982429808 ], [ -0.263909864888499, 51.596293219542822 ], [ -0.268037828717276, 51.595227564369146 ], [ -0.267441498288858, 51.594511792648554 ], [ -0.267794510128243, 51.594382388929795 ], [ -0.26600787397708, 51.592554949253348 ], [ -0.265459329514155, 51.592576158802338 ], [ -0.263351338408267, 51.5932097852778 ], [ -0.262835255095712, 51.592886969446887 ], [ -0.261943193633526, 51.593242445748736 ], [ -0.261607857048276, 51.593233882673829 ], [ -0.260343856991793, 51.592176548521287 ], [ -0.259771973529141, 51.592030309274051 ], [ -0.259796956877534, 51.591810998681197 ], [ -0.256835087621318, 51.589081505692199 ], [ -0.255421321138675, 51.589433679013553 ], [ -0.254515456264027, 51.589908491018392 ], [ -0.255325800806141, 51.590476261890103 ], [ -0.254233537906438, 51.59120342237329 ], [ -0.254937801076106, 51.59166355308146 ], [ -0.25352108389722, 51.592212047604228 ], [ -0.252752632772537, 51.592170633882887 ], [ -0.251183743287381, 51.591667632715513 ], [ -0.246189211611221, 51.591083494566632 ], [ -0.243317421879434, 51.590980592926947 ], [ -0.241854085137587, 51.590361375514583 ], [ -0.240279207136052, 51.589074956946931 ], [ -0.238566096483721, 51.588151473292562 ], [ -0.236964955905631, 51.590975273373182 ], [ -0.236311192489465, 51.59294395091004 ], [ -0.236188817551872, 51.59486065687684 ], [ -0.236431537055258, 51.597292460805427 ], [ -0.23693454355333, 51.599218560895693 ], [ -0.2382757264175, 51.601876693187691 ], [ -0.242942287607992, 51.607164343950238 ], [ -0.244699662137576, 51.608866629037124 ], [ -0.246248221260065, 51.609850097096569 ], [ -0.247379457564957, 51.610357490715394 ], [ -0.250472845955486, 51.608772528693201 ], [ -0.249126757019925, 51.607523841985504 ], [ -0.249007896783379, 51.60686262297245 ], [ -0.254280309868432, 51.604204591803018 ], [ -0.258057441614592, 51.600075379000614 ], [ -0.259903729166769, 51.599110090343103 ], [ -0.260424491716279, 51.59901049311091 ], [ -0.259587985198616, 51.597227376516422 ], [ -0.259349218701477, 51.595865909630206 ], [ -0.259885234025931, 51.595693994289455 ], [ -0.260164698959666, 51.595937954348003 ] ] ] } },
{ "type": "Feature", "properties": { "opportunityarea": "Lee Valley", "boroughs": "Hackney, Waltham Forest, Haringey, Enfield" }, "geometry": { "type": "Polygon", "coordinates": [ [ [ -0.034732419099791, 51.594380773404936 ], [ -0.028891525810067, 51.595321068711549 ], [ -0.030200518961162, 51.597789391947693 ], [ -0.03007165379071, 51.599609041762399 ], [ -0.025254984103168, 51.599607389053595 ], [ -0.020823451591558, 51.600405397148464 ], [ -0.018809688022173, 51.600515350325296 ], [ -0.017116958758798, 51.600782354125599 ], [ -0.020712560114557, 51.603232035897854 ], [ -0.029140788226016, 51.607469412062763 ], [ -0.030113794092946, 51.608343295923341 ], [ -0.031107754181123, 51.610696006503076 ], [ -0.032060728595461, 51.611773878195343 ], [ -0.033684500529551, 51.612536736502385 ], [ -0.035321384166733, 51.612980648640828 ], [ -0.035206418195317, 51.613403588189364 ], [ -0.032056881743344, 51.616923241969062 ], [ -0.025470854816705, 51.622144745600572 ], [ -0.024213100389671, 51.624459523370334 ], [ -0.018772047051913, 51.631026833393179 ], [ -0.014879646377879, 51.63616327593143 ], [ -0.014789744559208, 51.636822244109808 ], [ -0.013363924567343, 51.639603967664257 ], [ -0.011642332689508, 51.650065146466574 ], [ -0.011794732489631, 51.653198368816518 ], [ -0.008950422957135, 51.6603740023548 ], [ -0.009201038308886, 51.661143110785574 ], [ -0.011388133869333, 51.663317245399497 ], [ -0.01151434023522, 51.663792160957072 ], [ -0.011245246267391, 51.667603717612316 ], [ -0.010584390937524, 51.669134557300616 ], [ -0.011378527292408, 51.670634393798835 ], [ -0.011439336462701, 51.671244307395789 ], [ -0.010845704380033, 51.675139813009572 ], [ -0.010353790147345, 51.676646991265947 ], [ -0.011154410484995, 51.680559995269576 ], [ -0.018843040468129, 51.68084906632641 ], [ -0.022123721368372, 51.681162009682943 ], [ -0.025561280540425, 51.681773894731762 ], [ -0.028573047243968, 51.682104791413074 ], [ -0.035929170492689, 51.68233259038616 ], [ -0.037440984511248, 51.682618567562727 ], [ -0.037440957408504, 51.682740558867771 ], [ -0.042504432218372, 51.682904440766421 ], [ -0.043490359207895, 51.683067402611215 ], [ -0.044936992319281, 51.679842752452416 ], [ -0.048750021471998, 51.667352147213947 ], [ -0.04940782055086, 51.664168538519739 ], [ -0.04940765644133, 51.65955602981424 ], [ -0.053615562065836, 51.644738669171318 ], [ -0.05499630075403, 51.642861904188166 ], [ -0.056771143212053, 51.641514046556729 ], [ -0.062163353566451, 51.638534303659917 ], [ -0.064004042345182, 51.636901458536336 ], [ -0.064924903762076, 51.634901653712731 ], [ -0.064792888344336, 51.633227813774965 ], [ -0.064398883649202, 51.632044006715311 ], [ -0.062855888557156, 51.629449343833933 ], [ -0.06409873303576, 51.62925229025484 ], [ -0.064643590729087, 51.625894659375405 ], [ -0.063918631566441, 51.625633775732609 ], [ -0.064964421949749, 51.624874833228382 ], [ -0.066555096253076, 51.620617279736486 ], [ -0.06686593717634, 51.617215685625368 ], [ -0.067378819736002, 51.614901955249351 ], [ -0.069212405286461, 51.610751385899135 ], [ -0.071007104052601, 51.607529702343335 ], [ -0.071112781532301, 51.605039262322677 ], [ -0.070579444319168, 51.602169463766238 ], [ -0.070921882766947, 51.602149381246235 ], [ -0.070726816678727, 51.601223452593864 ], [ -0.071117737038737, 51.601205425402853 ], [ -0.070880740113178, 51.596411622442304 ], [ -0.071968572484292, 51.595914376766167 ], [ -0.071434827286442, 51.595460697487376 ], [ -0.074628987610658, 51.593986207109644 ], [ -0.074754538816422, 51.593677396058212 ], [ -0.073255765257332, 51.593482171618383 ], [ -0.073430510776001, 51.592936476820114 ], [ -0.070930195217201, 51.592567004157964 ], [ -0.073811149932344, 51.590624498290985 ], [ -0.074883261549197, 51.589081622208653 ], [ -0.075061725157814, 51.583699503817179 ], [ -0.07572043383461, 51.58031409676758 ], [ -0.075134836403189, 51.577401557807043 ], [ -0.07526531887034, 51.576583277649014 ], [ -0.075745059361295, 51.575491228318391 ], [ -0.076246663920645, 51.574931561243503 ], [ -0.0775457279758, 51.57523431607715 ], [ -0.080876789624036, 51.575640447706981 ], [ -0.083611832151495, 51.575189659912475 ], [ -0.085689183190003, 51.575037422699388 ], [ -0.085853252141621, 51.57487643588928 ], [ -0.087231619543606, 51.574701077241919 ], [ -0.086872117682481, 51.574292353346053 ], [ -0.089836417463495, 51.574393700013474 ], [ -0.091758893377479, 51.573975354758247 ], [ -0.093724258042984, 51.573945250706466 ], [ -0.094710384476939, 51.573588977769639 ], [ -0.096523739903774, 51.57381174495206 ], [ -0.097798953013623, 51.573616604225379 ], [ -0.092169002920807, 51.56399963879246 ], [ -0.078164233910919, 51.567326315846714 ], [ -0.076550032274721, 51.566954219352539 ], [ -0.075959781143333, 51.566725867720329 ], [ -0.075527892115056, 51.566214464363227 ], [ -0.075709622499737, 51.562208920999126 ], [ -0.077136536245588, 51.562213884960144 ], [ -0.077145378168246, 51.560332075511973 ], [ -0.078630175512065, 51.560094072586331 ], [ -0.078434226049258, 51.558077296282612 ], [ -0.078827087599, 51.557908336134901 ], [ -0.079060011396718, 51.556555477489958 ], [ -0.074572580788025, 51.55639462867579 ], [ -0.074487549292665, 51.556743571157597 ], [ -0.074207652904956, 51.556738527669687 ], [ -0.070142034719066, 51.555730746101062 ], [ -0.069106108946323, 51.555319761503654 ], [ -0.068359265218479, 51.555547769912721 ], [ -0.056764518240054, 51.555771907489344 ], [ -0.055418681393413, 51.55605697595054 ], [ -0.055780711852609, 51.556609835953019 ], [ -0.05591676139036, 51.557530775142162 ], [ -0.054957842866122, 51.558578666061386 ], [ -0.053089043393232, 51.559010653495065 ], [ -0.0456729283044, 51.562204236608558 ], [ -0.04683573735189, 51.562454166451104 ], [ -0.047294522116176, 51.562757663024414 ], [ -0.047299793104802, 51.563106651726436 ], [ -0.046617326310613, 51.564050296740689 ], [ -0.047547510222968, 51.565238431236658 ], [ -0.050787888721812, 51.56753862975166 ], [ -0.053293935122374, 51.568662894585543 ], [ -0.054439056413761, 51.570298730867592 ], [ -0.054980295761096, 51.570499279680384 ], [ -0.05586953304493, 51.570558067153442 ], [ -0.056399142047801, 51.570794376869074 ], [ -0.056770705444054, 51.57135539033964 ], [ -0.058430868146753, 51.572524865686233 ], [ -0.058585289245561, 51.573167594664426 ], [ -0.057315255724523, 51.573242497481658 ], [ -0.056054398808893, 51.573531680248188 ], [ -0.053722208073458, 51.574970159080316 ], [ -0.052325159424776, 51.576322442372231 ], [ -0.049890083893694, 51.573767239297545 ], [ -0.048773250364223, 51.573562042279384 ], [ -0.047347612054998, 51.573743837224477 ], [ -0.046101397760211, 51.574130877162368 ], [ -0.040657763947899, 51.577053364032977 ], [ -0.039945582934849, 51.576364436522653 ], [ -0.038369767425049, 51.575606589838614 ], [ -0.037262616461699, 51.575505459124209 ], [ -0.034748460609539, 51.577192959409111 ], [ -0.034079966133827, 51.576662860413947 ], [ -0.034524496888139, 51.576302348246301 ], [ -0.033910049131083, 51.575920948580581 ], [ -0.033600667354201, 51.575488111282382 ], [ -0.035137178274762, 51.57420868491743 ], [ -0.034691774998069, 51.573776270408771 ], [ -0.035832380008416, 51.573138919682016 ], [ -0.035073810223114, 51.572060908086335 ], [ -0.036842621083925, 51.57161890040669 ], [ -0.036038180210861, 51.570950968215428 ], [ -0.035169159608141, 51.569940779542591 ], [ -0.03500499912259, 51.569462819925228 ], [ -0.033001962155914, 51.567493625018678 ], [ -0.025334959334009, 51.570336951249608 ], [ -0.027658545160796, 51.572511499609014 ], [ -0.029774426479052, 51.575368102105244 ], [ -0.029969465546675, 51.577062930466099 ], [ -0.030923455305674, 51.580044555100677 ], [ -0.032625336169955, 51.579829562368069 ], [ -0.033060512849515, 51.580893807586662 ], [ -0.030303911369836, 51.58167671504539 ], [ -0.027707579141966, 51.582059770794402 ], [ -0.028638705686023, 51.583753664492384 ], [ -0.029846478084663, 51.587500378179605 ], [ -0.030678471847072, 51.588851329402004 ], [ -0.03025732001171, 51.589086002258846 ], [ -0.03122443451586, 51.589955647102244 ], [ -0.031423692631201, 51.590627392772674 ], [ -0.032396273750365, 51.591369012457413 ], [ -0.034581726959196, 51.593638646490732 ], [ -0.034732419099791, 51.594380773404936 ] ] ] } },
{ "type": "Feature", "properties": { "opportunityarea": "Croydon", "boroughs": "Croydon" }, "geometry": { "type": "Polygon", "coordinates": [ [ [ -0.106799248665562, 51.371317536098495 ], [ -0.104324527554147, 51.368362456397001 ], [ -0.103128735352159, 51.368199252269498 ], [ -0.099349865715627, 51.364935251803317 ], [ -0.095710307886991, 51.365523443525817 ], [ -0.096174082782957, 51.367084390955227 ], [ -0.09402867019718, 51.366920045231609 ], [ -0.092884338428977, 51.366623356252255 ], [ -0.092847897134089, 51.368070633706111 ], [ -0.091877572830633, 51.368122061960271 ], [ -0.091853913540677, 51.368009586304147 ], [ -0.090597313210776, 51.367932396968989 ], [ -0.090516718513296, 51.367761944712008 ], [ -0.089881572903604, 51.367958717010403 ], [ -0.089819110292285, 51.368622682892806 ], [ -0.091150329639741, 51.368669241291641 ], [ -0.09119557860498, 51.371745700457979 ], [ -0.092167705234483, 51.372072685122653 ], [ -0.090026774559135, 51.372344642151816 ], [ -0.090508917375896, 51.374380593188803 ], [ -0.089265208481591, 51.374446618866244 ], [ -0.088965748458273, 51.374830113589049 ], [ -0.08899292959358, 51.375098999737155 ], [ -0.090058923982263, 51.3752554651672 ], [ -0.090354393935505, 51.376621937504154 ], [ -0.090524069567362, 51.376595926289696 ], [ -0.090598273886351, 51.376836909439369 ], [ -0.091045759734022, 51.376762655396512 ], [ -0.091163475657276, 51.377020255313354 ], [ -0.090765921357451, 51.377124540983168 ], [ -0.090927134673104, 51.377501248525896 ], [ -0.089876571364466, 51.377988654200415 ], [ -0.090309372123085, 51.378256148796545 ], [ -0.090545519174992, 51.379209272423218 ], [ -0.091542987480064, 51.379172845443243 ], [ -0.090411720194195, 51.381134498273504 ], [ -0.099682665803201, 51.383051086880336 ], [ -0.102783244623458, 51.380079382192505 ], [ -0.10443008254453, 51.381942363007035 ], [ -0.105898724955002, 51.381443430763859 ], [ -0.105644016540977, 51.38111809245509 ], [ -0.107735919214194, 51.380370384420026 ], [ -0.105292641763503, 51.378494662600154 ], [ -0.104300899735608, 51.378023083844191 ], [ -0.104285505102122, 51.377466706032372 ], [ -0.106973493590315, 51.376148516546287 ], [ -0.10671521523317, 51.375803431101815 ], [ -0.10905920832791, 51.37566832746591 ], [ -0.109690621790365, 51.376224573621087 ], [ -0.115180683214676, 51.374706934522905 ], [ -0.114190566879063, 51.373823634525088 ], [ -0.112881130746639, 51.373216394339821 ], [ -0.111514431966558, 51.373065811447908 ], [ -0.110741397940815, 51.373141719409823 ], [ -0.109665317761972, 51.373413486691618 ], [ -0.109061510796402, 51.373740961010306 ], [ -0.107349588253549, 51.373018915871071 ], [ -0.106799248665562, 51.371317536098495 ] ] ] } },
{ "type": "Feature", "properties": { "opportunityarea": "Deptford Creek/Greenwich Riverside", "boroughs": "Lewisham, Greenwich" }, "geometry": { "type": "Polygon", "coordinates": [ [ [ -0.022562515547578, 51.48460919143924 ], [ -0.022538244215302, 51.484728088064045 ], [ -0.024728144548454, 51.48551297480946 ], [ -0.024727848442169, 51.485668138531771 ], [ -0.02771368771595, 51.487357476537703 ], [ -0.028816428804656, 51.488235287481302 ], [ -0.029980264215061, 51.489619547092133 ], [ -0.034304599397355, 51.4880323689178 ], [ -0.031718741748391, 51.485702182432433 ], [ -0.031843522149255, 51.483747669022449 ], [ -0.031612761637962, 51.481506336498221 ], [ -0.030924022578788, 51.480530586040118 ], [ -0.034740314232074, 51.479244479856519 ], [ -0.03225978990768, 51.475884621885022 ], [ -0.021326339178287, 51.474212486710201 ], [ -0.019165752378052, 51.475721669389607 ], [ -0.018472972954627, 51.476033430528688 ], [ -0.013146615295029, 51.477798135669602 ], [ -0.012125118329484, 51.477844471518395 ], [ -0.010712045046583, 51.478624408169161 ], [ -0.009250378632437, 51.480240652082138 ], [ -0.007822383251555, 51.480804269184894 ], [ -0.009715949204221, 51.483596126071191 ], [ -0.009867512059805, 51.483336093760691 ], [ -0.011001920625425, 51.483331520941576 ], [ -0.010857549640443, 51.482986908552256 ], [ -0.011164779394317, 51.482956338226892 ], [ -0.011146550777695, 51.483083329707078 ], [ -0.012071299420132, 51.48291597435508 ], [ -0.013860164954354, 51.482954284101915 ], [ -0.013838373911371, 51.483160782998844 ], [ -0.017765277026795, 51.483267064185299 ], [ -0.020544389023173, 51.48397837565043 ], [ -0.02233672122324, 51.484672990326338 ], [ -0.022562515547578, 51.48460919143924 ] ] ] } },
{ "type": "Feature", "properties": { "opportunityarea": "Earl's Court/West Kensington", "boroughs": "Hammersmith and Fulham, Kensington and Chelsea" }, "geometry": { "type": "Polygon", "coordinates": [ [ [ -0.192756228217602, 51.485007151969072 ], [ -0.19425156575479, 51.486354313482408 ], [ -0.194022129692413, 51.486339089989521 ], [ -0.193814316085001, 51.486561088086852 ], [ -0.195464082879223, 51.487463991294632 ], [ -0.196076084905511, 51.488275671403947 ], [ -0.196101273064607, 51.489280500667171 ], [ -0.195683704048427, 51.490092338069118 ], [ -0.195164426391784, 51.490484215724969 ], [ -0.195676456723074, 51.490748398548533 ], [ -0.196826157195673, 51.490221021427033 ], [ -0.198179434239838, 51.490021119775975 ], [ -0.199100273217533, 51.490083365415209 ], [ -0.200108799240853, 51.490352904260654 ], [ -0.201256778127936, 51.491618223260446 ], [ -0.201088856984759, 51.491696193045598 ], [ -0.200885717287451, 51.491549062366424 ], [ -0.19990521148453, 51.492506362505956 ], [ -0.200540692592286, 51.492954821793994 ], [ -0.201799938208769, 51.49193742278117 ], [ -0.207057275317118, 51.490952977818445 ], [ -0.206503843073477, 51.490156370618969 ], [ -0.205474918868192, 51.490381286345709 ], [ -0.205079745944121, 51.489831715903101 ], [ -0.205433281048622, 51.489856541294778 ], [ -0.20561808067608, 51.489587517882754 ], [ -0.205330735972097, 51.489458880838278 ], [ -0.204982644950665, 51.489612764815654 ], [ -0.202675261854465, 51.485496450622605 ], [ -0.200224969208838, 51.485967519833288 ], [ -0.200479275530306, 51.486460658307756 ], [ -0.198683409043627, 51.486895164313992 ], [ -0.198361167849413, 51.486393163704115 ], [ -0.197218390875522, 51.486826079095721 ], [ -0.195074416676712, 51.48425848683884 ], [ -0.192756228217602, 51.485007151969072 ] ] ] } },
{ "type": "Feature", "properties": { "opportunityarea": "Woolwich", "boroughs": "Greenwich" }, "geometry": { "type": "Polygon", "coordinates": [ [ [ 0.060998284345203, 51.494583603824708 ], [ 0.060767636072902, 51.493783487621663 ], [ 0.061130560093287, 51.493360680332984 ], [ 0.060935068533039, 51.492876483129876 ], [ 0.061043156158044, 51.492386869013338 ], [ 0.061939831485905, 51.491097735973057 ], [ 0.062521002103176, 51.489069120503224 ], [ 0.063474254076274, 51.487115131580488 ], [ 0.066064169941176, 51.488248146197009 ], [ 0.067027350355735, 51.488862284533482 ], [ 0.067461815893465, 51.488650002705526 ], [ 0.068024982024958, 51.489318478569835 ], [ 0.069753040237883, 51.488405147271322 ], [ 0.070583231235287, 51.489333384333506 ], [ 0.071594919430816, 51.489152969812174 ], [ 0.073199999649907, 51.489138179973239 ], [ 0.072867908372917, 51.490905056655947 ], [ 0.074576487385668, 51.490779992479318 ], [ 0.07783306129712, 51.491152149060781 ], [ 0.082551429939015, 51.490968378727977 ], [ 0.082502257789291, 51.491799863661235 ], [ 0.07810844405864, 51.491999633435086 ], [ 0.078666064900501, 51.493842365166621 ], [ 0.078461476389219, 51.494246054398481 ], [ 0.075461046216083, 51.493838274463258 ], [ 0.075706051636184, 51.493094576972616 ], [ 0.075430911786438, 51.492560212205802 ], [ 0.070900324201729, 51.493431815836701 ], [ 0.071225350136893, 51.494147989207981 ], [ 0.070758296797496, 51.495217351125149 ], [ 0.062400662738507, 51.49452622196668 ], [ 0.062339691842254, 51.494657024126802 ], [ 0.060998284345203, 51.494583603824708 ] ] ] } },
{ "type": "Feature", "properties": { "opportunityarea": "Elephant and Castle", "boroughs": "Southwark" }, "geometry": { "type": "Polygon", "coordinates": [ [ [ -0.095641479706894, 51.483678543147555 ], [ -0.095541468088723, 51.482229513051742 ], [ -0.094479540634646, 51.482174097775733 ], [ -0.094486917619233, 51.483004388602289 ], [ -0.093869697129116, 51.483038049943069 ], [ -0.093130158123018, 51.484494117403379 ], [ -0.093385699419982, 51.485248779894661 ], [ -0.093221613590336, 51.485321405909538 ], [ -0.095041978480823, 51.487845332413073 ], [ -0.091668443085547, 51.48895634011668 ], [ -0.088973282943403, 51.48953406778476 ], [ -0.086883665890124, 51.489486977104754 ], [ -0.088154174144478, 51.490969084631388 ], [ -0.090664463094569, 51.491540135137313 ], [ -0.091726089021031, 51.492998423077836 ], [ -0.091870969961503, 51.494146499551228 ], [ -0.092937498500919, 51.494163848809208 ], [ -0.092752763336803, 51.49585014235231 ], [ -0.095662917131378, 51.498276728557144 ], [ -0.097193329033213, 51.499309627471064 ], [ -0.102782197375097, 51.498914420078044 ], [ -0.10308714323044, 51.499161637143615 ], [ -0.102704267218587, 51.499305117550122 ], [ -0.103155003053239, 51.499643358797769 ], [ -0.104986558457582, 51.499328420680712 ], [ -0.104999481821958, 51.499740900913459 ], [ -0.106574673909753, 51.498855286993631 ], [ -0.106727898763981, 51.498952064914647 ], [ -0.106943627511086, 51.498870606401553 ], [ -0.105769268795717, 51.49810907611991 ], [ -0.111442547465125, 51.496447437416592 ], [ -0.110972873725756, 51.495576586551337 ], [ -0.107158977756273, 51.494162606232109 ], [ -0.104896206805438, 51.493527155295652 ], [ -0.103943089080372, 51.491951536433554 ], [ -0.103712146061788, 51.491997261305713 ], [ -0.103156213891935, 51.491473894573311 ], [ -0.103395949044221, 51.491320402050889 ], [ -0.103159774080071, 51.491179894797646 ], [ -0.103803262217436, 51.490461003628603 ], [ -0.101788503837156, 51.489382319735022 ], [ -0.099552357796344, 51.488220824851751 ], [ -0.09892356384128, 51.488389491417749 ], [ -0.098177207658677, 51.487656451234379 ], [ -0.097121482235117, 51.487967023101952 ], [ -0.096885007653954, 51.48762332661768 ], [ -0.096328359668575, 51.487794849764349 ], [ -0.094718853470839, 51.485498668725953 ], [ -0.094297981256139, 51.484347067997547 ], [ -0.094566152546474, 51.483621750301836 ], [ -0.095641479706894, 51.483678543147555 ] ] ] } },
{ "type": "Feature", "properties": { "opportunityarea": "Euston", "boroughs": "Camden" }, "geometry": { "type": "Polygon", "coordinates": [ [ [ -0.147137516509865, 51.536196049307662 ], [ -0.144613513803706, 51.534778276475052 ], [ -0.144020324683168, 51.53419263731999 ], [ -0.143210028200176, 51.532758248058997 ], [ -0.142380742145829, 51.532109620424649 ], [ -0.144447637906522, 51.531791455252637 ], [ -0.143721614994594, 51.53022614945808 ], [ -0.144702129477079, 51.530052333749659 ], [ -0.144510432030564, 51.529580478801336 ], [ -0.144391127907908, 51.525609193030469 ], [ -0.141885038515085, 51.525572219477681 ], [ -0.141084542262284, 51.524167894596808 ], [ -0.13599093233247, 51.525515189977455 ], [ -0.135541023474455, 51.525009915621723 ], [ -0.129183835168653, 51.52722585747015 ], [ -0.12891467903729, 51.526931187596979 ], [ -0.128737256432867, 51.526964947856214 ], [ -0.128248967639226, 51.527721564902414 ], [ -0.127645637005847, 51.527978312040872 ], [ -0.128092772655416, 51.528466502090957 ], [ -0.128568519952574, 51.528274063923114 ], [ -0.131474266695671, 51.531100964087145 ], [ -0.133802901703134, 51.530179622603576 ], [ -0.138248557858071, 51.534277655649198 ], [ -0.138283937853702, 51.53459331363797 ], [ -0.139100419649033, 51.535264239167063 ], [ -0.139322265999461, 51.535217319332986 ], [ -0.139172749026512, 51.534834583873824 ], [ -0.139504279731165, 51.532584546479178 ], [ -0.140182430587285, 51.532950493993724 ], [ -0.140633154442884, 51.533595355921392 ], [ -0.141864997378427, 51.533623258204138 ], [ -0.144779080223755, 51.536457514182402 ], [ -0.145827355530631, 51.536611807146627 ], [ -0.146139447494758, 51.537000789831716 ], [ -0.146283289247319, 51.536925026226122 ], [ -0.146461031895373, 51.537106559998982 ], [ -0.146770713112221, 51.536966529998296 ], [ -0.146552849559205, 51.536643145111547 ], [ -0.146737427994456, 51.536392635480532 ], [ -0.147137516509865, 51.536196049307662 ] ] ] } },
{ "type": "Feature", "properties": { "opportunityarea": "Greenwich Peninsula", "boroughs": "Greenwich" }, "geometry": { "type": "Polygon", "coordinates": [ [ [ 0.004876637654636, 51.504483209745146 ], [ 0.004073216335853, 51.504783605814787 ], [ 0.002955409126335, 51.504898257239191 ], [ 0.001955330291292, 51.504787928097251 ], [ 0.001769159847528, 51.504615923111032 ], [ 0.000377532625117, 51.50430522838613 ], [ -0.000770921930585, 51.503719634548993 ], [ -0.001594125368505, 51.502985155755098 ], [ -0.002037608116599, 51.502180500098923 ], [ -0.00140084275195, 51.502153723594596 ], [ -0.001539474555467, 51.501901274788011 ], [ -0.001845454796232, 51.501906488760227 ], [ -0.001719746341603, 51.50117873220637 ], [ -0.00220616601574, 51.501243752898226 ], [ -0.001873633990271, 51.498928854777517 ], [ -0.001518767854264, 51.498875030373554 ], [ -0.001341948381157, 51.498317161477203 ], [ -0.001610822024751, 51.498297844796731 ], [ -0.000994221648501, 51.497528520280945 ], [ -0.001505133243746, 51.497408437917635 ], [ -0.000262041098303, 51.495253025565709 ], [ 0.00091736698198, 51.495462076697926 ], [ 0.001179351965284, 51.495156820038986 ], [ 0.001254141699802, 51.494768819809231 ], [ 0.000920603223055, 51.494488049166463 ], [ 0.001633629765084, 51.494003216642014 ], [ 0.001528123233383, 51.493689908792732 ], [ 0.002022862344339, 51.492936660461183 ], [ 0.002345733610569, 51.492974116512933 ], [ 0.002735570145536, 51.491921870909337 ], [ 0.002397653708688, 51.491540916819716 ], [ 0.002411615463495, 51.490547759479149 ], [ 0.00260863439418, 51.490434053430029 ], [ 0.002297657265682, 51.489099506268879 ], [ 0.002120353801416, 51.489086770461036 ], [ 0.001943440020144, 51.488506559005444 ], [ 0.00159159457132, 51.488544091319191 ], [ 0.001268827719353, 51.488092473266562 ], [ 0.001441989672814, 51.488010702005909 ], [ 0.000200527282116, 51.486919507542567 ], [ 0.002119147249808, 51.486753862512494 ], [ 0.003039451993993, 51.487589348238821 ], [ 0.004333056131389, 51.487478809510066 ], [ 0.004568413270188, 51.489060708671133 ], [ 0.004121412454332, 51.489100571285853 ], [ 0.004257685530571, 51.489460096192914 ], [ 0.008565220917946, 51.489228758721893 ], [ 0.00877551334792, 51.492176690386103 ], [ 0.012240982874181, 51.489559395946074 ], [ 0.017413832249025, 51.487166115258375 ], [ 0.017861782344904, 51.490060833944682 ], [ 0.01799159172954, 51.490334225296706 ], [ 0.018636219297723, 51.490268004148341 ], [ 0.019097265765292, 51.49204244176493 ], [ 0.019475789100582, 51.493946923294757 ], [ 0.018804130902107, 51.494068738567961 ], [ 0.019176728747517, 51.494757027256291 ], [ 0.017231427496267, 51.495321050520253 ], [ 0.014402480390379, 51.496548189683118 ], [ 0.014310322161854, 51.49677273362289 ], [ 0.013808133719687, 51.496956543248594 ], [ 0.013672696883615, 51.497357013302199 ], [ 0.011220091725476, 51.499023533047264 ], [ 0.007878460761954, 51.501947434513852 ], [ 0.007911652845947, 51.502122049361475 ], [ 0.007583672644712, 51.502207294076655 ], [ 0.004876637654636, 51.504483209745146 ] ] ] } },
{ "type": "Feature", "properties": { "opportunityarea": "Harrow and Wealdstone", "boroughs": "Harrow" }, "geometry": { "type": "Polygon", "coordinates": [ [ [ -0.337863469226577, 51.578426606282974 ], [ -0.337150655544428, 51.577718751800226 ], [ -0.336000534791105, 51.577242227688821 ], [ -0.334025024675719, 51.577184509837117 ], [ -0.332857738475333, 51.577343624589403 ], [ -0.332944920192293, 51.577587950229223 ], [ -0.332719501817362, 51.57770042199612 ], [ -0.332892102028966, 51.578192789086543 ], [ -0.326614124401058, 51.57849059618259 ], [ -0.326696246961547, 51.578809098646119 ], [ -0.324713498034155, 51.579171473773563 ], [ -0.325023592252476, 51.579524062100035 ], [ -0.324654468221517, 51.579589513584239 ], [ -0.324742730523591, 51.579823934365507 ], [ -0.325209949167772, 51.579753048391545 ], [ -0.325891020532805, 51.580145892098329 ], [ -0.326779970877579, 51.579934026402142 ], [ -0.327280173878086, 51.580325163540685 ], [ -0.327671170792811, 51.580302552205588 ], [ -0.32809540861521, 51.58064888860234 ], [ -0.328133175771792, 51.580964412835776 ], [ -0.330344055886079, 51.582574141288063 ], [ -0.330145869197876, 51.582658516378572 ], [ -0.330611201709998, 51.583462655363988 ], [ -0.331135415721525, 51.583868646588499 ], [ -0.330267640715849, 51.58413837611343 ], [ -0.330223696939533, 51.584687048456566 ], [ -0.328947721819915, 51.585040036002454 ], [ -0.329580293975887, 51.586000115018578 ], [ -0.329257102543511, 51.586350878419594 ], [ -0.323651400827356, 51.588297129913656 ], [ -0.323445923901553, 51.588781255778379 ], [ -0.323699958909798, 51.588847227122528 ], [ -0.323618485175312, 51.589021405095046 ], [ -0.324128136879152, 51.589110509522556 ], [ -0.323999160658367, 51.58934901408913 ], [ -0.325753705147969, 51.58959674305013 ], [ -0.326047735414061, 51.589378248698971 ], [ -0.327349697820071, 51.589619498151635 ], [ -0.327486627745466, 51.589784753999048 ], [ -0.327183337469548, 51.590255500284506 ], [ -0.32548003515852, 51.590557821294219 ], [ -0.325136168094997, 51.590834986661321 ], [ -0.326470542665495, 51.591492392977884 ], [ -0.325620959509462, 51.591910807425073 ], [ -0.325317821528727, 51.591728332015016 ], [ -0.324803371180643, 51.592106983417011 ], [ -0.324011987698788, 51.591590926086909 ], [ -0.32251458620727, 51.592772051639272 ], [ -0.323321689073064, 51.592840311891827 ], [ -0.323375495912868, 51.595202270440822 ], [ -0.329295201300925, 51.594741788895234 ], [ -0.329453188614388, 51.593998729128742 ], [ -0.329306724476953, 51.591961135790115 ], [ -0.3299381856049, 51.591823855276012 ], [ -0.329936044868546, 51.59318935791903 ], [ -0.331378391432289, 51.593155470361069 ], [ -0.331277346929275, 51.59365409832197 ], [ -0.33318209790316, 51.593710853759653 ], [ -0.333383941809449, 51.594708392891498 ], [ -0.333800276592057, 51.595055758313009 ], [ -0.334998694462891, 51.59552521628131 ], [ -0.33516236456288, 51.595885500268736 ], [ -0.334733701443736, 51.595920722420814 ], [ -0.335008313691402, 51.596672668369415 ], [ -0.334762926046484, 51.596733436469329 ], [ -0.335014808895869, 51.597099561608019 ], [ -0.335653362708095, 51.597370205304998 ], [ -0.33598924139446, 51.597120692840896 ], [ -0.337105193522208, 51.597893645975887 ], [ -0.338328405065827, 51.597688280005045 ], [ -0.338861229506517, 51.598764722825429 ], [ -0.337706759436453, 51.599045296531784 ], [ -0.337511802726228, 51.599814518788854 ], [ -0.339098952631303, 51.599436149226236 ], [ -0.338949963906081, 51.599118926607304 ], [ -0.339975213231041, 51.598857854433028 ], [ -0.339609011198256, 51.59786970666898 ], [ -0.340019992309045, 51.597712214405163 ], [ -0.340330259663535, 51.59770175657961 ], [ -0.340410415952142, 51.598118572752483 ], [ -0.341031499555605, 51.598082814976543 ], [ -0.34157952571558, 51.598743776243431 ], [ -0.342840609595543, 51.598152906840788 ], [ -0.342797818871496, 51.598018690803706 ], [ -0.344725969741876, 51.597437217153406 ], [ -0.345240317623549, 51.597058477813405 ], [ -0.346296810196088, 51.597503896468027 ], [ -0.348991057091713, 51.596829222990486 ], [ -0.349718493422334, 51.597804431003389 ], [ -0.35234445635582, 51.597039646147245 ], [ -0.353313017869805, 51.596622709361228 ], [ -0.353297242545348, 51.596399799934652 ], [ -0.35361393868378, 51.596211247271853 ], [ -0.355202977437833, 51.595773304167146 ], [ -0.356707399744284, 51.595037238539582 ], [ -0.355277748299303, 51.593950067572585 ], [ -0.354625921337827, 51.594178928640936 ], [ -0.352685541820189, 51.593613087635767 ], [ -0.35229017800801, 51.593701484822425 ], [ -0.35238139638938, 51.593959551806186 ], [ -0.348213710687613, 51.595259474200439 ], [ -0.346473022735887, 51.592651789737303 ], [ -0.341999833094152, 51.593093447323724 ], [ -0.338401513986343, 51.593725473175411 ], [ -0.336181154406479, 51.592521198104386 ], [ -0.3365016873452, 51.592228823928565 ], [ -0.335518508110939, 51.591739817838068 ], [ -0.334778941021451, 51.591759019939595 ], [ -0.334286878330709, 51.590876131541407 ], [ -0.336017211848141, 51.590484990452403 ], [ -0.33594136990008, 51.5899883855474 ], [ -0.336210193598745, 51.589949510593527 ], [ -0.335939268608613, 51.589470065013067 ], [ -0.336262716087282, 51.589150658200346 ], [ -0.33570170648409, 51.58892316663318 ], [ -0.335425632233035, 51.588564613232961 ], [ -0.333028370030353, 51.588794688442626 ], [ -0.332553542258242, 51.586839463267864 ], [ -0.333601348637284, 51.586813476844995 ], [ -0.335166374113689, 51.586528951086621 ], [ -0.334549661100866, 51.585453908294767 ], [ -0.334124189303236, 51.585541816950844 ], [ -0.333772621915996, 51.584502630446629 ], [ -0.333339399802487, 51.584527795553406 ], [ -0.333218162803272, 51.584269286413807 ], [ -0.332608885977093, 51.584160422274167 ], [ -0.33258355358237, 51.584028537101517 ], [ -0.333500916163925, 51.583960145622065 ], [ -0.33439545645412, 51.583691004129854 ], [ -0.333918430780491, 51.582705669232823 ], [ -0.333871399886399, 51.582036936057065 ], [ -0.334810437005972, 51.582033254245985 ], [ -0.334783495175579, 51.581856884770048 ], [ -0.337095896197565, 51.581830287612554 ], [ -0.338078419088663, 51.582150035380494 ], [ -0.33958815229345, 51.581894261750008 ], [ -0.340578869272645, 51.581902010573579 ], [ -0.340777059801982, 51.581739231277105 ], [ -0.341361765097364, 51.581677036742313 ], [ -0.341265261011424, 51.58116326716484 ], [ -0.341551690497522, 51.580964551817537 ], [ -0.342315372054826, 51.580796420388801 ], [ -0.343983240280359, 51.581324962873794 ], [ -0.345632221759432, 51.581336473699601 ], [ -0.345703488389041, 51.58019342002067 ], [ -0.3422856405707, 51.580003432148636 ], [ -0.342463424336556, 51.578352498861108 ], [ -0.341819588504837, 51.578350203906204 ], [ -0.34183052082254, 51.578649560207381 ], [ -0.341296130381973, 51.579039314574025 ], [ -0.341363732265169, 51.579180165171309 ], [ -0.340765706669288, 51.579209967502948 ], [ -0.34041396717041, 51.579486340242042 ], [ -0.3393616734357, 51.579160417992981 ], [ -0.337863469226577, 51.578426606282974 ] ] ] } },
{ "type": "Feature", "properties": { "opportunityarea": "Isle of Dogs", "boroughs": "Tower Hamlets" }, "geometry": { "type": "Polygon", "coordinates": [ [ [ 0.006662866920633, 51.510303626592695 ], [ 0.00815849318169, 51.512300616383435 ], [ 0.008212818829562, 51.51279001229544 ], [ 0.007918792513656, 51.513550935616585 ], [ 0.007264063306034, 51.514297708553691 ], [ 0.006716835726047, 51.514511332782824 ], [ 0.005692667366647, 51.514401731558905 ], [ 0.004751330506792, 51.513748150295264 ], [ 0.004250315182264, 51.512776070728378 ], [ 0.004059316755367, 51.511410504817462 ], [ 0.003709801476433, 51.51090565655624 ], [ 0.003076580265206, 51.510650910622751 ], [ 0.002592894177747, 51.510822603812215 ], [ 0.002548063651488, 51.511293281789676 ], [ 0.004359153085077, 51.514510831803342 ], [ 0.002501837930053, 51.513970426818553 ], [ 0.002028516197356, 51.513631219388081 ], [ 0.001844297808806, 51.513164451646567 ], [ 0.000046249978722, 51.512480057960651 ], [ -0.000932689961017, 51.512558060358479 ], [ -0.00832213706762, 51.511294541206311 ], [ -0.021074043502431, 51.510812781380636 ], [ -0.02806511514332, 51.51186999837288 ], [ -0.029948210012566, 51.512380988739473 ], [ -0.031579698600179, 51.512312547972193 ], [ -0.034567877658346, 51.512496886597106 ], [ -0.034280309841747, 51.510967716782545 ], [ -0.035602135920661, 51.510596814212875 ], [ -0.03734757156054, 51.50937929800773 ], [ -0.035244397649071, 51.509115732760691 ], [ -0.032425905376668, 51.508230070206395 ], [ -0.031543236244096, 51.50827090477339 ], [ -0.031530756876619, 51.507951276665452 ], [ -0.030270795103239, 51.507258029535897 ], [ -0.030010161040181, 51.507466354779936 ], [ -0.028912721626244, 51.506366495368098 ], [ -0.027353761000073, 51.503652163784011 ], [ -0.027037553965026, 51.503447261494543 ], [ -0.027469066296626, 51.502197976756499 ], [ -0.027498690969813, 51.497869391515401 ], [ -0.02785682228442, 51.494429786237056 ], [ -0.027744468268583, 51.494294931070463 ], [ -0.026139595448559, 51.494135861548237 ], [ -0.026131121085266, 51.49390583933485 ], [ -0.026805544493883, 51.49391718978314 ], [ -0.027418311861233, 51.493738617234705 ], [ -0.025740294866363, 51.490640981616139 ], [ -0.023102223357893, 51.488371396796779 ], [ -0.021782317896232, 51.487623993769574 ], [ -0.017551168019522, 51.486330779231061 ], [ -0.015468036646652, 51.486037522867093 ], [ -0.013111495453742, 51.485977480436716 ], [ -0.010205017751124, 51.486284916556784 ], [ -0.010249810680823, 51.486459010917287 ], [ -0.009830040250846, 51.486471571960067 ], [ -0.009756165822913, 51.486362351739842 ], [ -0.006717873345426, 51.487046938209126 ], [ -0.005486450827376, 51.487520102318634 ], [ -0.00464709512388, 51.488136291379355 ], [ -0.005317674357121, 51.488480880221672 ], [ -0.00515234423341, 51.488606177665929 ], [ -0.004464586254754, 51.488263094073567 ], [ -0.003720992517067, 51.488956795688885 ], [ -0.003314738960106, 51.489771128149584 ], [ -0.003107395033887, 51.490556032372105 ], [ -0.003168304254323, 51.49182017522606 ], [ -0.004786520277369, 51.494542336777769 ], [ -0.005019674280806, 51.494482923124195 ], [ -0.005170881250711, 51.494714287573835 ], [ -0.005450636399055, 51.494643085033744 ], [ -0.006145740871498, 51.495707554502296 ], [ -0.005632687918091, 51.495835932458732 ], [ -0.006435412027669, 51.497020457013406 ], [ -0.006982757003149, 51.498341775756089 ], [ -0.007304074276562, 51.498306778194653 ], [ -0.007746039546389, 51.500732446966914 ], [ -0.007348880382538, 51.502878924384184 ], [ -0.006630292289714, 51.503952892779736 ], [ -0.005666241819045, 51.504898529849321 ], [ -0.005891889939569, 51.505134674818514 ], [ -0.005523217587675, 51.505053154629834 ], [ -0.002172943204656, 51.507410249350379 ], [ 0.001656028148643, 51.508121342172046 ], [ 0.002771858024256, 51.508184008461022 ], [ 0.00342079025286, 51.508050390230451 ], [ 0.003599626709893, 51.508394623526428 ], [ 0.005650888778195, 51.508134806565778 ], [ 0.005820662761641, 51.508274940652313 ], [ 0.00608065780327, 51.508229585811144 ], [ 0.005977086534123, 51.508108823057917 ], [ 0.006651486553041, 51.50781121919502 ], [ 0.006850562900418, 51.507869124862978 ], [ 0.008530132785903, 51.507350053973056 ], [ 0.009591428681987, 51.507658748058162 ], [ 0.009836615359736, 51.508022338503849 ], [ 0.009639941045407, 51.508761185215974 ], [ 0.009130826428056, 51.509096792602236 ], [ 0.006713034853238, 51.509955389717213 ], [ 0.006662866920633, 51.510303626592695 ] ] ] } },
{ "type": "Feature", "properties": { "opportunityarea": "Ilford", "boroughs": "Redbridge" }, "geometry": { "type": "Polygon", "coordinates": [ [ [ 0.079103626201332, 51.562712740581262 ], [ 0.078865562080026, 51.563004858773027 ], [ 0.074083632133489, 51.561075867078706 ], [ 0.073135100322196, 51.560845149965687 ], [ 0.072830122444016, 51.561171463860511 ], [ 0.072140098737543, 51.560945975924326 ], [ 0.070963843655757, 51.561675366808785 ], [ 0.070687287277513, 51.561644102935603 ], [ 0.069267253378792, 51.563195898943405 ], [ 0.068986527620353, 51.563104241276918 ], [ 0.068589258235998, 51.56352757919376 ], [ 0.068027966946146, 51.563322519989725 ], [ 0.067157743839857, 51.564048704467446 ], [ 0.066907119769178, 51.563956453910443 ], [ 0.067296050669116, 51.563588670040048 ], [ 0.066750961519532, 51.563377560352684 ], [ 0.066969828542081, 51.563165769404854 ], [ 0.066728622410757, 51.563094893658011 ], [ 0.067602234425017, 51.56193601581974 ], [ 0.067164247715769, 51.561807892734421 ], [ 0.068607778303172, 51.559993505018859 ], [ 0.066659575418777, 51.559537339068569 ], [ 0.067074477503815, 51.559015633107691 ], [ 0.065506107365278, 51.558341854226768 ], [ 0.065406539013341, 51.558159193053193 ], [ 0.064192068336307, 51.557849102013591 ], [ 0.06461159463608, 51.557522471139947 ], [ 0.06550890186123, 51.557273392729599 ], [ 0.065869119614288, 51.556853282750232 ], [ 0.066099590110044, 51.556905993278335 ], [ 0.067618395410263, 51.5549023029346 ], [ 0.068841585503215, 51.555212032734516 ], [ 0.068932291037678, 51.555363872050606 ], [ 0.070707714996588, 51.555998736131883 ], [ 0.071041000768798, 51.555594996856371 ], [ 0.072355220835469, 51.55592627631821 ], [ 0.072056622460362, 51.556647201767561 ], [ 0.074875610079974, 51.557531351427208 ], [ 0.077113647045894, 51.558634152115928 ], [ 0.077472815707409, 51.558720162129589 ], [ 0.078144926360085, 51.55861272819795 ], [ 0.078227975714404, 51.558466247811062 ], [ 0.080964842100651, 51.559005739314102 ], [ 0.08180747226101, 51.559004225284149 ], [ 0.081422830933094, 51.559838862585778 ], [ 0.081872114446561, 51.560057927229188 ], [ 0.081368237268446, 51.561196172296647 ], [ 0.083228179408099, 51.561600802294592 ], [ 0.083031284873835, 51.561959174102917 ], [ 0.07832080581071, 51.56093536206 ], [ 0.077790789699916, 51.562009001657707 ], [ 0.078646651390972, 51.562207221125426 ], [ 0.078413557838009, 51.562426800617793 ], [ 0.079103626201332, 51.562712740581262 ] ] ] } },
{ "type": "Feature", "properties": { "opportunityarea": "Kensal Canalside", "boroughs": "Kensington and Chelsea" }, "geometry": { "type": "MultiPolygon", "coordinates": [ [ [ [ -0.215210529800683, 51.525861163576593 ], [ -0.215230107692915, 51.5261270224578 ], [ -0.215677818717587, 51.526716086193218 ], [ -0.217450194041866, 51.526785041140961 ], [ -0.219185563483403, 51.527649430815806 ], [ -0.219867334643911, 51.527784264966598 ], [ -0.220792882852946, 51.527691447196766 ], [ -0.224798439946533, 51.526572899820202 ], [ -0.227378306785221, 51.526519400036719 ], [ -0.227397147543801, 51.526049742376799 ], [ -0.224894128441914, 51.525994298871858 ], [ -0.220606059142708, 51.52563491160106 ], [ -0.21570932968029, 51.524973886042545 ], [ -0.215877107615594, 51.525348844950152 ], [ -0.215422053267551, 51.525668347286718 ], [ -0.215491278923432, 51.525796642942879 ], [ -0.215210529800683, 51.525861163576593 ] ], [ [ -0.216506840321696, 51.526674681470318 ], [ -0.216343146157752, 51.526678194104683 ], [ -0.216458880850385, 51.526670951527308 ], [ -0.216506840321696, 51.526674681470318 ] ] ], [ [ [ -0.216368428660387, 51.524691328257781 ], [ -0.22733262938274, 51.525737449920832 ], [ -0.227256141228164, 51.524784388114455 ], [ -0.222983298592854, 51.524786956500172 ], [ -0.216612416562343, 51.524128516352206 ], [ -0.216529292556205, 51.52398697102965 ], [ -0.215493608288129, 51.524225255425925 ], [ -0.215698750310392, 51.524564242418741 ], [ -0.216368428660387, 51.524691328257781 ] ] ], [ [ [ -0.215227376638947, 51.526111334120976 ], [ -0.21522601111263, 51.526103489952561 ], [ -0.215225460795972, 51.526117563685474 ], [ -0.215227376638947, 51.526111334120976 ] ] ] ] } },
{ "type": "Feature", "properties": { "opportunityarea": "King's Cross", "boroughs": "Camden, Islington" }, "geometry": { "type": "Polygon", "coordinates": [ [ [ -0.122637896102316, 51.530787096519482 ], [ -0.122371713264574, 51.537236159079704 ], [ -0.123167432806891, 51.538785457519616 ], [ -0.122916489607043, 51.539261137959812 ], [ -0.12256976582694, 51.54153561742514 ], [ -0.126149639938538, 51.540971732878297 ], [ -0.130742814214437, 51.541063623588336 ], [ -0.129563786294006, 51.538567033761296 ], [ -0.129500643905945, 51.536467603473156 ], [ -0.129129541180631, 51.5350569150933 ], [ -0.126696241307134, 51.530651408106067 ], [ -0.126385039621902, 51.529206343041182 ], [ -0.122637896102316, 51.530787096519482 ] ] ] } },
{ "type": "Feature", "properties": { "opportunityarea": "London Bridge/Bankside", "boroughs": "Southwark" }, "geometry": { "type": "Polygon", "coordinates": [ [ [ -0.10917879143075, 51.509825156300792 ], [ -0.108799677126091, 51.507704895323094 ], [ -0.1085063632718, 51.507758616759673 ], [ -0.108175537990477, 51.506908880164779 ], [ -0.107363588089621, 51.507063940742611 ], [ -0.106434542759961, 51.504829581619489 ], [ -0.106566502171212, 51.50425434497339 ], [ -0.106395574776868, 51.503371258692681 ], [ -0.107410068243962, 51.503028696743989 ], [ -0.106751545052385, 51.502222361092088 ], [ -0.106136813931009, 51.502522678920023 ], [ -0.105986636300054, 51.502010339433852 ], [ -0.106527300782737, 51.501583865946493 ], [ -0.106704007984697, 51.501665853384658 ], [ -0.108188832345174, 51.500534270936058 ], [ -0.1102953857229, 51.496875006801794 ], [ -0.107118357180498, 51.497629578709272 ], [ -0.105769268795717, 51.49810907611991 ], [ -0.106943627511086, 51.498870606401553 ], [ -0.106727898763981, 51.498952064914647 ], [ -0.106574673909753, 51.498855286993631 ], [ -0.104999481821958, 51.499740900913459 ], [ -0.104986558457582, 51.499328420680712 ], [ -0.103752660121526, 51.499615393810053 ], [ -0.103603808718345, 51.499452055869931 ], [ -0.103155003053239, 51.499643358797769 ], [ -0.102704267218587, 51.499305117550122 ], [ -0.10308714323044, 51.499161637143615 ], [ -0.102782197375097, 51.498914420078044 ], [ -0.095941681740306, 51.499366178961374 ], [ -0.093079020734541, 51.501032243704955 ], [ -0.09181633596367, 51.501212547261247 ], [ -0.090367148064705, 51.501090834042678 ], [ -0.08892822222858, 51.500723959601501 ], [ -0.084882189063798, 51.498793595456796 ], [ -0.083294507848745, 51.498227973585088 ], [ -0.079780342682804, 51.497679862723452 ], [ -0.077090547505048, 51.50319876412253 ], [ -0.075557307219799, 51.505545437137073 ], [ -0.080776642649588, 51.50699966950031 ], [ -0.085187454848709, 51.507690456895148 ], [ -0.091534902980088, 51.508311936534064 ], [ -0.096850074839946, 51.509446794474336 ], [ -0.101587826875582, 51.509806844002512 ], [ -0.10917879143075, 51.509825156300792 ] ] ] } },
{ "type": "Feature", "properties": { "opportunityarea": "New Cross/Lewisham/Catford", "boroughs": "Lewisham " }, "geometry": { "type": "Polygon", "coordinates": [ [ [ -0.032449623030341, 51.493014308829821 ], [ -0.03323672297243, 51.492824701398149 ], [ -0.033336570339388, 51.493013459329632 ], [ -0.037315023132926, 51.492219491624319 ], [ -0.037954358217411, 51.492328183723394 ], [ -0.039093179209252, 51.492911989633861 ], [ -0.039966176041458, 51.492945460412422 ], [ -0.040563334272901, 51.492794426822279 ], [ -0.040070412261587, 51.492162998349016 ], [ -0.041055642471912, 51.491827866605739 ], [ -0.040343763022812, 51.491062423601534 ], [ -0.042508070348312, 51.490240647056872 ], [ -0.04222586638708, 51.490035453539249 ], [ -0.044498793222953, 51.490106643821008 ], [ -0.044758099473235, 51.49044189738359 ], [ -0.045831755936073, 51.490162129161128 ], [ -0.046164363542792, 51.490366355205225 ], [ -0.04656733524397, 51.490341603639145 ], [ -0.046567454986689, 51.490744539208571 ], [ -0.047550026044558, 51.490369651398353 ], [ -0.051151634006948, 51.489550155645368 ], [ -0.051958646606943, 51.489135461454858 ], [ -0.049987050434699, 51.488282615484856 ], [ -0.050596917824709, 51.487831388187367 ], [ -0.052354967680369, 51.487736629494151 ], [ -0.052573707773692, 51.487547694011809 ], [ -0.054016296758054, 51.487969091324317 ], [ -0.053655000906965, 51.487356091446877 ], [ -0.052893088982925, 51.486677096215722 ], [ -0.052823907524098, 51.486204777729313 ], [ -0.053034645146418, 51.485857572821935 ], [ -0.0535394075561, 51.485775963495342 ], [ -0.053061338330473, 51.484823798656677 ], [ -0.052856233745529, 51.482674818632468 ], [ -0.053369476301804, 51.480396446117794 ], [ -0.054328547396672, 51.478605803575782 ], [ -0.05269923470266, 51.478008611760742 ], [ -0.052756989582397, 51.472933402607431 ], [ -0.04919784419916, 51.473896595608764 ], [ -0.047783278684607, 51.473925639862337 ], [ -0.045921472323303, 51.47430196583533 ], [ -0.043982169909785, 51.46827296049679 ], [ -0.036176428160327, 51.468840375251233 ], [ -0.035699923896133, 51.469141291553548 ], [ -0.032901324767864, 51.468804795422692 ], [ -0.017444388644939, 51.464803364385553 ], [ -0.016270320707099, 51.46092115676506 ], [ -0.016619807021394, 51.459427964748016 ], [ -0.018635716358651, 51.457022660174097 ], [ -0.019670544318484, 51.456608171443193 ], [ -0.022521038210964, 51.456529258952955 ], [ -0.023077898821167, 51.455877964766849 ], [ -0.026006121233385, 51.453996140853356 ], [ -0.025567779339959, 51.452845297875662 ], [ -0.026775864248222, 51.452179602727547 ], [ -0.028934894927117, 51.450208516140457 ], [ -0.028640373536679, 51.449492077045861 ], [ -0.031472384326777, 51.446998694813317 ], [ -0.031244725234897, 51.445673498126254 ], [ -0.031991184721282, 51.444390198992174 ], [ -0.030803652259451, 51.442693137580491 ], [ -0.029072711720376, 51.441342760667808 ], [ -0.026214095838376, 51.439744660929527 ], [ -0.023705084147363, 51.439473680210313 ], [ -0.021835011048259, 51.439467484712694 ], [ -0.013096507535367, 51.441276306002322 ], [ -0.012239444988536, 51.444158493677016 ], [ -0.012267735626297, 51.445378678320175 ], [ -0.011252497971548, 51.44815659335854 ], [ -0.008521465330005, 51.451108625219447 ], [ -0.008779090983921, 51.452663000454073 ], [ -0.008102374499984, 51.453261301498543 ], [ -0.007642604325045, 51.45540412084344 ], [ -0.003997500232275, 51.456926814118674 ], [ -0.004249591674635, 51.458608126958907 ], [ -0.003354524925654, 51.459482105983291 ], [ -0.002474045808979, 51.46336713226232 ], [ -0.003104730635437, 51.464497598363984 ], [ -0.007449972927247, 51.468242120625078 ], [ -0.008759440052241, 51.469001295383102 ], [ -0.009072346493228, 51.470226301355112 ], [ -0.011906721993689, 51.472408838456317 ], [ -0.013500812234182, 51.474926129261952 ], [ -0.012975522833975, 51.475631581867674 ], [ -0.012125118329484, 51.477844471518395 ], [ -0.013146615295029, 51.477798135669602 ], [ -0.018472972954627, 51.476033430528688 ], [ -0.019165752378052, 51.475721669389607 ], [ -0.021326339178287, 51.474212486710201 ], [ -0.03225978990768, 51.475884621885022 ], [ -0.034740314232074, 51.479244479856519 ], [ -0.030924022578788, 51.480530586040118 ], [ -0.031612761637962, 51.481506336498221 ], [ -0.031843522149255, 51.483747669022449 ], [ -0.031718741748391, 51.485702182432433 ], [ -0.034304599397355, 51.4880323689178 ], [ -0.029985869286437, 51.489635549291499 ], [ -0.032449623030341, 51.493014308829821 ] ] ] } },
{ "type": "Feature", "properties": { "opportunityarea": "London Riverside", "boroughs": "Barking and Dagenham, Havering" }, "geometry": { "type": "Polygon", "coordinates": [ [ [ 0.093240146783659, 51.546003026154146 ], [ 0.092382188462983, 51.548344269959884 ], [ 0.08589679242767, 51.547197006922204 ], [ 0.081595109786603, 51.545376229661258 ], [ 0.081570833530732, 51.545196050381655 ], [ 0.078709156944054, 51.544432008551333 ], [ 0.077939131909101, 51.544085959911826 ], [ 0.077738292897358, 51.544247834374062 ], [ 0.07179720614363, 51.543588477372303 ], [ 0.071197815167816, 51.54363142677753 ], [ 0.068327138174442, 51.544414147496042 ], [ 0.066867366283075, 51.541774480286136 ], [ 0.066686968050961, 51.540808162607242 ], [ 0.067150425863684, 51.539482580626 ], [ 0.069083428992061, 51.537336981325467 ], [ 0.068845342135702, 51.537031471206859 ], [ 0.06835930495937, 51.536861042312964 ], [ 0.068228640866789, 51.536420400458148 ], [ 0.067884810007133, 51.53618454004053 ], [ 0.068216755907733, 51.536299783719208 ], [ 0.068900114481485, 51.53612348056064 ], [ 0.069590210653578, 51.536205793337281 ], [ 0.07171143839456, 51.53285673713431 ], [ 0.072118777547542, 51.5328211338187 ], [ 0.072630444164919, 51.531234857113994 ], [ 0.07281053651315, 51.529256445830242 ], [ 0.075264174073405, 51.52993820701829 ], [ 0.075587461682935, 51.529644350042489 ], [ 0.076181554428052, 51.529601560589306 ], [ 0.076413972560014, 51.529442636189259 ], [ 0.07820127609401, 51.5292944719654 ], [ 0.080336393619228, 51.527769733096257 ], [ 0.083769810028641, 51.526574852331258 ], [ 0.085166689206329, 51.525829643560819 ], [ 0.086097237671268, 51.525774346600244 ], [ 0.087642174433992, 51.526310722468146 ], [ 0.089019345623537, 51.526494869997329 ], [ 0.090727505467633, 51.525842214805166 ], [ 0.091767119687233, 51.525959523246456 ], [ 0.09236367526418, 51.525824008824465 ], [ 0.09266359464121, 51.525580961005652 ], [ 0.09281688595523, 51.524346116756618 ], [ 0.092355989153711, 51.522858994129088 ], [ 0.092534806393764, 51.522434977873843 ], [ 0.095221513479207, 51.520401792291736 ], [ 0.094753361577596, 51.518928206828967 ], [ 0.094902910337821, 51.51761089814687 ], [ 0.095307451221729, 51.516769293444909 ], [ 0.095967029560954, 51.516233641525105 ], [ 0.097454802148975, 51.515447817424686 ], [ 0.096632783847901, 51.514984153343271 ], [ 0.095950662658726, 51.515369798725004 ], [ 0.09547331586881, 51.515297951196189 ], [ 0.095892923975268, 51.51527436492227 ], [ 0.096450980047422, 51.514930218248004 ], [ 0.096705910227952, 51.514925660822186 ], [ 0.097955464812697, 51.515476173328537 ], [ 0.099228515722363, 51.514872539309827 ], [ 0.099235005445694, 51.514737207450743 ], [ 0.101232224933326, 51.514351359774409 ], [ 0.1016450977418, 51.514455355441683 ], [ 0.104428195841582, 51.513967804129258 ], [ 0.10656190572364, 51.513778273716923 ], [ 0.107279793810902, 51.513860853075158 ], [ 0.108696447718067, 51.514108608708135 ], [ 0.114352452205267, 51.515747548620666 ], [ 0.11417286589692, 51.51594713531955 ], [ 0.118031383444536, 51.517723118732981 ], [ 0.122832658063144, 51.519010647157501 ], [ 0.12661285179854, 51.519544240945045 ], [ 0.129288152745926, 51.519325519293432 ], [ 0.132703408389821, 51.518779154015419 ], [ 0.133095456469336, 51.519086233667373 ], [ 0.133795949515099, 51.51881169138538 ], [ 0.13596621213076, 51.518562714754069 ], [ 0.139031158448659, 51.517708432641506 ], [ 0.143731857109197, 51.515057129639047 ], [ 0.144050568529315, 51.515142913495346 ], [ 0.14421391172879, 51.515493337298203 ], [ 0.145268761569329, 51.515173055110033 ], [ 0.145903731519273, 51.514847317536145 ], [ 0.145628893517958, 51.514354906318957 ], [ 0.152511158788735, 51.51260577175389 ], [ 0.158187153716769, 51.511977859365551 ], [ 0.158496105177697, 51.512299415021708 ], [ 0.158703193905618, 51.512243282582638 ], [ 0.159028712983758, 51.512472840495526 ], [ 0.159464500382779, 51.512373197128134 ], [ 0.159246779872112, 51.511762003227396 ], [ 0.162372669669014, 51.51132483421727 ], [ 0.16258164390019, 51.51175296288892 ], [ 0.162923851744697, 51.511890591834309 ], [ 0.164112274121211, 51.511737766174164 ], [ 0.164851265592599, 51.511396875246405 ], [ 0.165129140441336, 51.511064592936926 ], [ 0.171801435882199, 51.508454307716093 ], [ 0.173105503908855, 51.508089776428307 ], [ 0.173176516402861, 51.508258642142245 ], [ 0.173613475934394, 51.508185093239163 ], [ 0.175436245669203, 51.507261255686771 ], [ 0.1785527197625, 51.50531857451891 ], [ 0.178672499783721, 51.504753464632259 ], [ 0.179993192813103, 51.502543091732498 ], [ 0.180319166472509, 51.502340688653554 ], [ 0.180400131554284, 51.50184173975596 ], [ 0.180135622467838, 51.50157182525254 ], [ 0.180985445486412, 51.500482662575664 ], [ 0.182652929806802, 51.49939140565845 ], [ 0.182270858793181, 51.499293866310225 ], [ 0.182378824456261, 51.49848029914348 ], [ 0.182223377769003, 51.498299970303748 ], [ 0.182384718025356, 51.498166066461046 ], [ 0.182622083989195, 51.498305589149787 ], [ 0.182764053223753, 51.497766311353885 ], [ 0.183077089896841, 51.497734323183863 ], [ 0.183337985107933, 51.497048799561547 ], [ 0.182323253864837, 51.496439443802906 ], [ 0.182441096150605, 51.495835164725079 ], [ 0.182935824904881, 51.495655773044966 ], [ 0.18325637384674, 51.494903697138184 ], [ 0.183615710957159, 51.492331599745995 ], [ 0.184057871983165, 51.491930669643018 ], [ 0.184748263396747, 51.490582733393062 ], [ 0.187699016022294, 51.488276347028091 ], [ 0.187536810997069, 51.487952120094768 ], [ 0.188657247223208, 51.487708697400734 ], [ 0.189894977215409, 51.487724875997856 ], [ 0.190723254635031, 51.487945044979199 ], [ 0.191819338651727, 51.488068491870514 ], [ 0.192801361676067, 51.487997808560579 ], [ 0.193437955839627, 51.488156083557257 ], [ 0.194991796630591, 51.488205494465419 ], [ 0.19492086641145, 51.488036630605237 ], [ 0.198461776002698, 51.488860430141166 ], [ 0.201288278518052, 51.489213132398049 ], [ 0.206347954705046, 51.489353661950965 ], [ 0.208509884806133, 51.489836475644722 ], [ 0.210439710147686, 51.490027918725708 ], [ 0.210525766743893, 51.490242883139317 ], [ 0.211304440511434, 51.490473276359147 ], [ 0.211411540113197, 51.490902073976685 ], [ 0.211902598251019, 51.491042768962359 ], [ 0.212124286466479, 51.492412956292682 ], [ 0.212809759802453, 51.493298159082471 ], [ 0.213045871322349, 51.49502147818805 ], [ 0.213515124528236, 51.495012620368868 ], [ 0.214127215119123, 51.49603927545796 ], [ 0.2154586830678, 51.496618911744982 ], [ 0.215925558143509, 51.496460302306659 ], [ 0.216997156869317, 51.496582638149846 ], [ 0.218351870180321, 51.497096621241894 ], [ 0.219508242970147, 51.49728609967034 ], [ 0.219639908699447, 51.497450831730156 ], [ 0.221625068329221, 51.497810158426361 ], [ 0.222804426296203, 51.497787357266944 ], [ 0.20180665236072, 51.510012804189763 ], [ 0.205480476657786, 51.511822841743225 ], [ 0.203842026637871, 51.513627079430677 ], [ 0.209056920731615, 51.515809102671483 ], [ 0.210260928480904, 51.518173718649585 ], [ 0.205378803272384, 51.520643038001232 ], [ 0.203670714459798, 51.521294129356711 ], [ 0.20051773598624, 51.521881073055006 ], [ 0.196831238318759, 51.521929142547684 ], [ 0.192591534872776, 51.521734010633203 ], [ 0.192042714317088, 51.52298987785101 ], [ 0.191777441435356, 51.524514924863496 ], [ 0.185663120276295, 51.526170243279068 ], [ 0.181534024613289, 51.52755259955201 ], [ 0.17759006161832, 51.528517374919339 ], [ 0.172508106498402, 51.529243728448222 ], [ 0.167746937545788, 51.530197404792837 ], [ 0.166401730642979, 51.528955533557422 ], [ 0.16168055537536, 51.531470553311017 ], [ 0.156425733181277, 51.53344624944468 ], [ 0.153621541469246, 51.533561153087433 ], [ 0.150794397521326, 51.533908542580392 ], [ 0.143919498571696, 51.53384444182894 ], [ 0.141008654674391, 51.534573233261057 ], [ 0.138019109127113, 51.535071065761436 ], [ 0.132332257525929, 51.536525729933118 ], [ 0.131248839698735, 51.536524386319812 ], [ 0.129627652201821, 51.535878220186461 ], [ 0.126978484055045, 51.535694067667791 ], [ 0.125235396535315, 51.536063423737694 ], [ 0.123656122160636, 51.536675678063041 ], [ 0.115560565991426, 51.536217194692775 ], [ 0.111994695183426, 51.536703728743454 ], [ 0.111691846014166, 51.536012438367479 ], [ 0.105288523324922, 51.536634231598434 ], [ 0.102716836406842, 51.536659317695936 ], [ 0.102378782277781, 51.537690445274187 ], [ 0.10125338838352, 51.539122160478726 ], [ 0.100272321706328, 51.539808414747455 ], [ 0.098752230124613, 51.540429962824781 ], [ 0.096164167374969, 51.542445006121746 ], [ 0.094150814562358, 51.54530406103941 ], [ 0.093240146783659, 51.546003026154146 ] ] ] } },
{ "type": "Feature", "properties": { "opportunityarea": "Old Kent Road", "boroughs": "Southwark" }, "geometry": { "type": "Polygon", "coordinates": [ [ [ -0.080870312648478, 51.49644965483278 ], [ -0.081283544552477, 51.495915493906317 ], [ -0.081479580344798, 51.49596823245961 ], [ -0.082185586378548, 51.495474180760382 ], [ -0.082566322719337, 51.495713791633754 ], [ -0.083388713810169, 51.495013061383908 ], [ -0.084080652934721, 51.494720328584656 ], [ -0.084881614314642, 51.495833611100281 ], [ -0.085965350701472, 51.495502850577317 ], [ -0.086968020452065, 51.495442891535269 ], [ -0.089526887508981, 51.494288034914604 ], [ -0.089683641747205, 51.494732178772395 ], [ -0.090274864642801, 51.494580436372424 ], [ -0.090640031065975, 51.494926293498395 ], [ -0.090893806102018, 51.494731652989003 ], [ -0.092815858778171, 51.494573687940644 ], [ -0.0928637201831, 51.494163891742971 ], [ -0.091831033091115, 51.494144574558931 ], [ -0.091462716039682, 51.492628266137416 ], [ -0.090521840199596, 51.491501329875753 ], [ -0.088221063126698, 51.491087700312519 ], [ -0.086679210834237, 51.489336378440164 ], [ -0.082259803706271, 51.490284279937214 ], [ -0.080977545398617, 51.489504011843884 ], [ -0.080720334230335, 51.489599404386752 ], [ -0.079315638825851, 51.488873659244788 ], [ -0.079021178916782, 51.488962511816474 ], [ -0.078043266981743, 51.488349189272682 ], [ -0.07667198975498, 51.487723561768611 ], [ -0.076411427253553, 51.487878412030298 ], [ -0.075818609964357, 51.487468541252625 ], [ -0.076260228068339, 51.487077612051152 ], [ -0.076774846022961, 51.484951637721892 ], [ -0.077727394287316, 51.485044665685741 ], [ -0.077861018882239, 51.484394450696584 ], [ -0.07688895311624, 51.484345248402732 ], [ -0.076949444624855, 51.484169310688934 ], [ -0.075925608643362, 51.484086167454144 ], [ -0.075876272127802, 51.484417185617872 ], [ -0.074144322175898, 51.484322404964082 ], [ -0.074107992374078, 51.481402109558431 ], [ -0.072428818642601, 51.480058463756698 ], [ -0.071469900231131, 51.479699905599105 ], [ -0.070354027058063, 51.477602413411276 ], [ -0.068754626833915, 51.478151078746222 ], [ -0.062989360260202, 51.479206172134106 ], [ -0.061023667074872, 51.476696378539927 ], [ -0.058546152299812, 51.477484800380118 ], [ -0.054682891055489, 51.477324393437172 ], [ -0.054643077617023, 51.477727035512558 ], [ -0.054016675179518, 51.477661794633214 ], [ -0.05384733356228, 51.477882388531711 ], [ -0.052716551901421, 51.47757700898142 ], [ -0.052712915553749, 51.478007939707311 ], [ -0.054328547396672, 51.478605803575782 ], [ -0.053509055600858, 51.480060648553639 ], [ -0.053568994404274, 51.480337367331543 ], [ -0.053388862798292, 51.480361266774139 ], [ -0.053532309872139, 51.48047645921973 ], [ -0.053170844371138, 51.481023510772808 ], [ -0.052856233745529, 51.482674818632468 ], [ -0.053061338330473, 51.484823798656677 ], [ -0.053567334799841, 51.485806093820401 ], [ -0.05314987083917, 51.485851212759549 ], [ -0.05295375717472, 51.486030633102004 ], [ -0.052893088982925, 51.486677096215722 ], [ -0.053655000906965, 51.487356091446877 ], [ -0.054016296758054, 51.487969091324317 ], [ -0.052573707773692, 51.487547694011809 ], [ -0.052356917999984, 51.487740888431503 ], [ -0.050719085937627, 51.487868391538022 ], [ -0.050064091674005, 51.488315775578371 ], [ -0.05961565050461, 51.492344119449562 ], [ -0.059845790994297, 51.49234792738968 ], [ -0.060646335774505, 51.491852420815356 ], [ -0.059773128337995, 51.490332951328881 ], [ -0.06308883354451, 51.489511776293782 ], [ -0.06776169327799, 51.48963354414041 ], [ -0.072649442852161, 51.490369274392229 ], [ -0.072092650589359, 51.492649434793087 ], [ -0.072659178232755, 51.492658747477186 ], [ -0.073304921401412, 51.492890514310027 ], [ -0.076990312546051, 51.49521065238352 ], [ -0.080870312648478, 51.49644965483278 ] ] ] } },
{ "type": "Feature", "properties": { "opportunityarea": "Old Oak/Park Royal", "boroughs": "Brent, Ealing, Hammersmith and Fulham" }, "geometry": { "type": "Polygon", "coordinates": [ [ [ -0.246458249639625, 51.532945236805432 ], [ -0.247274411782784, 51.533661877063956 ], [ -0.247459703747239, 51.533560450806796 ], [ -0.250687000162099, 51.534188194005921 ], [ -0.250836939617799, 51.533886479118848 ], [ -0.251514315653745, 51.534007605490046 ], [ -0.255815803651904, 51.53557742388422 ], [ -0.255915381588936, 51.535976878605673 ], [ -0.25642865579908, 51.535934978231239 ], [ -0.25702656425315, 51.53619251923174 ], [ -0.25694586935043, 51.536369314799607 ], [ -0.257805234004869, 51.536697890915462 ], [ -0.257932073980767, 51.536551895367296 ], [ -0.25817427241187, 51.536631989441887 ], [ -0.269522058353526, 51.541619153505209 ], [ -0.274640732419031, 51.543571147566482 ], [ -0.273810762280122, 51.544281265007143 ], [ -0.275087910091319, 51.543907920655037 ], [ -0.275451664368052, 51.543963966672834 ], [ -0.27621892363042, 51.543587511422892 ], [ -0.278552330669475, 51.54440343714797 ], [ -0.279693999284203, 51.544550436186007 ], [ -0.280766383289613, 51.543131935911973 ], [ -0.276980841456717, 51.54191348962933 ], [ -0.278349830190314, 51.540373869621128 ], [ -0.279949085800259, 51.539226590600983 ], [ -0.283802391695265, 51.537536947465895 ], [ -0.282533645889848, 51.535779581417536 ], [ -0.282197506756426, 51.535645296539698 ], [ -0.281832845827054, 51.535778761922565 ], [ -0.281236096462998, 51.535708171570683 ], [ -0.280453770981975, 51.534706482019537 ], [ -0.278171781134296, 51.534906479642267 ], [ -0.278110433052864, 51.534550661172482 ], [ -0.278508335710425, 51.534581760089189 ], [ -0.278951778591285, 51.533260927213398 ], [ -0.279409571786716, 51.533011891561785 ], [ -0.281391281229499, 51.532477992982344 ], [ -0.28174215597592, 51.532880395507959 ], [ -0.283167154435395, 51.532345874365951 ], [ -0.283596660900354, 51.532522599650299 ], [ -0.284197201349389, 51.532513588685703 ], [ -0.285445870665744, 51.531994886225952 ], [ -0.285981950982435, 51.532746078945792 ], [ -0.289476369046789, 51.531565575038144 ], [ -0.286759111725116, 51.529862911014419 ], [ -0.287206522851063, 51.529641821562166 ], [ -0.292448959363412, 51.530668733431263 ], [ -0.29236481958229, 51.529940506951341 ], [ -0.291515052452132, 51.52972362213513 ], [ -0.291596612912185, 51.529310650742197 ], [ -0.289228759298337, 51.528844548517505 ], [ -0.286984812490407, 51.527884685536918 ], [ -0.286660269992993, 51.527983780354333 ], [ -0.284012962254894, 51.526999542660306 ], [ -0.283513595613946, 51.525135491396384 ], [ -0.283437834436906, 51.523183334114421 ], [ -0.282675771094238, 51.523533663071632 ], [ -0.2809939564151, 51.523522509221699 ], [ -0.280636811194712, 51.523168830942936 ], [ -0.280565824764926, 51.521493902440326 ], [ -0.280277562372586, 51.521495521767228 ], [ -0.280018696502113, 51.520694690183916 ], [ -0.278169793513362, 51.519595534222198 ], [ -0.271915400629521, 51.524017684829168 ], [ -0.270811306450149, 51.524546377920132 ], [ -0.270031347194539, 51.524700831861203 ], [ -0.269070229496791, 51.524426307407978 ], [ -0.268932714145905, 51.524629870263865 ], [ -0.267191331379703, 51.524092198520485 ], [ -0.265177578994227, 51.523038133489251 ], [ -0.263994587985918, 51.521764579761772 ], [ -0.264007356165237, 51.521106986699806 ], [ -0.264445866434646, 51.520479514220966 ], [ -0.264247386857321, 51.520420303239952 ], [ -0.263639122838461, 51.521189373897677 ], [ -0.262302659326352, 51.51881407008392 ], [ -0.261956194165589, 51.51853744852729 ], [ -0.260998445431934, 51.518884108195032 ], [ -0.261335745724642, 51.51946678674107 ], [ -0.260806984333554, 51.520235043071814 ], [ -0.261573387894296, 51.520276429291918 ], [ -0.26154693013377, 51.520440543460715 ], [ -0.261079419465052, 51.520917088228799 ], [ -0.259903316484933, 51.521300589943813 ], [ -0.25903663293114, 51.521841237072387 ], [ -0.25825215759238, 51.521394478048762 ], [ -0.258510592294928, 51.521168542194616 ], [ -0.259181351652591, 51.520985126684806 ], [ -0.258877800323496, 51.520549383601931 ], [ -0.259167662036125, 51.519704689500486 ], [ -0.258959103637638, 51.519479905346238 ], [ -0.257457572115904, 51.52006118588934 ], [ -0.257386248764251, 51.519753117916572 ], [ -0.257156628388983, 51.519800504353846 ], [ -0.257020841944302, 51.519621741777392 ], [ -0.25576746554203, 51.519340075258583 ], [ -0.250574010774089, 51.519418797255504 ], [ -0.250288950842412, 51.519898281350883 ], [ -0.249736229076741, 51.519671313829896 ], [ -0.249531406753952, 51.519846531313476 ], [ -0.246451262331077, 51.519845110252547 ], [ -0.243681338633798, 51.518295358847766 ], [ -0.243386524493805, 51.517942498279432 ], [ -0.242898666020236, 51.517856624815501 ], [ -0.238322626057931, 51.518110274734312 ], [ -0.238201569877475, 51.518272333884084 ], [ -0.23723353149296, 51.518425453289638 ], [ -0.237221919178453, 51.518744508667581 ], [ -0.238083293367296, 51.519929896007142 ], [ -0.237140212796144, 51.520051295839636 ], [ -0.233981049806044, 51.520384045658616 ], [ -0.232777198317783, 51.520351976627936 ], [ -0.231675665558757, 51.520007162532465 ], [ -0.231407753844184, 51.519229102892027 ], [ -0.228021332925755, 51.519663800147121 ], [ -0.228138564746633, 51.520115694588029 ], [ -0.228902558576288, 51.520763894303911 ], [ -0.228248034635368, 51.521288365177 ], [ -0.229851205336842, 51.522528889337146 ], [ -0.230914105508939, 51.523608058740258 ], [ -0.230741100578651, 51.524149426173835 ], [ -0.230296291277631, 51.524503293280354 ], [ -0.230322717908762, 51.524946800979784 ], [ -0.228873718496558, 51.524999281233086 ], [ -0.228448399817266, 51.524779793031954 ], [ -0.227202067903032, 51.524782995412551 ], [ -0.227385115973513, 51.52665572955803 ], [ -0.228778821793131, 51.526666898979883 ], [ -0.232000929954881, 51.526292351073373 ], [ -0.233911534304417, 51.526407971017285 ], [ -0.234555682290204, 51.527365913884019 ], [ -0.234846757561632, 51.527295585434445 ], [ -0.235521575198154, 51.528540220599837 ], [ -0.236516609633803, 51.529782831407225 ], [ -0.236946436380896, 51.529666132516041 ], [ -0.237129036630061, 51.532179997153527 ], [ -0.238879657706766, 51.532458904727456 ], [ -0.240026106571733, 51.532945826274542 ], [ -0.244019865711501, 51.532774363704775 ], [ -0.246458249639625, 51.532945236805432 ] ] ] } },
{ "type": "Feature", "properties": { "opportunityarea": "Olympic Legacy", "boroughs": "Hackney, Newham, Tower Hamlets, Waltham Forest" }, "geometry": { "type": "Polygon", "coordinates": [ [ [ 0.010552774079059, 51.540512861886327 ], [ 0.013289531636514, 51.541135145291527 ], [ 0.017316594523551, 51.54149379863577 ], [ 0.015582939567913, 51.544463715600372 ], [ 0.020016027315866, 51.545638074224712 ], [ 0.019376892326575, 51.546702355047252 ], [ 0.023419688019277, 51.547400627018696 ], [ 0.023043802774247, 51.54844923978149 ], [ 0.024796734371879, 51.548693285473014 ], [ 0.024833239970602, 51.549515427657759 ], [ 0.019883815241704, 51.548613459237096 ], [ 0.018675891842203, 51.550740535649531 ], [ 0.017798873545321, 51.550540760315016 ], [ 0.017160711987461, 51.551438785353675 ], [ 0.016773727433792, 51.552200065149911 ], [ 0.017558442685233, 51.552554895127976 ], [ 0.016723343718443, 51.553341141478434 ], [ 0.01629065328659, 51.553158168543426 ], [ 0.014585177863588, 51.554935765283297 ], [ 0.012012824132167, 51.554069395659162 ], [ 0.010940527604919, 51.555294515137462 ], [ 0.009866043604515, 51.554874123116505 ], [ 0.009574384176488, 51.555043637645767 ], [ 0.008065862990015, 51.556353066626151 ], [ 0.008712653004454, 51.556673816966104 ], [ 0.007847876374653, 51.557399013822682 ], [ 0.009053150876857, 51.557992761337168 ], [ 0.008052340668849, 51.55884363158939 ], [ 0.007152314160523, 51.559188158756633 ], [ 0.009365246717412, 51.562981747538636 ], [ 0.007370798270101, 51.564027896585941 ], [ 0.00223292960617, 51.566194631819229 ], [ 0.002610474698256, 51.566374642081705 ], [ 0.000237711490399, 51.567259909009934 ], [ 0.000283006179016, 51.567489551544696 ], [ -0.001035079394408, 51.567939849283569 ], [ -0.001743660732509, 51.568643071957048 ], [ -0.003395335400981, 51.569515891277213 ], [ -0.005307810166507, 51.568857266220768 ], [ -0.008360625299819, 51.569896497828069 ], [ -0.008350218404319, 51.569731714583654 ], [ -0.010413691261064, 51.569240176180479 ], [ -0.011222950687075, 51.568847996349888 ], [ -0.011832930243593, 51.568989947296835 ], [ -0.012738755590657, 51.568401883810388 ], [ -0.013150403844403, 51.56865023663817 ], [ -0.015153545289344, 51.56792718046011 ], [ -0.017075370851404, 51.570285387843747 ], [ -0.022812256833961, 51.568221362228847 ], [ -0.024865537218551, 51.570479528413912 ], [ -0.033001962155914, 51.567493625018678 ], [ -0.03500499912259, 51.569462819925228 ], [ -0.035169159608141, 51.569940779542591 ], [ -0.036038180210861, 51.570950968215428 ], [ -0.036842621083925, 51.57161890040669 ], [ -0.035073810223114, 51.572060908086335 ], [ -0.035832380008416, 51.573138919682016 ], [ -0.034691774998069, 51.573776270408771 ], [ -0.035137178274762, 51.57420868491743 ], [ -0.033600667354201, 51.575488111282382 ], [ -0.033910049131083, 51.575920948580581 ], [ -0.034524496888139, 51.576302348246301 ], [ -0.034079966133827, 51.576662860413947 ], [ -0.034748460609539, 51.577192959409111 ], [ -0.037262616461699, 51.575505459124209 ], [ -0.038369767425049, 51.575606589838614 ], [ -0.039945582934849, 51.576364436522653 ], [ -0.040657763947899, 51.577053364032977 ], [ -0.046101397760211, 51.574130877162368 ], [ -0.047347612054998, 51.573743837224477 ], [ -0.048773250364223, 51.573562042279384 ], [ -0.049890083893694, 51.573767239297545 ], [ -0.052325159424776, 51.576322442372231 ], [ -0.053722208073458, 51.574970159080316 ], [ -0.056054398808893, 51.573531680248188 ], [ -0.057315255724523, 51.573242497481658 ], [ -0.058585289245561, 51.573167594664426 ], [ -0.058430868146753, 51.572524865686233 ], [ -0.056770705444054, 51.57135539033964 ], [ -0.056399142047801, 51.570794376869074 ], [ -0.05586953304493, 51.570558067153442 ], [ -0.054980295761096, 51.570499279680384 ], [ -0.054439056413761, 51.570298730867592 ], [ -0.053293935122374, 51.568662894585543 ], [ -0.050787888721812, 51.56753862975166 ], [ -0.047547510222968, 51.565238431236658 ], [ -0.046617326310613, 51.564050296740689 ], [ -0.047299793104802, 51.563106651726436 ], [ -0.047283722195349, 51.562740401938392 ], [ -0.046871254711021, 51.562466444407598 ], [ -0.045594556945759, 51.562137278363778 ], [ -0.053200943683622, 51.558911104039993 ], [ -0.055125500189559, 51.558334670130641 ], [ -0.055749273686065, 51.557857392209449 ], [ -0.055560806556045, 51.556570321296583 ], [ -0.052611740811997, 51.552479874364032 ], [ -0.051636038874258, 51.551463628705307 ], [ -0.049960032823983, 51.551818126845454 ], [ -0.049323289732411, 51.552120932266384 ], [ -0.048018508291037, 51.549125791616945 ], [ -0.047533515265045, 51.549206902198485 ], [ -0.047037224418814, 51.548016187266029 ], [ -0.046464073401892, 51.547959627025008 ], [ -0.046093363008555, 51.54714165632052 ], [ -0.04205130511239, 51.547009538162584 ], [ -0.041689933330021, 51.545203437850205 ], [ -0.042326226909741, 51.545137192750644 ], [ -0.042248937705548, 51.544477745093424 ], [ -0.04153499433941, 51.542666658375367 ], [ -0.040063979066862, 51.541687620850908 ], [ -0.037337922786292, 51.541258081298317 ], [ -0.040719973789696, 51.538110933913273 ], [ -0.039570913470296, 51.538115200858059 ], [ -0.038880052655672, 51.537893106915845 ], [ -0.037088997559014, 51.537976874515387 ], [ -0.036713394676718, 51.537792137132925 ], [ -0.035606441826717, 51.536893212247122 ], [ -0.034856229841519, 51.536567703479854 ], [ -0.0342602339176, 51.535921943445743 ], [ -0.033662638736003, 51.535065426152151 ], [ -0.034073157814541, 51.534946716196472 ], [ -0.032644225871341, 51.532965179954822 ], [ -0.033637684305761, 51.532720408365904 ], [ -0.03349757301433, 51.532471012870346 ], [ -0.033227538974563, 51.532533011962435 ], [ -0.033032652044935, 51.532316140963232 ], [ -0.036603853541517, 51.531626741768456 ], [ -0.03510464178311, 51.530197753720998 ], [ -0.038318143960608, 51.528945468047162 ], [ -0.037194924889601, 51.527867831777208 ], [ -0.033989819557115, 51.528708304602652 ], [ -0.033058851946898, 51.527386713360578 ], [ -0.030840369389098, 51.527914604603872 ], [ -0.029786684183999, 51.52619464584744 ], [ -0.02914174677867, 51.526304367864945 ], [ -0.028786423306125, 51.52600253435363 ], [ -0.027864208117929, 51.524340054918333 ], [ -0.026084788244128, 51.524735442429147 ], [ -0.025239789335269, 51.524689304159629 ], [ -0.025191822334765, 51.52413318113625 ], [ -0.025735805393486, 51.524054236122822 ], [ -0.025953007253331, 51.524165772803435 ], [ -0.026560784167214, 51.524010582602074 ], [ -0.027148035757927, 51.523549203024103 ], [ -0.028312472507266, 51.523422695141775 ], [ -0.02811937415686, 51.522907195755302 ], [ -0.028458327736304, 51.522775614949069 ], [ -0.028379337736506, 51.522592868150987 ], [ -0.028024038911233, 51.522393069903167 ], [ -0.027327335597147, 51.521328349078289 ], [ -0.027700016134194, 51.520834049903343 ], [ -0.027499041871467, 51.520781764703216 ], [ -0.025458601247486, 51.522051889723784 ], [ -0.023206177424752, 51.521515001238733 ], [ -0.020449467149836, 51.521796104776804 ], [ -0.020092454854697, 51.521184598203838 ], [ -0.019014483748236, 51.521313204077288 ], [ -0.018107143706351, 51.522354118960301 ], [ -0.016656928447047, 51.522924927962286 ], [ -0.010861143974228, 51.523542299987582 ], [ -0.008076823027292, 51.523980241609195 ], [ -0.00784962896664, 51.525092591045819 ], [ -0.007387391950263, 51.525840984117245 ], [ -0.002815942603987, 51.526682469969309 ], [ -0.00158099939737, 51.525722691796531 ], [ -0.001056935524319, 51.525844746919937 ], [ 0.004902678295974, 51.525407609720162 ], [ 0.004929391435395, 51.528656439838137 ], [ 0.011535955988952, 51.53007164374597 ], [ 0.010949490315461, 51.530307710513704 ], [ 0.009977489174517, 51.530268092723155 ], [ 0.009851338071594, 51.530685866444252 ], [ 0.008854287875688, 51.530631024870026 ], [ 0.008971697830471, 51.532115165320867 ], [ 0.008424228258651, 51.533378477634372 ], [ 0.011159829050216, 51.533931065098926 ], [ 0.01136422535732, 51.534179912469803 ], [ 0.010999476018179, 51.534284877824447 ], [ 0.011146524529526, 51.535225865538813 ], [ 0.011708544792668, 51.53520517090768 ], [ 0.011774467260368, 51.535559688265323 ], [ 0.011565773027677, 51.535558681921422 ], [ 0.012005949968733, 51.537163864097352 ], [ 0.010142159889373, 51.537184849014672 ], [ 0.010413928711707, 51.537807609936898 ], [ 0.011604003071255, 51.539124751736345 ], [ 0.011293605424145, 51.53924173054429 ], [ 0.011266122869694, 51.539535278580431 ], [ 0.010862780453947, 51.539564129185528 ], [ 0.010552774079059, 51.540512861886327 ] ] ] } },
{ "type": "Feature", "properties": { "opportunityarea": "Royal Docks and Beckton Riverside", "boroughs": "Newham" }, "geometry": { "type": "Polygon", "coordinates": [ [ [ 0.097615655219646, 51.515456640153253 ], [ 0.095821318468072, 51.516149689935808 ], [ 0.094877930486657, 51.517044241155389 ], [ 0.094561511721909, 51.518127228603134 ], [ 0.095014255557114, 51.520423093601522 ], [ 0.092484728731903, 51.522472741715326 ], [ 0.092423671945761, 51.523750805351767 ], [ 0.092858248747815, 51.525022723524323 ], [ 0.092511752543761, 51.525734838626882 ], [ 0.091876925262939, 51.525944003769517 ], [ 0.090458593637652, 51.52591803291913 ], [ 0.089228786010869, 51.526483108937086 ], [ 0.088086686925849, 51.526382044921185 ], [ 0.086325511803546, 51.525826158321294 ], [ 0.08513308240388, 51.525885132853936 ], [ 0.08316282057455, 51.526811325915141 ], [ 0.080553615592376, 51.527575260664207 ], [ 0.078243267861552, 51.529236713900993 ], [ 0.075507167268493, 51.529688036801105 ], [ 0.075386094899628, 51.529879026801673 ], [ 0.072712610435299, 51.529266233857356 ], [ 0.072874398116298, 51.526443494354453 ], [ 0.072265658192528, 51.525675578152068 ], [ 0.07216321352224, 51.524989959971904 ], [ 0.072218502931673, 51.524726853513307 ], [ 0.072897349965178, 51.524113524293888 ], [ 0.072590415314811, 51.523157593826575 ], [ 0.073492256090181, 51.520909895870467 ], [ 0.073547731637561, 51.52000520423708 ], [ 0.071793454147652, 51.515397153892785 ], [ 0.070553534305452, 51.514401295575908 ], [ 0.071016073890366, 51.512427714374034 ], [ 0.070781314352678, 51.50939931224093 ], [ 0.070620323070641, 51.508713246809386 ], [ 0.069902881081953, 51.508644863902262 ], [ 0.069563937314423, 51.508106410268148 ], [ 0.065365068136591, 51.508481672539254 ], [ 0.060546993578504, 51.508686922581553 ], [ 0.03676715511784, 51.509395790215571 ], [ 0.034048982112821, 51.509879203259779 ], [ 0.031639296637719, 51.5132161730942 ], [ 0.031555782958241, 51.514448811987876 ], [ 0.031893424630289, 51.51697701852158 ], [ 0.030292195166102, 51.516862933520613 ], [ 0.024968339570989, 51.517166482693384 ], [ 0.017369005494494, 51.516968632091057 ], [ 0.017210135775389, 51.517262226923549 ], [ 0.015137262313239, 51.517326367593704 ], [ 0.013902655480726, 51.517786857408282 ], [ 0.013162740884667, 51.517436498592076 ], [ 0.012951951166376, 51.517622434246405 ], [ 0.011401002957613, 51.516935915130276 ], [ 0.01113915871601, 51.516913434580403 ], [ 0.011072194014403, 51.517047007288419 ], [ 0.009181913645299, 51.516223244949423 ], [ 0.008685704318476, 51.516732435316726 ], [ 0.008704490131105, 51.517180990359869 ], [ 0.006589959311333, 51.517432499024309 ], [ 0.005744804474646, 51.517789613293886 ], [ 0.00520982734664, 51.518259845923531 ], [ 0.004600771895048, 51.5208424030088 ], [ 0.001686810570494, 51.521193403726436 ], [ 0.001590798925973, 51.520472080527746 ], [ -0.002360261993898, 51.517972365308566 ], [ 0.000570997544591, 51.516579338491169 ], [ 0.002982792741625, 51.515669482221242 ], [ 0.003999074694993, 51.514885046291475 ], [ 0.004023805395263, 51.514299200457842 ], [ 0.00230367824908, 51.511423945465246 ], [ 0.002382687524573, 51.51069508873843 ], [ 0.003538911143499, 51.510540451699796 ], [ 0.004257833697166, 51.510896867632638 ], [ 0.004619581820158, 51.511914951347151 ], [ 0.004681264091991, 51.513090139612714 ], [ 0.005477559862842, 51.514124172981539 ], [ 0.00640381856839, 51.514343039512987 ], [ 0.007291930383863, 51.514185758329845 ], [ 0.007886895364186, 51.513491230735461 ], [ 0.007989290407563, 51.512706214899872 ], [ 0.00691338272243, 51.511114940521551 ], [ 0.006211140290199, 51.510581099511782 ], [ 0.00593116298696, 51.50998158017125 ], [ 0.006482137059668, 51.509631332112406 ], [ 0.008454268994052, 51.509286427419724 ], [ 0.009410879783095, 51.508886952157539 ], [ 0.009863621770029, 51.508204742078469 ], [ 0.009178114144818, 51.506970101089401 ], [ 0.010068808595967, 51.506778267396008 ], [ 0.011835285423336, 51.505433358552892 ], [ 0.013342318154608, 51.505189116667403 ], [ 0.013466515881058, 51.505086572760376 ], [ 0.013121966753418, 51.504570346461094 ], [ 0.014355947021727, 51.503364298195699 ], [ 0.014871296494183, 51.503375527413148 ], [ 0.014514061877452, 51.503301334623444 ], [ 0.015194003729443, 51.502667098995552 ], [ 0.015519967487034, 51.502761909665935 ], [ 0.016075703737623, 51.502230215085909 ], [ 0.015876585106586, 51.502093061418584 ], [ 0.016248250320583, 51.50176535425652 ], [ 0.018907628666266, 51.500052763102317 ], [ 0.021156653365554, 51.499250890520273 ], [ 0.022496334468503, 51.498986803887 ], [ 0.02263204505203, 51.499145122648855 ], [ 0.023652874142008, 51.498946768673278 ], [ 0.023607389658472, 51.498646318070811 ], [ 0.02462909108849, 51.498468022976986 ], [ 0.024821993504154, 51.498464692284891 ], [ 0.024932676932511, 51.498784099192456 ], [ 0.028953278901842, 51.498754767850976 ], [ 0.03438850997535, 51.499423732541594 ], [ 0.034979740467676, 51.49969462744037 ], [ 0.039428223611428, 51.49987841780748 ], [ 0.047855374853724, 51.499811884239158 ], [ 0.053139514251244, 51.499257587987351 ], [ 0.057229452035492, 51.498623597884141 ], [ 0.060021057569963, 51.498454094696527 ], [ 0.066441515734465, 51.498843190485445 ], [ 0.070613393496447, 51.499311826182598 ], [ 0.073551527753866, 51.50024395276975 ], [ 0.076234621848669, 51.503349436075368 ], [ 0.076789432126263, 51.503520354095464 ], [ 0.080081729364738, 51.507980572681134 ], [ 0.080586009594504, 51.508453607724277 ], [ 0.081276839678413, 51.508782752140085 ], [ 0.08385727787169, 51.511026336489657 ], [ 0.083548515065567, 51.511312978249997 ], [ 0.083597155311646, 51.511673599597806 ], [ 0.08557340742334, 51.51266267992024 ], [ 0.089173344237696, 51.513964217940774 ], [ 0.096030937124867, 51.515408294748163 ], [ 0.096849608368506, 51.515012091543745 ], [ 0.097615655219646, 51.515456640153253 ] ] ] } },
{ "type": "Feature", "properties": { "opportunityarea": "Southall", "boroughs": "Ealing" }, "geometry": { "type": "Polygon", "coordinates": [ [ [ -0.406956224032885, 51.499636843387876 ], [ -0.400395290692537, 51.49789884575452 ], [ -0.400270933071627, 51.497973287050321 ], [ -0.397980089312953, 51.497409740390417 ], [ -0.392440249473091, 51.495816667418453 ], [ -0.387250453389518, 51.494681750294106 ], [ -0.385794324830336, 51.49458576050187 ], [ -0.384086761457634, 51.494714350633096 ], [ -0.382001434476184, 51.495216981184193 ], [ -0.364682217890695, 51.501309851126159 ], [ -0.355665556962169, 51.50429261112523 ], [ -0.355451684391577, 51.504402339907507 ], [ -0.35566939212395, 51.506512581439274 ], [ -0.354694042095422, 51.508252705043049 ], [ -0.354591411523915, 51.509175591045526 ], [ -0.356158942822146, 51.509591224700955 ], [ -0.357815671042439, 51.509714398268052 ], [ -0.363717583532474, 51.510656746085246 ], [ -0.364166663091337, 51.511447900011298 ], [ -0.364502063356973, 51.512918433424439 ], [ -0.363877521263396, 51.513956756305177 ], [ -0.36410850661409, 51.515300697466273 ], [ -0.366332934266146, 51.515110011958328 ], [ -0.369700882595393, 51.515097987742848 ], [ -0.372405829764734, 51.515744056525101 ], [ -0.380238420595659, 51.516402196036829 ], [ -0.380326106680598, 51.516593179135022 ], [ -0.381985596467272, 51.516825447147994 ], [ -0.382484474933403, 51.517251158925617 ], [ -0.383492138249514, 51.517474235747244 ], [ -0.384698450993729, 51.516503163314688 ], [ -0.388873970673885, 51.51482333125481 ], [ -0.390003440225723, 51.513977355383055 ], [ -0.390671182460978, 51.513021660129475 ], [ -0.392867135975486, 51.507913636583034 ], [ -0.393560317163728, 51.507010410294143 ], [ -0.399869947238847, 51.504430410531981 ], [ -0.403209841003884, 51.503440946262963 ], [ -0.404272926973364, 51.502540894142761 ], [ -0.406956224032885, 51.499636843387876 ] ] ] } },
{ "type": "Feature", "properties": { "opportunityarea": "Thamesmead and Abbey Wood", "boroughs": "Greenwich, Bexley" }, "geometry": { "type": "Polygon", "coordinates": [ [ [ 0.121694660332552, 51.488477994031371 ], [ 0.121629378975012, 51.487962752143808 ], [ 0.12205975809584, 51.48800511235396 ], [ 0.122668501004133, 51.488428716619239 ], [ 0.123041903486419, 51.488973592617739 ], [ 0.123172607488554, 51.490057783931569 ], [ 0.122910369265342, 51.491155780702151 ], [ 0.143217409069164, 51.491847196031614 ], [ 0.142889548864951, 51.493934443747342 ], [ 0.145057457170728, 51.494046766533643 ], [ 0.145018749804044, 51.494214496785041 ], [ 0.148839818384417, 51.498465980794755 ], [ 0.14506549025881, 51.499425244547034 ], [ 0.133649663099152, 51.503851661071579 ], [ 0.13140993329549, 51.504156486077292 ], [ 0.133258462091588, 51.505501038263553 ], [ 0.132593500810793, 51.505804508735501 ], [ 0.132619452933274, 51.506360264454337 ], [ 0.137236079586851, 51.510050916767106 ], [ 0.13224186993644, 51.512254240513109 ], [ 0.128807866239437, 51.513285236701755 ], [ 0.127998610643149, 51.513025093837811 ], [ 0.126577615954953, 51.513142480067827 ], [ 0.125058061354623, 51.512947425433921 ], [ 0.124687454238665, 51.51264658556947 ], [ 0.120805616300462, 51.511493007096227 ], [ 0.118230807530854, 51.510930899328237 ], [ 0.114688187348742, 51.510301146196497 ], [ 0.110404637456838, 51.509750072357889 ], [ 0.105685493982917, 51.509304839324301 ], [ 0.101113892151702, 51.509556935404312 ], [ 0.096856627934941, 51.509345175474351 ], [ 0.094594243136911, 51.508953627775831 ], [ 0.093984449178808, 51.50914782696384 ], [ 0.091948843079583, 51.509125271941997 ], [ 0.088261882125614, 51.505787823234826 ], [ 0.087867287475077, 51.505644354899523 ], [ 0.087616871948358, 51.504065001970197 ], [ 0.086592101465482, 51.503670957010343 ], [ 0.084200579774009, 51.500899362157107 ], [ 0.084056844635047, 51.50096736632014 ], [ 0.082055800745909, 51.498934893355887 ], [ 0.076463818277143, 51.496324574548154 ], [ 0.076532458944451, 51.495989645483519 ], [ 0.076162551914484, 51.495924181224424 ], [ 0.07591609125263, 51.496097294454309 ], [ 0.075560493657751, 51.496059173844905 ], [ 0.076486808333068, 51.494768414164177 ], [ 0.077768245717463, 51.495131388753926 ], [ 0.078656117676136, 51.493840662908191 ], [ 0.077610872884374, 51.490943965771272 ], [ 0.081137484630584, 51.49084097684598 ], [ 0.082999512206371, 51.490426027286766 ], [ 0.082601447464591, 51.48951942698578 ], [ 0.08485684799358, 51.489482914224425 ], [ 0.084684826336773, 51.489108251281671 ], [ 0.085312431091239, 51.488997157633086 ], [ 0.085841666536053, 51.489786654888363 ], [ 0.11831695589763, 51.490967540155715 ], [ 0.11839385558204, 51.489574902286726 ], [ 0.119528881784225, 51.489642762952464 ], [ 0.119548455040617, 51.488538311034645 ], [ 0.121115769572721, 51.488774915667918 ], [ 0.121315543490493, 51.48850635383819 ], [ 0.121694660332552, 51.488477994031371 ] ] ] } },
{ "type": "Feature", "properties": { "opportunityarea": "Tottenham Court Road", "boroughs": "Westminster, Camden" }, "geometry": { "type": "Polygon", "coordinates": [ [ [ -0.130291327919049, 51.514059590322347 ], [ -0.129512492290208, 51.514208273211217 ], [ -0.129396346729624, 51.513962975445814 ], [ -0.129203208234812, 51.514016080228508 ], [ -0.128664492348904, 51.513773743716904 ], [ -0.127244310878921, 51.514930921755045 ], [ -0.12687975753518, 51.515683493492602 ], [ -0.12604569569508, 51.515656591867028 ], [ -0.124996599284165, 51.514872898441418 ], [ -0.123656970240782, 51.515596649693819 ], [ -0.124429793105521, 51.516168363191234 ], [ -0.123979481190237, 51.516279377155058 ], [ -0.123508065060852, 51.516064981083865 ], [ -0.122629258100769, 51.516756354453172 ], [ -0.122958045286596, 51.516977023462587 ], [ -0.123429017933938, 51.516739486439867 ], [ -0.124005780858108, 51.517128718746655 ], [ -0.129449474038183, 51.516524064141556 ], [ -0.129495760777242, 51.516690669242301 ], [ -0.129130092123506, 51.516858977209864 ], [ -0.129468262146891, 51.51736187258534 ], [ -0.129914077829164, 51.517456271783814 ], [ -0.130161206975682, 51.517744923651634 ], [ -0.130787981337429, 51.517680743595271 ], [ -0.131540646872038, 51.518574019912208 ], [ -0.1311528899862, 51.518735957340425 ], [ -0.131287177391241, 51.518866743721567 ], [ -0.132717821158024, 51.518270834387508 ], [ -0.13386899251436, 51.517501456461886 ], [ -0.134304067495178, 51.517681528477823 ], [ -0.134529342369726, 51.517589638115531 ], [ -0.135271356210777, 51.517133422072448 ], [ -0.135132600179221, 51.516922742719252 ], [ -0.135726150480927, 51.516784017761147 ], [ -0.135462041531921, 51.516366191243407 ], [ -0.135006181201982, 51.516412889759479 ], [ -0.134600585485579, 51.516000095349213 ], [ -0.134225286814106, 51.515206516941532 ], [ -0.133704081894404, 51.515334506299716 ], [ -0.133959140846339, 51.515670657897701 ], [ -0.133495527704172, 51.515796783914382 ], [ -0.13360340235458, 51.516151978141217 ], [ -0.13135843864342, 51.516277694115672 ], [ -0.130729981002811, 51.515184756495621 ], [ -0.130185543656142, 51.515343105414139 ], [ -0.130060362999621, 51.514818887355808 ], [ -0.130533041001098, 51.514735714777586 ], [ -0.130291327919049, 51.514059590322347 ] ] ] } },
{ "type": "Feature", "properties": { "opportunityarea": "Vauxhall Nine Elms Battersea", "boroughs": "Lambeth, Wandsworth" }, "geometry": { "type": "Polygon", "coordinates": [ [ [ -0.143889776622108, 51.47122330220418 ], [ -0.142228228983442, 51.468986704790879 ], [ -0.136130103732827, 51.47170333668312 ], [ -0.134317697000987, 51.472827394760465 ], [ -0.132684615472689, 51.474168771947426 ], [ -0.130319238221308, 51.476627783711038 ], [ -0.128263028985019, 51.479867337809395 ], [ -0.127702505342147, 51.481411135336806 ], [ -0.124678524928556, 51.481553399604422 ], [ -0.124333626926461, 51.482246587647047 ], [ -0.123383809966424, 51.483078427452767 ], [ -0.123027824260201, 51.484590153473356 ], [ -0.122170450073697, 51.486161986684245 ], [ -0.119267850191997, 51.486454659080579 ], [ -0.119450397230354, 51.487828116897489 ], [ -0.119315021114471, 51.488477268320899 ], [ -0.120809759586963, 51.488596166037354 ], [ -0.120566358194494, 51.489230107697693 ], [ -0.11905801771756, 51.491553386888008 ], [ -0.118748618857574, 51.491677341116947 ], [ -0.117998349581885, 51.49280747471856 ], [ -0.116633282087653, 51.494054679303581 ], [ -0.11566815490023, 51.495493488020223 ], [ -0.12161206560814, 51.494333485314073 ], [ -0.12245786997442, 51.492518555998075 ], [ -0.122363170922609, 51.491825709997279 ], [ -0.123810250695486, 51.489544465536405 ], [ -0.126115069359412, 51.487353691715342 ], [ -0.125533769105915, 51.486935806035355 ], [ -0.126244321315601, 51.487202119249787 ], [ -0.128960484992647, 51.485366045251965 ], [ -0.129781431222379, 51.484954090316961 ], [ -0.130897394399648, 51.484741476458161 ], [ -0.132653059098969, 51.483924480625625 ], [ -0.133765967325121, 51.483788560433105 ], [ -0.136628048557289, 51.482989100360754 ], [ -0.137860869585879, 51.482931915271692 ], [ -0.140442704152251, 51.482972887709451 ], [ -0.14141701680275, 51.483218750816043 ], [ -0.14485016255097, 51.483503523266556 ], [ -0.146316189079382, 51.483757213600654 ], [ -0.149770968976656, 51.483740843551828 ], [ -0.148253883157458, 51.476377667456127 ], [ -0.147980535916643, 51.475991184896152 ], [ -0.146668845181946, 51.475216649706084 ], [ -0.146450303630416, 51.474735465797018 ], [ -0.14661571948686, 51.474430175601491 ], [ -0.147772536418158, 51.473991939665176 ], [ -0.148202130344824, 51.47345726563772 ], [ -0.147765113613198, 51.472316635540338 ], [ -0.147300562673197, 51.471372811151888 ], [ -0.146581935861562, 51.470650070324226 ], [ -0.143889776622108, 51.47122330220418 ] ] ] } },
{ "type": "Feature", "properties": { "opportunityarea": "Victoria", "boroughs": "Westminster" }, "geometry": { "type": "Polygon", "coordinates": [ [ [ -0.143184827603294, 51.49919629703318 ], [ -0.145388012463095, 51.495934086844642 ], [ -0.145670318216717, 51.496308263409112 ], [ -0.146353073183749, 51.496126672992169 ], [ -0.146384843475236, 51.495805977498804 ], [ -0.147115937033091, 51.496018279147876 ], [ -0.147285928596029, 51.495850980106233 ], [ -0.146609107218056, 51.495642095616219 ], [ -0.147527159915951, 51.494416066288487 ], [ -0.148168329748664, 51.494606210535622 ], [ -0.150287507232257, 51.492635463121978 ], [ -0.150809261378109, 51.492666768312766 ], [ -0.151058424449269, 51.492491683781019 ], [ -0.149658811441613, 51.491805458955319 ], [ -0.150166583306855, 51.49137518312719 ], [ -0.149343961778865, 51.491057140487399 ], [ -0.149645253542862, 51.490802565735009 ], [ -0.148282243779273, 51.490099150174338 ], [ -0.148028380491242, 51.490095141231862 ], [ -0.147289179608395, 51.491163164650438 ], [ -0.144826146863282, 51.493430429042661 ], [ -0.143614783004902, 51.492975848196352 ], [ -0.140827064517, 51.494272293783794 ], [ -0.141591510376732, 51.494982405482837 ], [ -0.142407527420696, 51.496201595575705 ], [ -0.141918071454255, 51.496357189947894 ], [ -0.141603770579306, 51.496080835854244 ], [ -0.140243554945224, 51.496285040152863 ], [ -0.140159940639058, 51.496154175827556 ], [ -0.139451834632564, 51.496361308435432 ], [ -0.139615990149213, 51.496534301357229 ], [ -0.139343619474458, 51.496688989738963 ], [ -0.137090568665771, 51.496706113248216 ], [ -0.136941144767522, 51.496132692920895 ], [ -0.136534371709747, 51.496002242674777 ], [ -0.136365651840969, 51.496286397355057 ], [ -0.135889451102824, 51.49618630102232 ], [ -0.135737580264668, 51.496420757418257 ], [ -0.135585284386833, 51.496372797187888 ], [ -0.136319257317215, 51.495544403579892 ], [ -0.135904721186345, 51.495404257866944 ], [ -0.135166676590052, 51.496304222320589 ], [ -0.1357178025316, 51.496543847572838 ], [ -0.135649124634539, 51.497426051085363 ], [ -0.134082231591485, 51.497752735429827 ], [ -0.129449903624572, 51.499529488165891 ], [ -0.129577933488335, 51.499676553751272 ], [ -0.132758274613796, 51.499704922609041 ], [ -0.133790560269668, 51.498651163365345 ], [ -0.134922670020702, 51.498517428013436 ], [ -0.136144760148386, 51.498503547113593 ], [ -0.136139368001426, 51.498781043784767 ], [ -0.13720663652567, 51.49878319679496 ], [ -0.137243079993213, 51.499198298919758 ], [ -0.137827744532722, 51.499111355937103 ], [ -0.137993474998479, 51.498973345150823 ], [ -0.13671207448044, 51.498469802668062 ], [ -0.136895075625461, 51.498220971385742 ], [ -0.137903298307859, 51.497718092967084 ], [ -0.139430408721551, 51.497408390573192 ], [ -0.139652687692335, 51.497972852852094 ], [ -0.140314122288399, 51.498484612175332 ], [ -0.143184827603294, 51.49919629703318 ] ] ] } },
{ "type": "Feature", "properties": { "opportunityarea": "Waterloo", "boroughs": "Lambeth" }, "geometry": { "type": "Polygon", "coordinates": [ [ [ -0.110283793006524, 51.501955234505473 ], [ -0.106445321575843, 51.503374913454671 ], [ -0.106629474155374, 51.504053856383244 ], [ -0.106428866640031, 51.50477077666563 ], [ -0.107387395053137, 51.507065923804788 ], [ -0.108194366100632, 51.506922833670387 ], [ -0.108756343405181, 51.507817654659412 ], [ -0.109174695262568, 51.509873689586527 ], [ -0.112229797282093, 51.509709300991823 ], [ -0.11441845039946, 51.509411469843869 ], [ -0.115890762818753, 51.509086341997566 ], [ -0.117813862201242, 51.508399635252914 ], [ -0.119761860495036, 51.50694224915987 ], [ -0.120715689027714, 51.505825249496816 ], [ -0.121091718038048, 51.504945631466228 ], [ -0.122464622902598, 51.496287968380635 ], [ -0.120478630113896, 51.496004305470386 ], [ -0.119487137565925, 51.497404084775141 ], [ -0.117583813507755, 51.498265780874164 ], [ -0.117403570808385, 51.498477022738271 ], [ -0.115275755249668, 51.497848024630215 ], [ -0.115002639433441, 51.498462249140935 ], [ -0.115436155410499, 51.499504204740163 ], [ -0.11448810142507, 51.499845858842512 ], [ -0.112467779796293, 51.498921127366081 ], [ -0.110714425673457, 51.500760633024477 ], [ -0.110283793006524, 51.501955234505473 ] ] ] } },
{ "type": "Feature", "properties": { "opportunityarea": "Wembley", "boroughs": "Brent" }, "geometry": { "type": "Polygon", "coordinates": [ [ [ -0.272706960971558, 51.561467002385854 ], [ -0.279134781282727, 51.562976740502918 ], [ -0.278713157508005, 51.563532124693431 ], [ -0.278221609027041, 51.563497666665697 ], [ -0.277341027060703, 51.564694204902729 ], [ -0.27632495889554, 51.564413022805581 ], [ -0.276316565797801, 51.564097000543669 ], [ -0.275843632760569, 51.564073776606385 ], [ -0.275787352150483, 51.56378420734832 ], [ -0.275118829366251, 51.56341657931015 ], [ -0.274003215762724, 51.563387855753362 ], [ -0.273966556122546, 51.565396193536742 ], [ -0.276458036973031, 51.565319781134043 ], [ -0.277171518165906, 51.565544904154677 ], [ -0.277019292377637, 51.565785550684367 ], [ -0.278792921165388, 51.565936032388279 ], [ -0.278865599929993, 51.565516799216148 ], [ -0.277705586227477, 51.565397806895653 ], [ -0.277743412825081, 51.565194776805853 ], [ -0.278623712823609, 51.564131766910783 ], [ -0.279307413473514, 51.564327664855149 ], [ -0.279592511547632, 51.563991217421581 ], [ -0.279934481754473, 51.563936881538133 ], [ -0.280752557356929, 51.564246244945892 ], [ -0.283314535552374, 51.565893190696826 ], [ -0.283931334847713, 51.565747994824171 ], [ -0.282062716456781, 51.564679887176489 ], [ -0.282633269953909, 51.563835590854062 ], [ -0.285309343832084, 51.565039674521365 ], [ -0.285727001292207, 51.564691571016539 ], [ -0.282152390471996, 51.563004859233509 ], [ -0.282103730141102, 51.562301490012686 ], [ -0.283503239851624, 51.562230878585659 ], [ -0.283880789637366, 51.561790473603082 ], [ -0.283784185822403, 51.561275421659701 ], [ -0.284891487664926, 51.560277552010412 ], [ -0.286641214179134, 51.557750025106451 ], [ -0.287006865708001, 51.55768207659424 ], [ -0.287157151635707, 51.557344991634288 ], [ -0.287519140572692, 51.557558806219809 ], [ -0.287960595581954, 51.557442863162265 ], [ -0.287572198251933, 51.557225427321242 ], [ -0.28713469031906, 51.55659506697603 ], [ -0.287242453890646, 51.556268511568348 ], [ -0.286928780426433, 51.556224186609967 ], [ -0.287010834365879, 51.555936912019746 ], [ -0.286730743639295, 51.555901079914868 ], [ -0.286927671179462, 51.554568150980742 ], [ -0.286571216722283, 51.5544918173063 ], [ -0.286645546256682, 51.554248852003965 ], [ -0.298544880789231, 51.554629276054328 ], [ -0.296739272602879, 51.552749950981287 ], [ -0.2972064960937, 51.552567804599818 ], [ -0.297451082087855, 51.552773859970074 ], [ -0.29741129506513, 51.552595505291173 ], [ -0.298608926255983, 51.552475925059881 ], [ -0.29866316101251, 51.552676969496474 ], [ -0.29969698579557, 51.552641058962955 ], [ -0.299687104286693, 51.552383826575145 ], [ -0.300663024012393, 51.5524887867061 ], [ -0.300741129131636, 51.552045609503224 ], [ -0.301493200738744, 51.552107484950753 ], [ -0.30143286995882, 51.551802582756331 ], [ -0.300698186104014, 51.551893557649009 ], [ -0.300754328019011, 51.551393321046653 ], [ -0.299466110801001, 51.55154101493526 ], [ -0.298812993222112, 51.549955830125853 ], [ -0.29806310258631, 51.549937041927187 ], [ -0.297827745882526, 51.549356503060515 ], [ -0.296856942738816, 51.549394570480551 ], [ -0.297574835930887, 51.549876184604656 ], [ -0.297656178819056, 51.550046329807813 ], [ -0.297491980948681, 51.550078837441845 ], [ -0.298262747811213, 51.551300829473988 ], [ -0.296886921554463, 51.551565742663705 ], [ -0.295575188866548, 51.55060160638152 ], [ -0.295288425700149, 51.550733403717082 ], [ -0.296021856337491, 51.551359039558335 ], [ -0.295385098845041, 51.551616141908134 ], [ -0.294793022692371, 51.551175729308994 ], [ -0.294130868525381, 51.551402151788444 ], [ -0.294461162484729, 51.551857556685512 ], [ -0.293893265255446, 51.552024020546149 ], [ -0.294131721719806, 51.552324053105771 ], [ -0.2937869067988, 51.552418673988903 ], [ -0.294068694346237, 51.552813575858579 ], [ -0.293454973422716, 51.552974605493475 ], [ -0.291080642566868, 51.553034647447554 ], [ -0.290889489501162, 51.553016216669214 ], [ -0.29097828201723, 51.552821568098224 ], [ -0.289994798228723, 51.552737908623875 ], [ -0.289735582703894, 51.55274591048282 ], [ -0.2897544423911, 51.55290840623487 ], [ -0.28886204968827, 51.552876601609285 ], [ -0.288815179160269, 51.552361289416353 ], [ -0.288391505689614, 51.552369947121143 ], [ -0.288231015787971, 51.552583780491553 ], [ -0.287340247726387, 51.552601085847733 ], [ -0.286571856156759, 51.552908554318542 ], [ -0.285891006556239, 51.552709591968281 ], [ -0.285310821524796, 51.552277218086132 ], [ -0.284261615823971, 51.552717969631097 ], [ -0.285203690768996, 51.553354008072162 ], [ -0.285744862239256, 51.55351991035154 ], [ -0.285481046326879, 51.553569559849045 ], [ -0.285428524235176, 51.554222172162476 ], [ -0.284897778691809, 51.554473033672679 ], [ -0.282280497890204, 51.554236737257149 ], [ -0.279224806846618, 51.554266060476401 ], [ -0.265604638406233, 51.555680901753675 ], [ -0.26303354101506, 51.555796817377512 ], [ -0.259474879985509, 51.555693366541632 ], [ -0.25534362338072, 51.555199750969763 ], [ -0.258307332543622, 51.556013523271943 ], [ -0.261927202108532, 51.557255443456945 ], [ -0.270033490990105, 51.560550599291751 ], [ -0.272706960971558, 51.561467002385854 ] ] ] } },
{ "type": "Feature", "properties": { "opportunityarea": "White City", "boroughs": "Hammersmith and Fulham" }, "geometry": { "type": "Polygon", "coordinates": [ [ [ -0.227042451665334, 51.505859965469135 ], [ -0.227027790824724, 51.505298710328887 ], [ -0.227285019739491, 51.505288350916196 ], [ -0.227250161741904, 51.504071320273283 ], [ -0.226990740015979, 51.504062360375528 ], [ -0.227025652727239, 51.502849842599524 ], [ -0.227305185864115, 51.502846486470972 ], [ -0.227141204529927, 51.502322766439022 ], [ -0.226570836384653, 51.502420720617394 ], [ -0.226543658340701, 51.502089192355719 ], [ -0.225980574671086, 51.502116961807602 ], [ -0.225944971489518, 51.501918984647311 ], [ -0.225010142109771, 51.501951274522717 ], [ -0.224774622431587, 51.501693725005403 ], [ -0.224541302290001, 51.501758426793742 ], [ -0.224620690723666, 51.501903677390501 ], [ -0.223982608338354, 51.502068392342402 ], [ -0.224286777455102, 51.502368678047375 ], [ -0.222583786701314, 51.502707323155477 ], [ -0.220292584376656, 51.502929822335084 ], [ -0.220124999656713, 51.50261879562121 ], [ -0.217686757782043, 51.50253052867761 ], [ -0.216380823501645, 51.502344270359764 ], [ -0.215611614282951, 51.502076447127926 ], [ -0.215319526967785, 51.502200019136261 ], [ -0.215794590800972, 51.502734654568314 ], [ -0.216269373583242, 51.502573069517389 ], [ -0.217472727960361, 51.502757770012252 ], [ -0.217472977275177, 51.503072228450861 ], [ -0.217806829312106, 51.503125229014834 ], [ -0.217697857628332, 51.504454340773108 ], [ -0.217474361779846, 51.504819535022527 ], [ -0.218662150439189, 51.507016716743408 ], [ -0.220567391498354, 51.511780498869328 ], [ -0.221280105333276, 51.513082611441646 ], [ -0.220982092177269, 51.513217065949831 ], [ -0.221848328821988, 51.514327311817127 ], [ -0.223296960201449, 51.515562011025381 ], [ -0.224790316587367, 51.517185531199026 ], [ -0.22687325860873, 51.516626586372226 ], [ -0.226109278996556, 51.514980683038857 ], [ -0.236336444200428, 51.51420949831283 ], [ -0.236245666823565, 51.513714225828444 ], [ -0.23529112922394, 51.513784738790235 ], [ -0.234518193185257, 51.509787916763031 ], [ -0.233246385925251, 51.509830346289029 ], [ -0.23312024425181, 51.508794166268814 ], [ -0.231019074495049, 51.50874936582256 ], [ -0.231007548719833, 51.50966975410357 ], [ -0.228598900174542, 51.509374941600072 ], [ -0.226874080264662, 51.508648747737496 ], [ -0.226724777456553, 51.508160953980195 ], [ -0.224593859496447, 51.508001870257061 ], [ -0.224653138775539, 51.505293635993702 ], [ -0.227042451665334, 51.505859965469135 ] ] ] } },
{ "type": "Feature", "properties": { "opportunityarea": "Wimbledon/Colliers Wood/South Wimbledon", "boroughs": "Merton" }, "geometry": { "type": "Polygon", "coordinates": [ [ [ -0.199495762363319, 51.399366029996763 ], [ -0.199449543822303, 51.399205154466898 ], [ -0.200041313613948, 51.398889612870093 ], [ -0.199870892722804, 51.398762033880949 ], [ -0.200557865707112, 51.398400309362366 ], [ -0.199017759051196, 51.395561204127702 ], [ -0.198231023196895, 51.393645170846732 ], [ -0.198081210929256, 51.393686121627439 ], [ -0.198186863772272, 51.393997099173653 ], [ -0.197639511924151, 51.394171682800057 ], [ -0.197822927857664, 51.394702750281382 ], [ -0.198100297914011, 51.394667259513255 ], [ -0.198209984985297, 51.394981715304716 ], [ -0.195627962650651, 51.397536705263164 ], [ -0.195815032616746, 51.397760053741038 ], [ -0.195201638680001, 51.399300513982915 ], [ -0.194573956267113, 51.399267912083701 ], [ -0.194372325828381, 51.401021404327409 ], [ -0.193456518695822, 51.400985307193601 ], [ -0.193231981985964, 51.401509811973945 ], [ -0.190242875664614, 51.401476270853813 ], [ -0.188009741027464, 51.399735770313939 ], [ -0.187680864179427, 51.399276599848051 ], [ -0.187870722926252, 51.399056066010452 ], [ -0.18769131323153, 51.398771056515848 ], [ -0.18643823590571, 51.398816895253262 ], [ -0.185070570590995, 51.39844797532308 ], [ -0.184666155107321, 51.398459246568564 ], [ -0.184002846080206, 51.398836557025113 ], [ -0.182662839358951, 51.398426661565068 ], [ -0.182802794546847, 51.397956889495248 ], [ -0.181782446323262, 51.39763278587678 ], [ -0.181384756498429, 51.397989294089029 ], [ -0.180662526647711, 51.397804070443641 ], [ -0.179990326569512, 51.398422857437801 ], [ -0.178062357494424, 51.398795140815572 ], [ -0.177996136634607, 51.398934848442579 ], [ -0.174609178815178, 51.398463064611008 ], [ -0.175096162743511, 51.398735938376973 ], [ -0.174175495890545, 51.40032816106185 ], [ -0.174669258136266, 51.401684146162971 ], [ -0.175141665513028, 51.401608951440508 ], [ -0.175208874332126, 51.402837864043633 ], [ -0.175609182704424, 51.403065422362992 ], [ -0.175752697192384, 51.402999761389097 ], [ -0.17571428628686, 51.402104378825307 ], [ -0.175995109119687, 51.401767473976328 ], [ -0.177487466298944, 51.402103646446967 ], [ -0.176760432156887, 51.403921201807805 ], [ -0.17797750373715, 51.404214504943816 ], [ -0.178183583708096, 51.40446303283678 ], [ -0.179504219455255, 51.404980321748369 ], [ -0.180532307327363, 51.405565894858086 ], [ -0.180956964272413, 51.406049735935731 ], [ -0.183772692273395, 51.405897731489198 ], [ -0.186010093565133, 51.406306131305342 ], [ -0.186558812332635, 51.40584145002174 ], [ -0.188023205975529, 51.406546273255998 ], [ -0.185656643676911, 51.40862085903035 ], [ -0.184897828665263, 51.408517915595858 ], [ -0.184526090583946, 51.413738977679415 ], [ -0.183743969707165, 51.413806443770575 ], [ -0.184027824592755, 51.412068940536265 ], [ -0.183861546938511, 51.412048197935071 ], [ -0.181521475040234, 51.412934745927593 ], [ -0.179028021247402, 51.414106901929429 ], [ -0.178594294103155, 51.412088686729952 ], [ -0.177810136506463, 51.412275922295123 ], [ -0.177037508444562, 51.411873797449338 ], [ -0.175355447398569, 51.411451035027497 ], [ -0.175012900712649, 51.412776454323847 ], [ -0.172965470835647, 51.413181868340189 ], [ -0.173938390243655, 51.415103685561334 ], [ -0.173093290323352, 51.415415152430391 ], [ -0.173303441103249, 51.415657979449499 ], [ -0.176596361680182, 51.415150471528968 ], [ -0.176679893575853, 51.41542279285072 ], [ -0.178140182325656, 51.415255869245037 ], [ -0.177898947757357, 51.417329451537725 ], [ -0.177514176151541, 51.417355643453362 ], [ -0.177651692497401, 51.418329421108268 ], [ -0.178011749087845, 51.418470264135003 ], [ -0.179308524953775, 51.41727177516055 ], [ -0.180873799235551, 51.416643209022212 ], [ -0.18120816858493, 51.416647050550075 ], [ -0.181322165839083, 51.417032361844818 ], [ -0.18144288257985, 51.417723082091847 ], [ -0.181079760359931, 51.417747752091962 ], [ -0.181195354102701, 51.418411684121672 ], [ -0.182002592008784, 51.418369354775109 ], [ -0.182005751549068, 51.41716616976403 ], [ -0.181764142635992, 51.41638679426466 ], [ -0.182387195636879, 51.416297220989641 ], [ -0.182240830719514, 51.415899137409966 ], [ -0.182986893721542, 51.415344155175617 ], [ -0.183219285623228, 51.414830950805651 ], [ -0.183509465150927, 51.41475199661361 ], [ -0.18371260361052, 51.41407169426558 ], [ -0.186335276156488, 51.414009798644813 ], [ -0.186360277306178, 51.414177451364331 ], [ -0.186053028403028, 51.414201022890296 ], [ -0.1861435371182, 51.414657458796462 ], [ -0.186531955818186, 51.414632445263635 ], [ -0.186599142106947, 51.414876621153205 ], [ -0.186202071769938, 51.414924111095935 ], [ -0.186275176840453, 51.415542586554807 ], [ -0.186849614016543, 51.415585199005911 ], [ -0.186949344032946, 51.416028265426988 ], [ -0.190139039865203, 51.415750348655052 ], [ -0.192337359312913, 51.415718634715098 ], [ -0.192450834643256, 51.417293309879156 ], [ -0.192811201433042, 51.41810758793445 ], [ -0.192393181267306, 51.41816768656934 ], [ -0.192414212483303, 51.418291811786695 ], [ -0.192972605126712, 51.418586511555581 ], [ -0.193194667748594, 51.419173031915115 ], [ -0.193198037993687, 51.419778456998372 ], [ -0.192385711043289, 51.419864205746833 ], [ -0.192702281544214, 51.420672210352301 ], [ -0.193034117258802, 51.420625119566417 ], [ -0.192908332399926, 51.420269295358842 ], [ -0.193501809576027, 51.420206376092978 ], [ -0.193464464932239, 51.420090491368228 ], [ -0.193809657962029, 51.420052570792834 ], [ -0.193858951094915, 51.420184363054233 ], [ -0.194122410429129, 51.420146492194618 ], [ -0.194091605122319, 51.420024157344926 ], [ -0.19511526786189, 51.419882643095825 ], [ -0.196567976235521, 51.419724223196269 ], [ -0.196719802991139, 51.419860212327194 ], [ -0.197342900333023, 51.419789868080819 ], [ -0.197332979148782, 51.419669164653271 ], [ -0.198788645520791, 51.419584098102781 ], [ -0.199358537798073, 51.419587614175946 ], [ -0.199404362728874, 51.41975472931351 ], [ -0.200342188666719, 51.419674789744235 ], [ -0.204142948007878, 51.420498321349982 ], [ -0.203952741114657, 51.420859677525804 ], [ -0.20311283032657, 51.420686943674205 ], [ -0.20273977319257, 51.421542109724633 ], [ -0.20321373015122, 51.421641098968585 ], [ -0.202820976370417, 51.421891591936806 ], [ -0.203585637611906, 51.422381592937057 ], [ -0.200424465716252, 51.424089914867672 ], [ -0.198477462650177, 51.424637605190995 ], [ -0.198646632749977, 51.424897038314882 ], [ -0.198888185582356, 51.424826560928338 ], [ -0.199029930416802, 51.425212819498661 ], [ -0.19793629719863, 51.427376659756035 ], [ -0.197964944099352, 51.427502932200433 ], [ -0.198674448283025, 51.427426676094917 ], [ -0.194899049893738, 51.432991925826784 ], [ -0.194500663737013, 51.431949199874701 ], [ -0.191342138089201, 51.429816876728552 ], [ -0.189517426656389, 51.430573679657527 ], [ -0.191369470479929, 51.432967638791922 ], [ -0.191539366036654, 51.433601821159705 ], [ -0.190739463275739, 51.434748190898695 ], [ -0.189941981757145, 51.436905826368708 ], [ -0.18977835842429, 51.438067409406791 ], [ -0.189404934996882, 51.438479534172778 ], [ -0.189911009317532, 51.438762799126849 ], [ -0.190664500781886, 51.438920565464144 ], [ -0.189846903678493, 51.44003832825193 ], [ -0.190182055831973, 51.440732797639086 ], [ -0.190146555226591, 51.441430535492181 ], [ -0.190622625987044, 51.44134518510252 ], [ -0.192124319904224, 51.439173756234297 ], [ -0.191828459173057, 51.43886838478727 ], [ -0.19237151833525, 51.438033242878639 ], [ -0.196024262535733, 51.436950592829348 ], [ -0.196977632460558, 51.436539356937871 ], [ -0.195793723441423, 51.434405966123997 ], [ -0.196758570410642, 51.434335573686788 ], [ -0.196941883630337, 51.433287583165487 ], [ -0.198489237457078, 51.432997981895745 ], [ -0.197931271948887, 51.431328354283913 ], [ -0.19815135456815, 51.429666923167019 ], [ -0.198639644954541, 51.428698796134796 ], [ -0.199849318270609, 51.427345359190255 ], [ -0.200341278631147, 51.42639383852184 ], [ -0.200772035903678, 51.426542089011988 ], [ -0.202903260368124, 51.424376512875313 ], [ -0.205264889486245, 51.422969818844464 ], [ -0.204951562463408, 51.42275081237544 ], [ -0.206240962918274, 51.421919572657735 ], [ -0.206611101567221, 51.422142283958848 ], [ -0.206872619156197, 51.421971647927087 ], [ -0.207248814960628, 51.422206126697539 ], [ -0.206745805960133, 51.422526215837827 ], [ -0.207111920919661, 51.422925950772942 ], [ -0.207744646646208, 51.422663735152554 ], [ -0.208246182459666, 51.423076294083479 ], [ -0.208766485019139, 51.422821526687486 ], [ -0.209322293691825, 51.423159567145056 ], [ -0.209750862119686, 51.422919117336257 ], [ -0.210378762051816, 51.422451419419048 ], [ -0.209842888996651, 51.422119422078474 ], [ -0.210118004601511, 51.421917247334157 ], [ -0.209914787338482, 51.421808007312144 ], [ -0.211099057163312, 51.420945548583148 ], [ -0.210366967057957, 51.420573705140988 ], [ -0.211197527742494, 51.420033753982608 ], [ -0.210392011344084, 51.419570376899117 ], [ -0.210086311906124, 51.419777981627327 ], [ -0.209358283683395, 51.419423554733896 ], [ -0.214220748378617, 51.416185236926076 ], [ -0.213872987264786, 51.415967664590347 ], [ -0.21057878052233, 51.41714912213714 ], [ -0.208940276683785, 51.417571949696537 ], [ -0.208200985153028, 51.416911371111034 ], [ -0.207928657950137, 51.417058661937155 ], [ -0.208059780334, 51.417543200620514 ], [ -0.207639937524973, 51.417235162875485 ], [ -0.20741468122578, 51.417445564583566 ], [ -0.207863859573086, 51.418264750177393 ], [ -0.207680018657316, 51.419474065304222 ], [ -0.20692866506161, 51.419301238161708 ], [ -0.20649411826269, 51.419755169447647 ], [ -0.205544610527098, 51.419123635175097 ], [ -0.205685393738157, 51.418980343951482 ], [ -0.204622382229745, 51.418481137988891 ], [ -0.204345824323459, 51.41817618341571 ], [ -0.203911733794763, 51.418343874363167 ], [ -0.203835739243932, 51.418226577021493 ], [ -0.203081126172967, 51.41836259042951 ], [ -0.203247943652554, 51.418704522953639 ], [ -0.20306551388726, 51.41876069035245 ], [ -0.20158631942501, 51.418995202101904 ], [ -0.201360088225103, 51.418613761971073 ], [ -0.200159904706587, 51.418855655876278 ], [ -0.19954969327597, 51.418758491627024 ], [ -0.199296816417203, 51.418225233715049 ], [ -0.199111688071725, 51.418243354499339 ], [ -0.199195105456639, 51.418538150214069 ], [ -0.198433998116947, 51.418672336199421 ], [ -0.194485861601595, 51.419024771632138 ], [ -0.194267779123804, 51.418620450786776 ], [ -0.194058920731215, 51.418641493769677 ], [ -0.19396186644827, 51.418269661380428 ], [ -0.19312386656875, 51.418220771975534 ], [ -0.192729774381217, 51.417573230586697 ], [ -0.192623461429524, 51.416851100139667 ], [ -0.1925927103867, 51.415439570960181 ], [ -0.192872650368164, 51.414950878391615 ], [ -0.192749693400186, 51.413869695926913 ], [ -0.19496493042423, 51.413530280796294 ], [ -0.1955932890057, 51.413309653306172 ], [ -0.195492060837148, 51.412776172572357 ], [ -0.195940473517708, 51.412709785641049 ], [ -0.195849737818154, 51.412421069497242 ], [ -0.192754179256245, 51.412789732970133 ], [ -0.192394896243324, 51.407551308645687 ], [ -0.192070057531169, 51.405927131260682 ], [ -0.192889686513871, 51.405870980723058 ], [ -0.192611010227517, 51.405043842395408 ], [ -0.191939863033054, 51.40512701242772 ], [ -0.191880050587518, 51.404784363621523 ], [ -0.192340693542629, 51.404752353175112 ], [ -0.192263128425135, 51.403693154835011 ], [ -0.192838221490694, 51.40342010235257 ], [ -0.194534190051135, 51.403946246805631 ], [ -0.194288314892941, 51.404452400765209 ], [ -0.194529507110102, 51.404531200664486 ], [ -0.194529095703417, 51.404984106453114 ], [ -0.194017074936948, 51.40502865267554 ], [ -0.194197156526809, 51.405944347111621 ], [ -0.194529343626261, 51.405930879514941 ], [ -0.194526083175357, 51.408021200806417 ], [ -0.194119398496448, 51.408325184451321 ], [ -0.194531627151213, 51.408531696729398 ], [ -0.194956209725381, 51.408217125191108 ], [ -0.194975187855397, 51.404668417537017 ], [ -0.195321567388651, 51.404776141938484 ], [ -0.19541916048307, 51.404667347033005 ], [ -0.195238280756622, 51.402184397690895 ], [ -0.197572130095868, 51.402248418707579 ], [ -0.197504495860987, 51.401701516968657 ], [ -0.197825677761522, 51.401668687903886 ], [ -0.197080498042818, 51.400373746948134 ], [ -0.197484817454862, 51.400090405141967 ], [ -0.197376839510095, 51.399957200427558 ], [ -0.197884262983721, 51.399745127806874 ], [ -0.19785935962367, 51.399503085784332 ], [ -0.198256907470882, 51.399373455629856 ], [ -0.198439813230296, 51.39953008616132 ], [ -0.198902894697913, 51.399361803946732 ], [ -0.199037382100163, 51.399504569135757 ], [ -0.199495762363319, 51.399366029996763 ] ], [ [ -0.188158611283291, 51.414809498136108 ], [ -0.186767883928319, 51.414863688292428 ], [ -0.186379285679515, 51.41413323128927 ], [ -0.18720235587358, 51.414121236714792 ], [ -0.187226169280261, 51.414318996936615 ], [ -0.187804965333651, 51.414465539331765 ], [ -0.187838546363411, 51.41430733576486 ], [ -0.188057450822347, 51.414299479645393 ], [ -0.188158611283291, 51.414809498136108 ] ] ] } }
]
}
